{"type":"FeatureCollection","features":[{"type":"Feature","geometry":{"type":"Polygon","coordinates":[[[-72.46271138,45.30743533],[-72.47502055,45.30732356],[-72.49050595,45.30754375],[-72.53513259,45.30744365],[-72.56103373,45.30724781],[-72.58799366,45.30731495],[-72.59366841,45.3072568],[-72.59402475,45.30296503],[-72.5934523,45.29898327],[-72.59425464,45.29709252],[-72.5948564,45.28351751],[-72.61007203,45.28410796],[-72.61036306,45.28641141],[-72.62118546,45.28707272],[-72.62180468,45.28038093],[-72.62334938,45.27567361],[-72.62399637,45.27138374],[-72.63249631,45.26742666],[-72.63414479,45.26331056],[-72.63294688,45.26151424],[-72.64967152,45.26201815],[-72.65019928,45.25142318],[-72.66439127,45.25326412],[-72.68376529,45.25414119],[-72.68394305,45.25301176],[-72.7318314,45.25501891],[-72.73118412,45.2671728],[-72.73084087,45.28543697],[-72.75467017,45.28585535],[-72.77852984,45.28663267],[-72.77889999,45.2705486],[-72.79933113,45.27057497],[-72.7987319,45.29966883],[-72.85072678,45.29898914],[-72.85202499,45.29185086],[-72.85346909,45.28987984],[-72.85262895,45.28654586],[-72.85547286,45.28438238],[-72.85764002,45.28587854],[-72.866285,45.28594885],[-72.87101898,45.28457033],[-72.87625836,45.28444058],[-72.88168052,45.26937209],[-72.88237841,45.26455297],[-72.88269981,45.2553253],[-72.88235183,45.22580402],[-72.87674194,45.22593968],[-72.85488472,45.22634122],[-72.83681347,45.22624371],[-72.80779454,45.22643474],[-72.80001372,45.22661982],[-72.78547446,45.22651652],[-72.78516878,45.23255657],[-72.78123814,45.23344583],[-72.78157011,45.22649968],[-72.73938555,45.22609699],[-72.71124384,45.22486969],[-72.68673725,45.22469118],[-72.6871421,45.20325674],[-72.68770221,45.1968049],[-72.69030385,45.1644245],[-72.65893218,45.1621757],[-72.64489444,45.16137107],[-72.61110563,45.16015171],[-72.58776667,45.15966096],[-72.56208811,45.15949551],[-72.49890975,45.15809901],[-72.47979267,45.15760323],[-72.47978164,45.15791006],[-72.40340395,45.15574757],[-72.40209175,45.21008817],[-72.40190934,45.22154991],[-72.40116905,45.23535013],[-72.40014935,45.30135647],[-72.39960446,45.30802652],[-72.41495611,45.30808396],[-72.46271138,45.30743533]]]},"properties":{"ADAIDU":"24460001","IDUGD":"2021S051624460001","SUPTERRE":411.3408,"PRIDU":"24"},"bbox":[-72.88269981,45.15574757,-72.39960446,45.30808396]},{"type":"Feature","geometry":{"type":"Polygon","coordinates":[[[-72.88237841,45.26455297],[-72.89408547,45.27297661],[-72.91254879,45.28663257],[-72.91359691,45.28945306],[-72.91216133,45.29031874],[-72.90948454,45.28808585],[-72.90576335,45.28776009],[-72.9111567,45.2910151],[-72.92318342,45.29994128],[-72.93025571,45.29954013],[-72.95147051,45.314937],[-72.97673429,45.33241091],[-72.98995359,45.34180552],[-72.98933149,45.33844514],[-72.990093,45.33612466],[-72.98922796,45.33405728],[-72.99481316,45.33756678],[-73.00964986,45.33752496],[-73.01035541,45.33015489],[-73.03384635,45.32562292],[-73.04622231,45.32607047],[-73.04886019,45.32531562],[-73.04781631,45.31125598],[-73.01768141,45.2904415],[-73.01428159,45.28935255],[-73.01476479,45.28243028],[-73.01614943,45.27222804],[-73.01649382,45.27249337],[-73.01745761,45.25306797],[-73.00356108,45.25316938],[-72.98428741,45.25355201],[-72.98226163,45.24950297],[-72.97956162,45.23990326],[-72.96050299,45.2402728],[-72.94660052,45.23978889],[-72.94918283,45.22476168],[-72.89105895,45.22575699],[-72.88235183,45.22580402],[-72.88269981,45.2553253],[-72.88237841,45.26455297]]]},"properties":{"ADAIDU":"24460003","IDUGD":"2021S051624460003","SUPTERRE":92.1179,"PRIDU":"24"},"bbox":[-73.04886019,45.22476168,-72.88235183,45.34180552]},{"type":"Feature","geometry":{"type":"Polygon","coordinates":[[[-72.47979267,45.15760323],[-72.49890975,45.15809901],[-72.56208811,45.15949551],[-72.58776667,45.15966096],[-72.61110563,45.16015171],[-72.64489444,45.16137107],[-72.65893218,45.1621757],[-72.69030385,45.1644245],[-72.68770221,45.1968049],[-72.70828177,45.19662496],[-72.71730891,45.19822231],[-72.72324843,45.19968921],[-72.72399461,45.1884904],[-72.74314042,45.18819879],[-72.74373741,45.183145],[-72.76163043,45.18347508],[-72.79985534,45.18374739],[-72.81822332,45.18364335],[-72.81799288,45.19177302],[-72.82643012,45.1919466],[-72.82617706,45.19863606],[-72.83099068,45.19888848],[-72.83111014,45.20167044],[-72.83729674,45.20183128],[-72.83681347,45.22624371],[-72.85488472,45.22634122],[-72.87674194,45.22593968],[-72.8773666,45.17226846],[-72.87797843,45.1509553],[-72.88858755,45.15019127],[-72.91070479,45.1511059],[-72.95373726,45.14994627],[-72.95392318,45.13923223],[-72.95395385,45.07575533],[-72.92837423,45.07570269],[-72.92841569,45.06902931],[-72.92792735,45.04256449],[-72.92816768,45.0233896],[-72.92845191,45.01515221],[-72.90145265,45.01575234],[-72.88000947,45.01600863],[-72.84830546,45.01669242],[-72.82063422,45.01628899],[-72.75025643,45.01566183],[-72.73357245,45.01583911],[-72.6918562,45.01550921],[-72.63461726,45.01472302],[-72.60415478,45.01313544],[-72.58219848,45.01129519],[-72.55540164,45.00806035],[-72.53079265,45.00782808],[-72.48580081,45.00871555],[-72.48378144,45.05030655],[-72.48315708,45.07822041],[-72.48135692,45.11387306],[-72.47979267,45.15760323]]]},"properties":{"ADAIDU":"24460004","IDUGD":"2021S051624460004","SUPTERRE":638.9931,"PRIDU":"24"},"bbox":[-72.95395385,45.00782808,-72.47979267,45.22634122]},{"type":"Feature","geometry":{"type":"Polygon","coordinates":[[[-72.83681347,45.22624371],[-72.83729674,45.20183128],[-72.83111014,45.20167044],[-72.83099068,45.19888848],[-72.82617706,45.19863606],[-72.82643012,45.1919466],[-72.81799288,45.19177302],[-72.81822332,45.18364335],[-72.79985534,45.18374739],[-72.76163043,45.18347508],[-72.74373741,45.183145],[-72.74314042,45.18819879],[-72.72399461,45.1884904],[-72.72324843,45.19968921],[-72.71730891,45.19822231],[-72.70828177,45.19662496],[-72.68770221,45.1968049],[-72.6871421,45.20325674],[-72.68673725,45.22469118],[-72.71124384,45.22486969],[-72.73938555,45.22609699],[-72.78157011,45.22649968],[-72.78123814,45.23344583],[-72.78516878,45.23255657],[-72.78547446,45.22651652],[-72.80001372,45.22661982],[-72.80779454,45.22643474],[-72.83681347,45.22624371]]]},"properties":{"ADAIDU":"24460005","IDUGD":"2021S051624460005","SUPTERRE":46.8746,"PRIDU":"24"},"bbox":[-72.83729674,45.183145,-72.68673725,45.23344583]},{"type":"Feature","geometry":{"type":"Polygon","coordinates":[[[-72.88235183,45.22580402],[-72.89105895,45.22575699],[-72.94918283,45.22476168],[-72.94660052,45.23978889],[-72.96050299,45.2402728],[-72.97956162,45.23990326],[-72.98226163,45.24950297],[-72.98428741,45.25355201],[-73.00356108,45.25316938],[-73.01745761,45.25306797],[-73.01649382,45.27249337],[-73.02654462,45.27971249],[-73.04608505,45.29274214],[-73.04834726,45.27859367],[-73.0498705,45.27611395],[-73.04988026,45.26705357],[-73.05851232,45.27301948],[-73.05919784,45.26556249],[-73.06353292,45.26783012],[-73.06404928,45.25934613],[-73.06544967,45.24461835],[-73.06809098,45.24685393],[-73.06873985,45.23056212],[-73.07017058,45.23103473],[-73.07385472,45.22858384],[-73.05783051,45.21419734],[-73.08340648,45.20088309],[-73.09158843,45.19640212],[-73.08679692,45.19215127],[-73.08570373,45.17183158],[-73.08614907,45.16155797],[-73.08534364,45.15108274],[-73.08493421,45.13985323],[-73.10123222,45.13974895],[-73.09951958,45.12501549],[-73.0971559,45.10154055],[-73.09832445,45.10023809],[-73.10615263,45.10424644],[-73.1071536,45.09706629],[-73.11540795,45.09676728],[-73.11558309,45.08773451],[-73.11523835,45.08194922],[-73.10405998,45.0818109],[-73.11153114,45.07302504],[-73.10733661,45.0727052],[-73.10019819,45.07099759],[-73.09674909,45.0720744],[-73.09490751,45.0702771],[-73.08724979,45.06672201],[-73.0814479,45.06303831],[-73.0784711,45.06032761],[-73.0770057,45.0575954],[-73.0779801,45.05459329],[-73.07644321,45.04779331],[-73.0762191,45.042051],[-73.07800849,45.0386379],[-73.0813934,45.0374534],[-73.0851164,45.03512721],[-73.08672989,45.0331263],[-73.0896662,45.0271614],[-73.09087,45.02027239],[-73.09000849,45.01832549],[-73.09080014,45.01532729],[-73.06606138,45.01597838],[-73.02334772,45.01530483],[-72.96707285,45.01421773],[-72.92845191,45.01515221],[-72.92816768,45.0233896],[-72.92792735,45.04256449],[-72.92841569,45.06902931],[-72.92837423,45.07570269],[-72.95395385,45.07575533],[-72.95392318,45.13923223],[-72.95373726,45.14994627],[-72.91070479,45.1511059],[-72.88858755,45.15019127],[-72.87797843,45.1509553],[-72.8773666,45.17226846],[-72.87674194,45.22593968],[-72.88235183,45.22580402]]]},"properties":{"ADAIDU":"24460006","IDUGD":"2021S051624460006","SUPTERRE":346.8183,"PRIDU":"24"},"bbox":[-73.11558309,45.01421773,-72.87674194,45.29274214]},{"type":"Feature","geometry":{"type":"Polygon","coordinates":[[[-72.58799366,45.30731495],[-72.587536,45.31904959],[-72.60456796,45.31964846],[-72.61212189,45.32118961],[-72.62492052,45.3268252],[-72.62535866,45.33079412],[-72.62150222,45.33332506],[-72.62946762,45.33736417],[-72.63588426,45.33866744],[-72.64394648,45.3424617],[-72.65120084,45.34359236],[-72.65554156,45.34635502],[-72.65940576,45.35162102],[-72.66686445,45.35215421],[-72.66747671,45.33785254],[-72.70493949,45.33968638],[-72.75635402,45.34104034],[-72.7620556,45.34143582],[-72.76400176,45.32879551],[-72.7738084,45.32871107],[-72.77366812,45.31366788],[-72.78408763,45.31364571],[-72.78442262,45.29986422],[-72.7987319,45.29966883],[-72.79933113,45.27057497],[-72.77889999,45.2705486],[-72.77852984,45.28663267],[-72.75467017,45.28585535],[-72.73084087,45.28543697],[-72.73118412,45.2671728],[-72.7318314,45.25501891],[-72.68394305,45.25301176],[-72.68376529,45.25414119],[-72.66439127,45.25326412],[-72.65019928,45.25142318],[-72.64967152,45.26201815],[-72.63294688,45.26151424],[-72.63414479,45.26331056],[-72.63249631,45.26742666],[-72.62399637,45.27138374],[-72.62334938,45.27567361],[-72.62180468,45.28038093],[-72.62118546,45.28707272],[-72.61036306,45.28641141],[-72.61007203,45.28410796],[-72.5948564,45.28351751],[-72.59425464,45.29709252],[-72.5934523,45.29898327],[-72.59402475,45.30296503],[-72.59366841,45.3072568],[-72.58799366,45.30731495]]]},"properties":{"ADAIDU":"24460007","IDUGD":"2021S051624460007","SUPTERRE":114.05,"PRIDU":"24"},"bbox":[-72.79933113,45.25142318,-72.587536,45.35215421]},{"type":"Feature","geometry":{"type":"Polygon","coordinates":[[[-72.74616215,45.4216417],[-72.74666497,45.43557443],[-72.73931492,45.43532668],[-72.73851637,45.43596764],[-72.73769534,45.44101855],[-72.73680205,45.44096017],[-72.7352408,45.451271],[-72.71118557,45.44900481],[-72.70052018,45.44867165],[-72.69932938,45.4572037],[-72.70184164,45.45724326],[-72.71575022,45.4576044],[-72.77438392,45.45781082],[-72.82012506,45.45663451],[-72.82124011,45.44805381],[-72.82483317,45.427959],[-72.83578855,45.3973727],[-72.84115242,45.38170859],[-72.84582,45.36843804],[-72.81296607,45.36839775],[-72.81674294,45.35507251],[-72.7803983,45.35470784],[-72.78046549,45.35964397],[-72.77891542,45.36142636],[-72.77694221,45.36662528],[-72.77465918,45.36759724],[-72.77487035,45.37018814],[-72.77278498,45.36873413],[-72.77051908,45.36943753],[-72.77016249,45.37109896],[-72.77227888,45.37564768],[-72.76810176,45.37797919],[-72.76470151,45.3786113],[-72.76104105,45.38101546],[-72.76205561,45.38326837],[-72.76004149,45.3860397],[-72.759399,45.38794402],[-72.75483046,45.38836743],[-72.75241528,45.38722287],[-72.74931801,45.38815919],[-72.7457865,45.39059259],[-72.74539679,45.39435132],[-72.77259267,45.39461918],[-72.78012254,45.40819183],[-72.76490889,45.4081647],[-72.76413021,45.41114362],[-72.75914142,45.40878028],[-72.75805228,45.40960859],[-72.74801686,45.4034652],[-72.74706155,45.40024029],[-72.73969229,45.40128911],[-72.73824931,45.4025672],[-72.73483333,45.40601854],[-72.72100357,45.40309658],[-72.71983724,45.40582549],[-72.720074,45.40851048],[-72.71837491,45.41463647],[-72.72219577,45.41464046],[-72.72434912,45.40968204],[-72.73321426,45.40837192],[-72.7398358,45.40970023],[-72.7412919,45.40741381],[-72.75419198,45.4146316],[-72.75571316,45.41621874],[-72.75352636,45.42167721],[-72.74616215,45.4216417]]]},"properties":{"ADAIDU":"24470002","IDUGD":"2021S051624470002","SUPTERRE":68.002,"PRIDU":"24"},"bbox":[-72.84582,45.35470784,-72.69932938,45.45781082]},{"type":"Feature","geometry":{"type":"Polygon","coordinates":[[[-72.72100357,45.40309658],[-72.72312271,45.39848104],[-72.71982188,45.39687752],[-72.71775645,45.39735437],[-72.70980241,45.39642996],[-72.70522236,45.39769461],[-72.69283627,45.40320118],[-72.68472782,45.40647334],[-72.68202423,45.40701463],[-72.67989039,45.40112819],[-72.6767951,45.39995179],[-72.67172351,45.40138529],[-72.67146097,45.40252005],[-72.6679113,45.40429262],[-72.66583065,45.40376537],[-72.66447193,45.4063515],[-72.66440923,45.42056026],[-72.66393396,45.43310374],[-72.66280881,45.44709385],[-72.70052018,45.44867165],[-72.71118557,45.44900481],[-72.7352408,45.451271],[-72.73680205,45.44096017],[-72.73769534,45.44101855],[-72.73851637,45.43596764],[-72.73931492,45.43532668],[-72.74666497,45.43557443],[-72.74616215,45.4216417],[-72.71660603,45.42150522],[-72.71837491,45.41463647],[-72.720074,45.40851048],[-72.71983724,45.40582549],[-72.72100357,45.40309658]]]},"properties":{"ADAIDU":"24470003","IDUGD":"2021S051624470003","SUPTERRE":26.8567,"PRIDU":"24"},"bbox":[-72.74666497,45.39642996,-72.66280881,45.451271]},{"type":"Feature","geometry":{"type":"Polygon","coordinates":[[[-72.46180473,45.38312813],[-72.49123287,45.38511591],[-72.49000927,45.38108405],[-72.4978073,45.38121351],[-72.49577825,45.36827331],[-72.52480811,45.36949912],[-72.52480152,45.3760599],[-72.53418193,45.37683622],[-72.53524364,45.38820167],[-72.55561595,45.38946852],[-72.57565438,45.39051539],[-72.59070999,45.39183465],[-72.60236999,45.39315704],[-72.59768795,45.40391496],[-72.63454703,45.40558435],[-72.63454919,45.41852034],[-72.66440923,45.42056026],[-72.66447193,45.4063515],[-72.66508582,45.39699332],[-72.66487254,45.39193428],[-72.6653419,45.38048548],[-72.66625733,45.36623843],[-72.66618731,45.35907929],[-72.66686445,45.35215421],[-72.65940576,45.35162102],[-72.65554156,45.34635502],[-72.65120084,45.34359236],[-72.64394648,45.3424617],[-72.63588426,45.33866744],[-72.62946762,45.33736417],[-72.62150222,45.33332506],[-72.62535866,45.33079412],[-72.62492052,45.3268252],[-72.61212189,45.32118961],[-72.60456796,45.31964846],[-72.587536,45.31904959],[-72.58799366,45.30731495],[-72.56103373,45.30724781],[-72.53513259,45.30744365],[-72.49050595,45.30754375],[-72.47502055,45.30732356],[-72.46271138,45.30743533],[-72.46249748,45.32068001],[-72.46421504,45.33133651],[-72.46477276,45.35451338],[-72.46350189,45.36330813],[-72.46302091,45.3751782],[-72.46180473,45.38312813]]]},"properties":{"ADAIDU":"24470004","IDUGD":"2021S051624470004","SUPTERRE":130.2237,"PRIDU":"24"},"bbox":[-72.66686445,45.30724781,-72.46180473,45.42056026]},{"type":"Feature","geometry":{"type":"Polygon","coordinates":[[[-72.71837491,45.41463647],[-72.71660603,45.42150522],[-72.74616215,45.4216417],[-72.75352636,45.42167721],[-72.75571316,45.41621874],[-72.75419198,45.4146316],[-72.7412919,45.40741381],[-72.7398358,45.40970023],[-72.73321426,45.40837192],[-72.72434912,45.40968204],[-72.72219577,45.41464046],[-72.71837491,45.41463647]]]},"properties":{"ADAIDU":"24470005","IDUGD":"2021S051624470005","SUPTERRE":3.5485,"PRIDU":"24"},"bbox":[-72.75571316,45.40741381,-72.71660603,45.42167721]},{"type":"Feature","geometry":{"type":"Polygon","coordinates":[[[-72.66686445,45.35215421],[-72.66618731,45.35907929],[-72.66625733,45.36623843],[-72.6653419,45.38048548],[-72.66487254,45.39193428],[-72.66508582,45.39699332],[-72.66447193,45.4063515],[-72.66583065,45.40376537],[-72.6679113,45.40429262],[-72.67146097,45.40252005],[-72.67172351,45.40138529],[-72.6767951,45.39995179],[-72.67989039,45.40112819],[-72.68202423,45.40701463],[-72.68472782,45.40647334],[-72.69283627,45.40320118],[-72.70522236,45.39769461],[-72.70980241,45.39642996],[-72.71775645,45.39735437],[-72.71982188,45.39687752],[-72.71548293,45.39080539],[-72.71071227,45.38683799],[-72.71000483,45.38443466],[-72.71042235,45.38051857],[-72.70772257,45.36709537],[-72.7101782,45.35259959],[-72.71110483,45.34508022],[-72.70954978,45.34281499],[-72.70715755,45.34300388],[-72.70493949,45.33968638],[-72.66747671,45.33785254],[-72.66686445,45.35215421]]]},"properties":{"ADAIDU":"24470006","IDUGD":"2021S051624470006","SUPTERRE":23.4987,"PRIDU":"24"},"bbox":[-72.71982188,45.33785254,-72.66447193,45.40701463]},{"type":"Feature","geometry":{"type":"Polygon","coordinates":[[[-72.70493949,45.33968638],[-72.70715755,45.34300388],[-72.70954978,45.34281499],[-72.71110483,45.34508022],[-72.7101782,45.35259959],[-72.70772257,45.36709537],[-72.71042235,45.38051857],[-72.71000483,45.38443466],[-72.71071227,45.38683799],[-72.71548293,45.39080539],[-72.71982188,45.39687752],[-72.72312271,45.39848104],[-72.72100357,45.40309658],[-72.73483333,45.40601854],[-72.73824931,45.4025672],[-72.73624404,45.39548065],[-72.73486365,45.39495722],[-72.73550879,45.38900133],[-72.73933567,45.38662864],[-72.74641502,45.3811503],[-72.7509674,45.37874993],[-72.75740159,45.38377651],[-72.75816013,45.3862222],[-72.76004149,45.3860397],[-72.76205561,45.38326837],[-72.76104105,45.38101546],[-72.76470151,45.3786113],[-72.76810176,45.37797919],[-72.77227888,45.37564768],[-72.77016249,45.37109896],[-72.77051908,45.36943753],[-72.77278498,45.36873413],[-72.77487035,45.37018814],[-72.77465918,45.36759724],[-72.77694221,45.36662528],[-72.77891542,45.36142636],[-72.78046549,45.35964397],[-72.7803983,45.35470784],[-72.75462249,45.35424169],[-72.75635402,45.34104034],[-72.70493949,45.33968638]]]},"properties":{"ADAIDU":"24470007","IDUGD":"2021S051624470007","SUPTERRE":25.2276,"PRIDU":"24"},"bbox":[-72.78046549,45.33968638,-72.70493949,45.40601854]},{"type":"Feature","geometry":{"type":"Polygon","coordinates":[[[-72.74539679,45.39435132],[-72.74706155,45.40024029],[-72.74801686,45.4034652],[-72.75805228,45.40960859],[-72.75914142,45.40878028],[-72.76413021,45.41114362],[-72.76490889,45.4081647],[-72.78012254,45.40819183],[-72.77259267,45.39461918],[-72.74539679,45.39435132]]]},"properties":{"ADAIDU":"24470008","IDUGD":"2021S051624470008","SUPTERRE":3.4091,"PRIDU":"24"},"bbox":[-72.78012254,45.39435132,-72.74539679,45.41114362]},{"type":"Feature","geometry":{"type":"Polygon","coordinates":[[[-72.74706155,45.40024029],[-72.74539679,45.39435132],[-72.7457865,45.39059259],[-72.74931801,45.38815919],[-72.75241528,45.38722287],[-72.75483046,45.38836743],[-72.759399,45.38794402],[-72.76004149,45.3860397],[-72.75816013,45.3862222],[-72.75740159,45.38377651],[-72.7509674,45.37874993],[-72.74641502,45.3811503],[-72.73933567,45.38662864],[-72.73550879,45.38900133],[-72.73486365,45.39495722],[-72.73624404,45.39548065],[-72.73824931,45.4025672],[-72.73969229,45.40128911],[-72.74706155,45.40024029]]]},"properties":{"ADAIDU":"24470009","IDUGD":"2021S051624470009","SUPTERRE":2.1434,"PRIDU":"24"},"bbox":[-72.76004149,45.37874993,-72.73486365,45.4025672]},{"type":"Feature","geometry":{"type":"Polygon","coordinates":[[[-72.7987319,45.29966883],[-72.78442262,45.29986422],[-72.78408763,45.31364571],[-72.77366812,45.31366788],[-72.7738084,45.32871107],[-72.76400176,45.32879551],[-72.7620556,45.34143582],[-72.75635402,45.34104034],[-72.75462249,45.35424169],[-72.7803983,45.35470784],[-72.81674294,45.35507251],[-72.81296607,45.36839775],[-72.84582,45.36843804],[-72.8523068,45.35062317],[-72.85674925,45.33785026],[-72.86371067,45.31860644],[-72.87151746,45.29638815],[-72.87625836,45.28444058],[-72.87101898,45.28457033],[-72.866285,45.28594885],[-72.85764002,45.28587854],[-72.85547286,45.28438238],[-72.85262895,45.28654586],[-72.85346909,45.28987984],[-72.85202499,45.29185086],[-72.85072678,45.29898914],[-72.7987319,45.29966883]]]},"properties":{"ADAIDU":"24470010","IDUGD":"2021S051624470010","SUPTERRE":50.123,"PRIDU":"24"},"bbox":[-72.87625836,45.28438238,-72.75462249,45.36843804]},{"type":"Feature","geometry":{"type":"Polygon","coordinates":[[[-72.70052018,45.44867165],[-72.66280881,45.44709385],[-72.66393396,45.43310374],[-72.66440923,45.42056026],[-72.63454919,45.41852034],[-72.63454703,45.40558435],[-72.59768795,45.40391496],[-72.5961403,45.41563323],[-72.59571055,45.42209179],[-72.5950324,45.4415487],[-72.59512099,45.45672911],[-72.5939678,45.47206281],[-72.58011042,45.47160667],[-72.57933604,45.48433007],[-72.57933727,45.49811237],[-72.58637356,45.4984756],[-72.58542146,45.51110544],[-72.58368793,45.52325807],[-72.58436198,45.52545622],[-72.6061115,45.52602648],[-72.60701485,45.5376245],[-72.62052015,45.53789894],[-72.66222401,45.53879194],[-72.67618476,45.53881208],[-72.67559852,45.53095061],[-72.69096484,45.53132682],[-72.69084719,45.52384673],[-72.68950338,45.50972508],[-72.69212004,45.48219425],[-72.69277951,45.47009719],[-72.70102218,45.46993992],[-72.70184164,45.45724326],[-72.69932938,45.4572037],[-72.70052018,45.44867165]]]},"properties":{"ADAIDU":"24472000","IDUGD":"2021S051624472000","SUPTERRE":97.6366,"PRIDU":"24"},"bbox":[-72.70184164,45.40391496,-72.57933604,45.53881208]},{"type":"Feature","geometry":{"type":"Polygon","coordinates":[[[-72.45467899,45.45087281],[-72.45037904,45.47959064],[-72.44863319,45.4942605],[-72.48005795,45.49449438],[-72.51356673,45.4955306],[-72.57933727,45.49811237],[-72.57933604,45.48433007],[-72.58011042,45.47160667],[-72.5939678,45.47206281],[-72.59512099,45.45672911],[-72.5950324,45.4415487],[-72.59571055,45.42209179],[-72.5961403,45.41563323],[-72.59768795,45.40391496],[-72.60236999,45.39315704],[-72.59070999,45.39183465],[-72.57565438,45.39051539],[-72.55561595,45.38946852],[-72.53524364,45.38820167],[-72.53418193,45.37683622],[-72.52480152,45.3760599],[-72.52480811,45.36949912],[-72.49577825,45.36827331],[-72.4978073,45.38121351],[-72.49000927,45.38108405],[-72.49123287,45.38511591],[-72.46180473,45.38312813],[-72.46030817,45.39290722],[-72.45831908,45.42558124],[-72.45554981,45.44384256],[-72.45467899,45.45087281]]]},"properties":{"ADAIDU":"24472001","IDUGD":"2021S051624472001","SUPTERRE":132.3737,"PRIDU":"24"},"bbox":[-72.60236999,45.36827331,-72.44863319,45.49811237]},{"type":"Feature","geometry":{"type":"Polygon","coordinates":[[[-72.70184164,45.45724326],[-72.70102218,45.46993992],[-72.69277951,45.47009719],[-72.69212004,45.48219425],[-72.68950338,45.50972508],[-72.69084719,45.52384673],[-72.72497798,45.52453673],[-72.74011934,45.52445828],[-72.7731629,45.5250615],[-72.77291807,45.53553524],[-72.77134862,45.5384011],[-72.78844865,45.53843556],[-72.79982537,45.53775859],[-72.8082529,45.51183491],[-72.80930783,45.50605147],[-72.81228864,45.49979068],[-72.81410974,45.48976939],[-72.8149254,45.48306257],[-72.8171996,45.4727552],[-72.82012506,45.45663451],[-72.77438392,45.45781082],[-72.71575022,45.4576044],[-72.70184164,45.45724326]]]},"properties":{"ADAIDU":"24472002","IDUGD":"2021S051624472002","SUPTERRE":72.96,"PRIDU":"24"},"bbox":[-72.82012506,45.45663451,-72.68950338,45.53843556]},{"type":"Feature","geometry":{"type":"Polygon","coordinates":[[[-72.31440105,45.59707234],[-72.35069697,45.61846028],[-72.37571847,45.63299888],[-72.39732422,45.64587345],[-72.41948056,45.6587599],[-72.45621959,45.68054731],[-72.46838283,45.6879429],[-72.48146527,45.69557859],[-72.49646114,45.7046223],[-72.54741929,45.7346974],[-72.57793922,45.75251437],[-72.56272566,45.7649923],[-72.57737535,45.77446225],[-72.57810378,45.77532666],[-72.57578254,45.77723776],[-72.60188568,45.7923586],[-72.60810973,45.78747281],[-72.61825595,45.77888154],[-72.64609402,45.75585684],[-72.68016345,45.77548715],[-72.70444443,45.75911128],[-72.68809088,45.74776911],[-72.68257235,45.74368918],[-72.68585574,45.73156618],[-72.68864638,45.72418358],[-72.69255183,45.71029744],[-72.70097885,45.68381222],[-72.70834601,45.66501113],[-72.71032923,45.65533763],[-72.71383544,45.645435],[-72.71951909,45.62821009],[-72.73009827,45.59756836],[-72.71353493,45.59714198],[-72.71143213,45.59686296],[-72.71107263,45.6053463],[-72.6722417,45.60500492],[-72.65393674,45.60506554],[-72.65307956,45.6109183],[-72.65655498,45.61488523],[-72.65671464,45.62112244],[-72.65200578,45.62169139],[-72.64722973,45.62434472],[-72.64677281,45.62751499],[-72.65236465,45.63300136],[-72.65162195,45.6475263],[-72.65158556,45.65910801],[-72.59541975,45.65869096],[-72.57672508,45.65908592],[-72.5759378,45.67218666],[-72.54816147,45.6726014],[-72.5261539,45.67274272],[-72.52297068,45.67294484],[-72.48505501,45.6732933],[-72.47137112,45.67356616],[-72.47132709,45.65891554],[-72.47205668,45.64392557],[-72.47335024,45.63027515],[-72.49555194,45.63024774],[-72.49573124,45.61670703],[-72.49663438,45.60410645],[-72.54058231,45.60475015],[-72.5419818,45.60441096],[-72.59750264,45.60475286],[-72.61583927,45.60509573],[-72.61737662,45.5907758],[-72.61831103,45.57882835],[-72.61922961,45.57083744],[-72.62077854,45.56567344],[-72.61888622,45.55284575],[-72.62052015,45.53789894],[-72.60701485,45.5376245],[-72.6061115,45.52602648],[-72.58436198,45.52545622],[-72.58368793,45.52325807],[-72.58542146,45.51110544],[-72.58637356,45.4984756],[-72.57933727,45.49811237],[-72.51356673,45.4955306],[-72.48005795,45.49449438],[-72.44863319,45.4942605],[-72.45037904,45.47959064],[-72.45467899,45.45087281],[-72.43982971,45.45044764],[-72.42036789,45.44963043],[-72.40389189,45.44919725],[-72.40434399,45.46998622],[-72.40507113,45.48081404],[-72.40514148,45.4945087],[-72.40487961,45.5039012],[-72.40232496,45.52826358],[-72.39570595,45.52846891],[-72.37860762,45.52970987],[-72.37849456,45.547401],[-72.37810595,45.5664504],[-72.36076321,45.56731757],[-72.35969105,45.58890791],[-72.35063393,45.58891886],[-72.35018962,45.59424264],[-72.34418471,45.5939731],[-72.34359582,45.59843729],[-72.31440105,45.59707234]]]},"properties":{"ADAIDU":"24480001","IDUGD":"2021S051624480001","SUPTERRE":488.6354,"PRIDU":"24"},"bbox":[-72.73009827,45.44919725,-72.31440105,45.7923586]},{"type":"Feature","geometry":{"type":"Polygon","coordinates":[[[-72.65393674,45.60506554],[-72.63620048,45.60540347],[-72.61583927,45.60509573],[-72.59750264,45.60475286],[-72.5419818,45.60441096],[-72.54058231,45.60475015],[-72.49663438,45.60410645],[-72.49573124,45.61670703],[-72.49555194,45.63024774],[-72.47335024,45.63027515],[-72.47205668,45.64392557],[-72.47132709,45.65891554],[-72.47137112,45.67356616],[-72.48505501,45.6732933],[-72.52297068,45.67294484],[-72.5261539,45.67274272],[-72.54816147,45.6726014],[-72.5759378,45.67218666],[-72.57672508,45.65908592],[-72.59541975,45.65869096],[-72.65158556,45.65910801],[-72.65162195,45.6475263],[-72.65236465,45.63300136],[-72.64677281,45.62751499],[-72.64722973,45.62434472],[-72.65200578,45.62169139],[-72.65671464,45.62112244],[-72.65655498,45.61488523],[-72.65307956,45.6109183],[-72.65393674,45.60506554]]]},"properties":{"ADAIDU":"24480002","IDUGD":"2021S051624480002","SUPTERRE":91.006,"PRIDU":"24"},"bbox":[-72.65671464,45.60410645,-72.47132709,45.67356616]},{"type":"Feature","geometry":{"type":"MultiPolygon","coordinates":[[[[-72.99887481,46.12701469],[-72.99881209,46.12822011],[-73.00171901,46.127306],[-72.99887481,46.12701469]]],[[[-73.0748156,46.10926451],[-73.07564449,46.10575851],[-73.07473811,46.10419861],[-73.0748156,46.10926451]]],[[[-72.9854695,46.12969939],[-72.98918489,46.1295631],[-72.98982472,46.1275415],[-72.9854695,46.12969939]]],[[[-73.1578421,46.0649515],[-73.16113079,46.06193809],[-73.15911422,46.0619771],[-73.1578421,46.0649515]]],[[[-72.99517059,46.12595469],[-72.9908853,46.1276002],[-72.99037689,46.12940639],[-72.99367531,46.1281435],[-72.99517059,46.12595469]]],[[[-73.07322941,46.1270556],[-73.07628219,46.12550141],[-73.07463568,46.1208706],[-73.07448691,46.1250718],[-73.07322941,46.1270556]]],[[[-73.15674369,46.05863191],[-73.1570272,46.06086419],[-73.16129569,46.05819569],[-73.16155269,46.05633391],[-73.16375549,46.05538659],[-73.16335141,46.05382889],[-73.15995779,46.0550875],[-73.15629741,46.05767679],[-73.15674369,46.05863191]]],[[[-72.99882371,46.1554734],[-73.00205249,46.15348099],[-73.00053852,46.1519718],[-72.99677061,46.1506147],[-72.99467749,46.1529808],[-72.99608529,46.1547865],[-72.99882371,46.1554734]]],[[[-73.027404,46.1380861],[-73.0287572,46.14029599],[-73.03443678,46.1390507],[-73.03267081,46.13667711],[-73.03121949,46.13688719],[-73.02504919,46.13498129],[-73.027404,46.1380861]]],[[[-73.00175901,46.15301191],[-73.00791481,46.14940361],[-73.00362911,46.1480355],[-72.9991726,46.14555971],[-73.00344979,46.14926729],[-72.99738282,46.15019449],[-72.998865,46.15092979],[-73.00052621,46.15189089],[-73.00175901,46.15301191]]],[[[-73.00321179,46.1239115],[-73.00406639,46.12528281],[-73.0139315,46.12032261],[-73.00899548,46.1210303],[-73.00533511,46.1208976],[-73.00097031,46.1228041],[-73.00321179,46.1239115]]],[[[-73.0068271,46.12043619],[-73.0083902,46.1207129],[-73.01912442,46.11831119],[-73.0237743,46.11772779],[-73.01883469,46.11591659],[-73.01678131,46.1169787],[-73.00757139,46.1196745],[-73.0068271,46.12043619]]],[[[-72.987189,46.1619449],[-72.99469051,46.1586492],[-72.99905351,46.15583429],[-72.99337061,46.1543246],[-72.99225199,46.1577027],[-72.98663619,46.1615105],[-72.987189,46.1619449]]],[[[-73.06590479,46.12381589],[-73.0646765,46.12534081],[-73.0702083,46.124498],[-73.07186841,46.12568291],[-73.07387191,46.12428681],[-73.07254099,46.11734469],[-73.06590479,46.12381589]]],[[[-73.04888991,46.1348259],[-73.04244849,46.13906501],[-73.03279768,46.14308391],[-73.0388548,46.14162389],[-73.04877759,46.13748871],[-73.05436701,46.1345145],[-73.06076109,46.1327937],[-73.05831911,46.13067879],[-73.04779109,46.1346776],[-73.04888991,46.1348259]]],[[[-72.9810504,46.1193413],[-72.9809083,46.12206691],[-72.98285802,46.1197544],[-72.9873977,46.1185422],[-72.99142369,46.11830829],[-72.99179361,46.12028931],[-72.98942381,46.1219073],[-72.9899176,46.1230791],[-72.99243949,46.1218128],[-72.9969222,46.11691101],[-72.99485958,46.1161011],[-72.98682448,46.1161823],[-72.98326979,46.117219],[-72.9810504,46.1193413]]],[[[-73.0292458,46.11637389],[-73.03533932,46.1148422],[-73.03845652,46.11183169],[-73.0374937,46.110946],[-73.0256496,46.11177019],[-73.01978301,46.1139952],[-73.0198375,46.115174],[-73.02756449,46.11327169],[-73.02828451,46.1137966],[-73.02204701,46.1154893],[-73.0238827,46.11564981],[-73.03046841,46.1140846],[-73.03039608,46.114984],[-73.02484672,46.1164006],[-73.0292458,46.11637389]]],[[[-73.0616106,46.13175319],[-73.06658579,46.13101641],[-73.07223652,46.1282755],[-73.0723276,46.12653031],[-73.06853661,46.1248066],[-73.06425561,46.1261939],[-73.05796169,46.13006561],[-73.0616106,46.13175319]]],[[[-73.06625389,46.0892039],[-73.07135819,46.08967299],[-73.07485332,46.08751771],[-73.07740861,46.08311829],[-73.08384431,46.07840931],[-73.08274129,46.0772266],[-73.07810879,46.0777494],[-73.07275091,46.08347891],[-73.06625389,46.0892039]]],[[[-73.0028101,46.1469972],[-73.00724688,46.14880691],[-73.01594359,46.1446693],[-73.02755761,46.1413169],[-73.02794208,46.14025671],[-73.0259817,46.13641569],[-73.02257391,46.1353758],[-73.02181609,46.13619141],[-73.02466251,46.1378138],[-73.02098111,46.13847329],[-73.0224811,46.14011699],[-73.01415731,46.1432131],[-73.0119464,46.1429158],[-73.00716141,46.1467911],[-73.0028101,46.1469972]]],[[[-73.07857499,46.12179391],[-73.0771622,46.12717821],[-73.08364101,46.1243228],[-73.09125811,46.11791709],[-73.0927171,46.1148091],[-73.0908132,46.11160819],[-73.086389,46.1133108],[-73.08542769,46.11556569],[-73.0827442,46.11800329],[-73.07954991,46.11950311],[-73.07857499,46.12179391]]],[[[-73.0331772,46.13648129],[-73.03603661,46.13813051],[-73.04149471,46.1354622],[-73.04367329,46.1333745],[-73.04546509,46.12952179],[-73.045105,46.12611031],[-73.042209,46.1242273],[-73.03936978,46.1202211],[-73.03836261,46.11688789],[-73.0355388,46.11728131],[-73.03488811,46.12234431],[-73.0363716,46.12596731],[-73.03485479,46.12784161],[-73.03072851,46.13068589],[-73.02898381,46.133459],[-73.03212052,46.132887],[-73.03156572,46.13420739],[-73.03523342,46.13206289],[-73.0343375,46.13393981],[-73.03067818,46.1350854],[-73.03031819,46.1363346],[-73.0331772,46.13648129]]],[[[-72.9950339,46.13383591],[-72.99542551,46.13489029],[-73.0006607,46.13272691],[-73.00759102,46.1320011],[-73.0093026,46.13016411],[-73.01504831,46.13165521],[-73.01392611,46.12828539],[-73.01583341,46.126242],[-73.01918679,46.12602229],[-73.0199398,46.12870669],[-73.0235309,46.1294595],[-73.02799801,46.12916311],[-73.02726502,46.13164339],[-73.02375762,46.1331764],[-73.0270237,46.13413459],[-73.02873989,46.13320599],[-73.03082569,46.12991259],[-73.03551619,46.1261348],[-73.03462881,46.12240619],[-73.03527769,46.11755019],[-73.0172125,46.1209394],[-73.00870551,46.1245471],[-72.99967382,46.13024829],[-72.9950339,46.13383591]]],[[[-72.99999998,46.16333141],[-73.0079973,46.16339491],[-73.01003901,46.16385359],[-73.01827498,46.15934491],[-73.03967751,46.15474551],[-73.04516171,46.15223911],[-73.04009051,46.1486738],[-73.03215359,46.14730109],[-73.02406142,46.14750149],[-73.02005211,46.14854651],[-73.01552802,46.15073169],[-73.02140609,46.14916399],[-73.02434771,46.1503189],[-73.01431519,46.15321891],[-73.007136,46.15688611],[-73.0135677,46.1572375],[-73.0137695,46.1578502],[-73.0061462,46.15752961],[-73.00017271,46.1609137],[-72.99999998,46.16333141]]],[[[-73.04847452,46.1318101],[-73.05103868,46.12841021],[-73.05116761,46.12687211],[-73.05377871,46.12562269],[-73.0550737,46.12871391],[-73.05346351,46.1310109],[-73.06190709,46.1269947],[-73.07029809,46.1179482],[-73.06701469,46.1225334],[-73.07255619,46.11704791],[-73.07178029,46.11533549],[-73.07294049,46.10750301],[-73.0720024,46.1016871],[-73.07376901,46.09231831],[-73.06586948,46.09204561],[-73.06418181,46.09288502],[-73.06115291,46.09648141],[-73.05088962,46.1069416],[-73.0451817,46.1120566],[-73.04675019,46.11168489],[-73.04372229,46.11490299],[-73.041597,46.120014],[-73.0425506,46.1220423],[-73.04758148,46.12709191],[-73.04745761,46.13114921],[-73.04847452,46.1318101]]],[[[-73.17289061,46.04993289],[-73.16558001,46.05714649],[-73.16244148,46.0631836],[-73.15759328,46.0696565],[-73.1565793,46.07264959],[-73.1576452,46.0737865],[-73.15729612,46.0800747],[-73.15961289,46.07546589],[-73.15999578,46.0762588],[-73.15772991,46.08100269],[-73.15473171,46.0849256],[-73.1456541,46.0910432],[-73.14038389,46.0961013],[-73.13296529,46.1011883],[-73.12257328,46.1134091],[-73.1183119,46.1216455],[-73.1212254,46.11943289],[-73.13020381,46.11570131],[-73.1347689,46.11206309],[-73.13478859,46.1130078],[-73.13969868,46.1099553],[-73.1476158,46.10384371],[-73.1398487,46.11076549],[-73.1360933,46.1132999],[-73.13811261,46.1131354],[-73.1464169,46.10929239],[-73.1503933,46.1064615],[-73.15520589,46.1001328],[-73.15722689,46.09542429],[-73.16082211,46.0891187],[-73.16162271,46.08903173],[-73.16188157,46.08856964],[-73.16102021,46.08843551],[-73.16183599,46.08401109],[-73.16298206,46.08457551],[-73.16794158,46.07585732],[-73.17015691,46.06935215],[-73.17355608,46.06633189],[-73.17568991,46.05986031],[-73.17591779,46.0530462],[-73.17481538,46.05063722],[-73.17289061,46.04993289]]],[[[-73.07518629,46.11825439],[-73.07687411,46.1208698],[-73.08337381,46.11687181],[-73.08596571,46.1128234],[-73.09043322,46.1105092],[-73.0942067,46.10574489],[-73.0995821,46.10296571],[-73.1054483,46.10201441],[-73.11325609,46.09711941],[-73.1158843,46.0948699],[-73.12365449,46.0895063],[-73.1258954,46.0870393],[-73.12766799,46.07919019],[-73.12774369,46.07563649],[-73.12951761,46.0713594],[-73.1342048,46.0702138],[-73.14354779,46.06470081],[-73.14656451,46.06189401],[-73.1510975,46.06042329],[-73.15363112,46.0583076],[-73.15427009,46.05531331],[-73.14819499,46.0554748],[-73.13864588,46.0572355],[-73.12246751,46.0606922],[-73.11723168,46.06271731],[-73.1090043,46.06737719],[-73.0993058,46.0714644],[-73.09020932,46.079611],[-73.0820201,46.0837022],[-73.07777771,46.09065961],[-73.07618911,46.09208441],[-73.07502868,46.0966868],[-73.07468211,46.10306469],[-73.07557192,46.10173639],[-73.07491349,46.09988041],[-73.07520649,46.09710131],[-73.07658989,46.09379541],[-73.0753682,46.09962121],[-73.0785797,46.09232711],[-73.0765361,46.0991217],[-73.07643969,46.1066522],[-73.07462339,46.11406841],[-73.07518629,46.11825439]]],[[[-73.03898759,46.14587121],[-73.04413821,46.14917591],[-73.0475197,46.15042201],[-73.05394579,46.14981739],[-73.06669089,46.14567369],[-73.07956801,46.1409441],[-73.10039961,46.13481961],[-73.10680028,46.1319806],[-73.1119265,46.12809329],[-73.1193952,46.11088819],[-73.11918038,46.11391061],[-73.12096921,46.11150521],[-73.12231899,46.10708301],[-73.12679158,46.1037056],[-73.13028319,46.099965],[-73.13606009,46.094747],[-73.14295371,46.0906839],[-73.14722331,46.08627939],[-73.15089961,46.08361839],[-73.1529422,46.0795577],[-73.1533708,46.0750962],[-73.15541951,46.06789541],[-73.15558322,46.0623534],[-73.15493782,46.06016509],[-73.14869731,46.0618646],[-73.14338221,46.06631989],[-73.13570001,46.07088441],[-73.1314937,46.07161769],[-73.1291695,46.0750652],[-73.1290864,46.0797617],[-73.1274829,46.08748539],[-73.11386428,46.098921],[-73.10980631,46.1003108],[-73.1058935,46.10305961],[-73.10250938,46.1041906],[-73.09935601,46.10382871],[-73.0959271,46.10576011],[-73.09233212,46.1108848],[-73.09325319,46.11403731],[-73.09214831,46.11826219],[-73.0892667,46.12125689],[-73.08473769,46.1247496],[-73.0788785,46.12781431],[-73.075456,46.1286294],[-73.07294239,46.13070751],[-73.07408909,46.1313685],[-73.06876972,46.1330851],[-73.0572404,46.1360822],[-73.04855651,46.14078979],[-73.04306139,46.14320631],[-73.0498604,46.14119989],[-73.04446808,46.1437158],[-73.03816769,46.14485121],[-73.03898759,46.14587121]]],[[[-73.33336478,46.49844115],[-73.36153476,46.5200437],[-73.36502003,46.52087365],[-73.36824362,46.52328441],[-73.45538462,46.58621207],[-73.56293555,46.51784942],[-73.52789763,46.49389707],[-73.51799679,46.48753923],[-73.49194275,46.46968288],[-73.49980041,46.46459712],[-73.44017068,46.42323057],[-73.47007659,46.40223587],[-73.45394761,46.39088112],[-73.43180914,46.3745316],[-73.39449157,46.34807756],[-73.4139375,46.33527953],[-73.4093494,46.3342139],[-73.40581371,46.33574951],[-73.4047579,46.33788999],[-73.39950869,46.33858731],[-73.39849739,46.3375157],[-73.39926862,46.33492521],[-73.3926887,46.33201319],[-73.3864114,46.3338695],[-73.3860009,46.3314309],[-73.38068728,46.3319923],[-73.3808871,46.32972521],[-73.3757313,46.32380859],[-73.37229369,46.3221763],[-73.3702128,46.32345161],[-73.3619584,46.32038246],[-73.36332634,46.32469256],[-73.36559885,46.32651525],[-73.36493493,46.32809284],[-73.36262546,46.32813292],[-73.36277522,46.33023666],[-73.36008771,46.3319329],[-73.35749251,46.33100299],[-73.35474739,46.332682],[-73.34429011,46.33317209],[-73.34371292,46.33515969],[-73.341141,46.33519209],[-73.3364783,46.3394142],[-73.33214887,46.33982089],[-73.32670056,46.33708667],[-73.30851678,46.32349678],[-73.26046224,46.28983685],[-73.26507062,46.28531221],[-73.27856022,46.27693874],[-73.28665545,46.27113978],[-73.27145471,46.25885358],[-73.22625398,46.22653428],[-73.22214092,46.22188488],[-73.20863674,46.21210998],[-73.17022288,46.18680934],[-73.17333145,46.18308686],[-73.13670436,46.16043261],[-73.1256411,46.15332356],[-73.10362365,46.13794877],[-73.0935882,46.1423804],[-73.0826616,46.14605699],[-73.07328769,46.1496663],[-73.06772389,46.150959],[-73.0656493,46.14971861],[-73.05771401,46.1512986],[-73.04528271,46.15483091],[-73.04032553,46.15759124],[-73.04522325,46.1622853],[-73.07785002,46.1861921],[-73.10875923,46.20795865],[-73.13228479,46.22342313],[-73.19008236,46.26179143],[-73.21629748,46.27847333],[-73.19592128,46.29424723],[-73.22657966,46.31619583],[-73.21508686,46.32430152],[-73.20626718,46.31808094],[-73.19832308,46.32264594],[-73.19744984,46.32138077],[-73.19235888,46.32142614],[-73.19078857,46.32269435],[-73.18545054,46.32356783],[-73.18321041,46.32315006],[-73.18365109,46.32168947],[-73.1801096,46.3228428],[-73.17859609,46.32176783],[-73.17647448,46.32331375],[-73.19644951,46.33743081],[-73.20311586,46.34248176],[-73.19226776,46.34977441],[-73.2043977,46.35792877],[-73.18807617,46.36976847],[-73.18204703,46.36561847],[-73.16941423,46.37372108],[-73.17572558,46.37834592],[-73.16914069,46.38209689],[-73.20321133,46.40664818],[-73.22309988,46.42127839],[-73.22809041,46.42459204],[-73.25316129,46.44262031],[-73.32442557,46.4920754],[-73.33336478,46.49844115]]]]},"properties":{"ADAIDU":"24520001","IDUGD":"2021S051624520001","SUPTERRE":583.2199,"PRIDU":"24"},"bbox":[-73.56293555,46.04993289,-72.9809083,46.58621207]},{"type":"Feature","geometry":{"type":"Polygon","coordinates":[[[-73.4139375,46.33527953],[-73.42927902,46.32507531],[-73.42505455,46.32207659],[-73.44047532,46.31091095],[-73.42659918,46.30129583],[-73.4370148,46.29409526],[-73.45326584,46.28249926],[-73.46966163,46.27188962],[-73.45799872,46.2637549],[-73.45688008,46.26441721],[-73.44328414,46.25436331],[-73.47432781,46.23421838],[-73.47494357,46.23344917],[-73.46569478,46.22666385],[-73.4509897,46.23585268],[-73.43967898,46.22814829],[-73.43655859,46.22422349],[-73.4383745,46.2232887],[-73.44017953,46.22527511],[-73.44254804,46.22376498],[-73.41604781,46.20468281],[-73.40408969,46.21247514],[-73.39412797,46.21830834],[-73.38410532,46.21085624],[-73.35477279,46.1904049],[-73.36482276,46.17264854],[-73.36252784,46.1709962],[-73.32847149,46.14728159],[-73.29272286,46.12179528],[-73.29353103,46.11922456],[-73.28917682,46.11831426],[-73.28941843,46.11752181],[-73.28223784,46.1165846],[-73.28178982,46.11811776],[-73.27927443,46.11777854],[-73.27896961,46.11948879],[-73.2716337,46.11985931],[-73.26355851,46.1171886],[-73.25575517,46.11925123],[-73.25599248,46.11578824],[-73.25207547,46.11511393],[-73.25111748,46.11659635],[-73.24984743,46.11442746],[-73.24561216,46.1137593],[-73.24533989,46.11487316],[-73.24225439,46.11349446],[-73.23610884,46.13671445],[-73.23248125,46.13490148],[-73.23054022,46.13173659],[-73.22592399,46.129067],[-73.22453968,46.13000146],[-73.21771368,46.12836479],[-73.21348678,46.12567153],[-73.21527374,46.12391848],[-73.21322165,46.12036552],[-73.2092228,46.11861983],[-73.2091302,46.11635464],[-73.20702254,46.11804536],[-73.20399454,46.11758955],[-73.20031355,46.11525079],[-73.19836399,46.11613409],[-73.19528823,46.11555562],[-73.1923621,46.11622916],[-73.19191972,46.11423549],[-73.18684614,46.11122173],[-73.18494356,46.1126343],[-73.18035517,46.11122534],[-73.16616946,46.12183178],[-73.16495378,46.12312989],[-73.14642546,46.13596392],[-73.12377801,46.12024544],[-73.12026179,46.1222099],[-73.11543241,46.12824],[-73.12027672,46.12381149],[-73.11546029,46.12980571],[-73.11089049,46.13373109],[-73.10362365,46.13794877],[-73.1256411,46.15332356],[-73.13670436,46.16043261],[-73.17333145,46.18308686],[-73.17022288,46.18680934],[-73.20863674,46.21210998],[-73.22214092,46.22188488],[-73.22625398,46.22653428],[-73.27145471,46.25885358],[-73.28665545,46.27113978],[-73.27856022,46.27693874],[-73.26507062,46.28531221],[-73.26046224,46.28983685],[-73.30851678,46.32349678],[-73.32670056,46.33708667],[-73.33214887,46.33982089],[-73.3364783,46.3394142],[-73.341141,46.33519209],[-73.34371292,46.33515969],[-73.34429011,46.33317209],[-73.35474739,46.332682],[-73.35749251,46.33100299],[-73.36008771,46.3319329],[-73.36277522,46.33023666],[-73.36262546,46.32813292],[-73.36493493,46.32809284],[-73.36559885,46.32651525],[-73.36332634,46.32469256],[-73.3619584,46.32038246],[-73.3702128,46.32345161],[-73.37229369,46.3221763],[-73.3757313,46.32380859],[-73.3808871,46.32972521],[-73.38068728,46.3319923],[-73.3860009,46.3314309],[-73.3864114,46.3338695],[-73.3926887,46.33201319],[-73.39926862,46.33492521],[-73.39849739,46.3375157],[-73.39950869,46.33858731],[-73.4047579,46.33788999],[-73.40581371,46.33574951],[-73.4093494,46.3342139],[-73.4139375,46.33527953]]]},"properties":{"ADAIDU":"24520002","IDUGD":"2021S051624520002","SUPTERRE":323.6979,"PRIDU":"24"},"bbox":[-73.47494357,46.11122173,-73.10362365,46.33982089]},{"type":"Feature","geometry":{"type":"MultiPolygon","coordinates":[[[[-73.26400008,45.88297181],[-73.262456,45.88857431],[-73.2684624,45.88185631],[-73.26812829,45.87854429],[-73.26400008,45.88297181]]],[[[-73.29451009,45.8580078],[-73.29074329,45.8597465],[-73.29024952,45.8609333],[-73.28583159,45.8644253],[-73.2842081,45.8679404],[-73.28871591,45.86461061],[-73.29455731,45.85917751],[-73.29451009,45.8580078]]],[[[-73.25849768,45.90371636],[-73.27924203,45.91816876],[-73.29525426,45.9297632],[-73.3288475,45.95272111],[-73.35093386,45.96848964],[-73.3602745,45.96186738],[-73.35462502,45.95779651],[-73.35110273,45.95437936],[-73.35346909,45.9519095],[-73.35762375,45.95411267],[-73.36077101,45.95117649],[-73.35903077,45.94992452],[-73.36166483,45.94706369],[-73.35966158,45.94550455],[-73.36661963,45.9395511],[-73.36021462,45.93523909],[-73.36927747,45.92546926],[-73.3796536,45.91806588],[-73.38467689,45.91489714],[-73.38303725,45.91294273],[-73.38718554,45.90950968],[-73.3893219,45.91077325],[-73.39099454,45.90983731],[-73.38898959,45.90811059],[-73.39204339,45.9052348],[-73.37348778,45.89130116],[-73.34483387,45.87134436],[-73.32852194,45.86001203],[-73.31492182,45.8495903],[-73.31200665,45.84772433],[-73.30228428,45.855457],[-73.28997029,45.86664649],[-73.29047752,45.86537869],[-73.28512931,45.86953471],[-73.28876739,45.86798491],[-73.28464409,45.87174729],[-73.28153534,45.87356448],[-73.28789346,45.87660512],[-73.30140708,45.88231392],[-73.3046159,45.88466809],[-73.30452915,45.88647524],[-73.29406162,45.88169166],[-73.28804741,45.88840084],[-73.28607226,45.8912005],[-73.28648995,45.89348556],[-73.28336304,45.89812961],[-73.27354304,45.89132591],[-73.2744192,45.88920545],[-73.27017692,45.88631353],[-73.2670486,45.8933976],[-73.26479202,45.8968301],[-73.25849768,45.90371636]]]]},"properties":{"ADAIDU":"24520005","IDUGD":"2021S051624520005","SUPTERRE":65.4346,"PRIDU":"24"},"bbox":[-73.39204339,45.84772433,-73.25849768,45.96848964]},{"type":"Feature","geometry":{"type":"Polygon","coordinates":[[[-73.28153534,45.87356448],[-73.2819026,45.87453141],[-73.27693099,45.88076631],[-73.27017692,45.88631353],[-73.2744192,45.88920545],[-73.27354304,45.89132591],[-73.28336304,45.89812961],[-73.28648995,45.89348556],[-73.28607226,45.8912005],[-73.28804741,45.88840084],[-73.29406162,45.88169166],[-73.30452915,45.88647524],[-73.3046159,45.88466809],[-73.30140708,45.88231392],[-73.28789346,45.87660512],[-73.28153534,45.87356448]]]},"properties":{"ADAIDU":"24520006","IDUGD":"2021S051624520006","SUPTERRE":2.7853,"PRIDU":"24"},"bbox":[-73.3046159,45.87356448,-73.27017692,45.89812961]},{"type":"Feature","geometry":{"type":"MultiPolygon","coordinates":[[[[-73.1763277,46.03367579],[-73.17421141,46.0376737],[-73.167968,46.04685131],[-73.1679602,46.04816491],[-73.17352531,46.0444919],[-73.17649519,46.038193],[-73.1763277,46.03367579]]],[[[-73.16194386,46.08844494],[-73.1667886,46.0861131],[-73.16483091,46.0848387],[-73.16612528,46.0824672],[-73.1668544,46.0859334],[-73.17149919,46.08112411],[-73.17541938,46.0740633],[-73.17815709,46.06345391],[-73.17982461,46.05896879],[-73.17982171,46.05276051],[-73.17694931,46.046724],[-73.17289061,46.04993289],[-73.17481538,46.05063722],[-73.17591779,46.0530462],[-73.17568991,46.05986031],[-73.17355608,46.06633189],[-73.17015691,46.06935215],[-73.16794158,46.07585732],[-73.16298206,46.08457551],[-73.1638103,46.08682419],[-73.16207912,46.08794091],[-73.16194386,46.08844494]]],[[[-73.36252784,46.1709962],[-73.36896225,46.15174615],[-73.36840379,46.14118714],[-73.37125062,46.14105748],[-73.3716076,46.14331871],[-73.37515279,46.14278044],[-73.37659103,46.14521918],[-73.38322875,46.14554743],[-73.39589141,46.13605541],[-73.39737124,46.13771043],[-73.41185361,46.12650325],[-73.41001378,46.12189522],[-73.4074627,46.1200949],[-73.4039993,46.11776181],[-73.40391251,46.11552129],[-73.40177963,46.11331732],[-73.40090533,46.10720817],[-73.39982373,46.10637865],[-73.40265646,46.10453849],[-73.39748853,46.10082315],[-73.39626462,46.0789385],[-73.40201125,46.08317952],[-73.41288849,46.08322994],[-73.41164501,46.0695413],[-73.40890391,46.0699441],[-73.40391769,46.0678885],[-73.40038701,46.0688753],[-73.39710592,46.0676937],[-73.39534651,46.0684119],[-73.3915486,46.06714869],[-73.38818899,46.0665516],[-73.38414788,46.06423521],[-73.3820546,46.06391821],[-73.3788546,46.0613685],[-73.3747318,46.0612651],[-73.3738946,46.0600136],[-73.3680435,46.05845041],[-73.36519981,46.05858201],[-73.3641817,46.05736611],[-73.36021539,46.05683951],[-73.3568024,46.0572851],[-73.35123511,46.0561803],[-73.344086,46.05698961],[-73.34295349,46.0598492],[-73.33623699,46.05840019],[-73.33008561,46.05822921],[-73.3219136,46.05540959],[-73.32224569,46.05259389],[-73.32033979,46.0505845],[-73.32086619,46.05320284],[-73.32033615,46.06844187],[-73.31719791,46.06843798],[-73.31517832,46.06713689],[-73.31515525,46.07699314],[-73.31243963,46.07692259],[-73.31212805,46.0608428],[-73.3079098,46.06156657],[-73.30776,46.06632102],[-73.30483943,46.06632825],[-73.30489114,46.06932123],[-73.30367711,46.06935749],[-73.30334066,46.06265642],[-73.29857789,46.06374252],[-73.29861569,46.05996638],[-73.2969286,46.05980454],[-73.29668816,46.06506721],[-73.29144471,46.06500215],[-73.29084897,46.06663582],[-73.29063114,46.07400593],[-73.28619147,46.07304661],[-73.28652437,46.07486672],[-73.28224972,46.07352141],[-73.28233224,46.07528898],[-73.26304978,46.07008088],[-73.26140959,46.0724756],[-73.25579463,46.07065856],[-73.23527846,46.05603445],[-73.23370926,46.05508122],[-73.24088969,46.05399489],[-73.24477341,46.0525281],[-73.2478728,46.0501326],[-73.24939948,46.04580035],[-73.26135956,46.04496324],[-73.26155187,46.04323481],[-73.26679329,46.03430777],[-73.26688478,46.03209857],[-73.26872995,46.03247421],[-73.26857224,46.02428895],[-73.2726641,46.02492431],[-73.27880862,46.01393371],[-73.2802414,46.01305124],[-73.2849561,46.01352805],[-73.28631497,46.01240973],[-73.2997793,45.99855022],[-73.30057598,45.99743701],[-73.31415594,45.98752018],[-73.3128042,45.98647546],[-73.32194269,45.98236565],[-73.31337233,45.97605127],[-73.32157378,45.97228901],[-73.32872539,45.96718929],[-73.33201319,45.96374811],[-73.3332853,45.96122151],[-73.33194009,45.95808829],[-73.32864729,45.95488019],[-73.3288475,45.95272111],[-73.29525426,45.9297632],[-73.27924203,45.91816876],[-73.25849768,45.90371636],[-73.25315602,45.911193],[-73.24713222,45.92063661],[-73.24548021,45.92385409],[-73.2398968,45.9322724],[-73.2338368,45.9375221],[-73.23096989,45.94104249],[-73.22732781,45.94732331],[-73.22075989,45.9555493],[-73.21512741,45.9596384],[-73.20970332,45.96563519],[-73.20409528,45.9696068],[-73.19536439,45.9805161],[-73.1914822,45.98935939],[-73.18773361,46.00175701],[-73.18655579,46.0091229],[-73.1850701,46.01379751],[-73.18509609,46.016047],[-73.183477,46.01915559],[-73.1830025,46.02309529],[-73.18068189,46.0313127],[-73.1789417,46.03959461],[-73.17920039,46.04400411],[-73.1823172,46.05703231],[-73.1783031,46.07169609],[-73.1779712,46.07541111],[-73.1755437,46.07933619],[-73.16760711,46.08761809],[-73.16226328,46.0902836],[-73.16003351,46.0932912],[-73.15637221,46.10185491],[-73.1537206,46.10599471],[-73.14532871,46.11154741],[-73.1408522,46.11358489],[-73.13492839,46.11535669],[-73.12377801,46.12024544],[-73.14642546,46.13596392],[-73.16495378,46.12312989],[-73.16616946,46.12183178],[-73.18035517,46.11122534],[-73.18494356,46.1126343],[-73.18684614,46.11122173],[-73.19191972,46.11423549],[-73.1923621,46.11622916],[-73.19528823,46.11555562],[-73.19836399,46.11613409],[-73.20031355,46.11525079],[-73.20399454,46.11758955],[-73.20702254,46.11804536],[-73.2091302,46.11635464],[-73.2092228,46.11861983],[-73.21322165,46.12036552],[-73.21527374,46.12391848],[-73.21348678,46.12567153],[-73.21771368,46.12836479],[-73.22453968,46.13000146],[-73.22592399,46.129067],[-73.23054022,46.13173659],[-73.23248125,46.13490148],[-73.23610884,46.13671445],[-73.24225439,46.11349446],[-73.24533989,46.11487316],[-73.24561216,46.1137593],[-73.24984743,46.11442746],[-73.25111748,46.11659635],[-73.25207547,46.11511393],[-73.25599248,46.11578824],[-73.25575517,46.11925123],[-73.26355851,46.1171886],[-73.2716337,46.11985931],[-73.27896961,46.11948879],[-73.27927443,46.11777854],[-73.28178982,46.11811776],[-73.28223784,46.1165846],[-73.28941843,46.11752181],[-73.28917682,46.11831426],[-73.29353103,46.11922456],[-73.29272286,46.12179528],[-73.32847149,46.14728159],[-73.36252784,46.1709962]]]]},"properties":{"ADAIDU":"24520111","IDUGD":"2021S051624520111","SUPTERRE":259.5301,"PRIDU":"24"},"bbox":[-73.41288849,45.90371636,-73.12377801,46.1709962]},{"type":"Feature","geometry":{"type":"MultiPolygon","coordinates":[[[[-72.9770153,46.07401151],[-72.97051199,46.07812939],[-72.97573438,46.0754992],[-72.9770153,46.07401151]]],[[[-72.98757632,46.0713511],[-72.98285998,46.0738851],[-72.98491591,46.0738404],[-72.98757632,46.0713511]]],[[[-72.97961329,46.0727007],[-72.978578,46.07418061],[-72.9819432,46.073764],[-72.98566258,46.07138751],[-72.97961329,46.0727007]]],[[[-72.95876343,46.08846567],[-72.96105051,46.0871817],[-72.96523031,46.0828375],[-72.96262748,46.08457091],[-72.95664668,46.08695777],[-72.95876343,46.08846567]]],[[[-72.9944381,46.10701169],[-73.00402562,46.1067658],[-73.00660431,46.10626411],[-73.0004706,46.10507689],[-72.9944381,46.10701169]]],[[[-72.9894115,46.09942261],[-72.9944211,46.1003806],[-73.00116699,46.0981428],[-72.99999601,46.10177271],[-72.99435689,46.10458209],[-72.99755749,46.1039484],[-73.00121339,46.10160699],[-73.005512,46.096767],[-73.00927331,46.09411101],[-73.0142131,46.0926925],[-73.02013789,46.08949649],[-73.02601581,46.08263791],[-73.03407951,46.07856811],[-73.0327026,46.0777977],[-73.0279274,46.07984759],[-73.02598721,46.07993849],[-73.021489,46.0827989],[-73.01837651,46.08386559],[-73.0147732,46.08632469],[-73.01293598,46.08938499],[-73.00766001,46.0937442],[-73.00052032,46.09671831],[-72.9943856,46.0985989],[-72.9894115,46.09942261]]],[[[-72.98952591,46.08842809],[-72.99347562,46.08922849],[-72.99793999,46.0874666],[-73.00112971,46.08506931],[-73.00788291,46.08176051],[-73.011167,46.07884129],[-73.01278459,46.0742685],[-73.006429,46.07370139],[-73.00000039,46.07553589],[-72.99709631,46.0778536],[-72.99180981,46.08333671],[-72.99086009,46.08818209],[-72.98952591,46.08842809]]],[[[-72.97224004,46.09762031],[-72.97671521,46.09755661],[-72.98000711,46.09545732],[-72.9816097,46.09281931],[-72.98374791,46.08402941],[-72.98540998,46.08187751],[-72.992316,46.07607789],[-72.99873919,46.07203931],[-73.00371461,46.07078339],[-73.01393511,46.07134021],[-73.0183485,46.0707291],[-73.0250197,46.0661143],[-73.023945,46.06483211],[-73.01623859,46.0636481],[-73.01200961,46.063927],[-73.00650451,46.0667017],[-72.99643301,46.06833121],[-72.9896997,46.07099169],[-72.98672658,46.07374961],[-72.9831091,46.07489391],[-72.97885579,46.07489259],[-72.97238552,46.078264],[-72.9672066,46.08170411],[-72.96322212,46.0859323],[-72.96105679,46.09009922],[-72.97224004,46.09762031]]],[[[-73.0126211,46.11045581],[-73.01663469,46.1100679],[-73.0253662,46.10712641],[-73.0368443,46.1050681],[-73.04151389,46.10351229],[-73.0467628,46.09909751],[-73.0529279,46.0916358],[-73.05687431,46.08490299],[-73.06200661,46.0785076],[-73.0656947,46.07477869],[-73.06639101,46.0717132],[-73.06446768,46.0696995],[-73.0580023,46.06833401],[-73.049795,46.068185],[-73.04622301,46.06871971],[-73.04062852,46.0714957],[-73.03892282,46.07296429],[-73.03816101,46.077505],[-73.0327572,46.0820448],[-73.02738971,46.0837592],[-73.02341411,46.08897029],[-73.02109529,46.09094001],[-73.01460068,46.09419681],[-73.0094384,46.09591119],[-73.00328671,46.1026148],[-73.00796208,46.0990361],[-73.0139574,46.0997095],[-73.0186045,46.09481651],[-73.02376289,46.09352449],[-73.02533938,46.0966892],[-73.0302482,46.09430709],[-73.03204709,46.0941706],[-73.03444849,46.09618679],[-73.03426349,46.09819249],[-73.0284234,46.09901429],[-73.0271835,46.1018434],[-73.01871729,46.105641],[-73.01622981,46.1075649],[-73.0109286,46.10729041],[-73.01025658,46.10866421],[-73.0126211,46.11045581]]],[[[-72.95246956,46.08532758],[-72.95447,46.08704249],[-72.9618409,46.08435119],[-72.9643887,46.08162791],[-72.97501891,46.07459609],[-72.97972211,46.07212541],[-72.98792392,46.070093],[-72.99338499,46.0680389],[-73.00540049,46.06583309],[-73.01060701,46.06321921],[-73.01693651,46.06218439],[-73.02095381,46.0624622],[-73.0210228,46.06345229],[-73.0275566,46.0641993],[-73.0379034,46.0603456],[-73.04488182,46.058898],[-73.05089242,46.0587869],[-73.05471339,46.05937769],[-73.0625066,46.05940769],[-73.0680302,46.05878099],[-73.07414361,46.05707629],[-73.08128111,46.05320679],[-73.08949865,46.0506442],[-73.08924116,46.04919344],[-73.08861959,46.04768433],[-73.06982862,46.03364775],[-73.06648331,46.03514749],[-73.0607351,46.0334249],[-73.04965775,46.03641245],[-73.04333242,46.03386304],[-73.03913262,46.03457755],[-73.0388973,46.03631406],[-73.03551854,46.0378635],[-73.02223815,46.03270268],[-73.0210413,46.03439019],[-73.0181431,46.03490889],[-73.01218621,46.03358789],[-73.01083342,46.03405762],[-73.02154673,46.04174154],[-73.0133416,46.0487441],[-73.00145587,46.04956185],[-72.99774528,46.05151464],[-72.99477838,46.05177292],[-72.9846312,46.05574907],[-72.98213094,46.05784038],[-72.97891956,46.06190872],[-72.97627741,46.06294225],[-72.97486937,46.06572503],[-72.96596671,46.07332156],[-72.96358408,46.07646871],[-72.95292896,46.08430904],[-72.95246956,46.08532758]]]]},"properties":{"ADAIDU":"24530001","IDUGD":"2021S051624530001","SUPTERRE":36.4103,"PRIDU":"24"},"bbox":[-73.08949865,46.03270268,-72.95246956,46.11045581]},{"type":"Feature","geometry":{"type":"Polygon","coordinates":[[[-72.75357286,45.94219667],[-72.75260548,45.94304599],[-72.79310485,45.97130736],[-72.79185565,45.97219065],[-72.80501596,45.98116608],[-72.79087699,45.99187157],[-72.80356349,45.99736272],[-72.80267096,46.01121349],[-72.80020867,46.0133015],[-72.80578745,46.01555006],[-72.81757444,46.02632706],[-72.81977666,46.02763872],[-72.82725792,46.03209368],[-72.82880152,46.0330127],[-72.83033431,46.02091684],[-72.84423227,46.03126692],[-72.86086192,46.04270473],[-72.8621541,46.03999169],[-72.86852804,46.03361779],[-72.87447982,46.03801771],[-72.88030722,46.03418142],[-72.88887468,46.04019093],[-72.91204393,46.05541126],[-72.92936408,46.06761628],[-72.93129984,46.06897976],[-72.93322269,46.07033406],[-72.93595591,46.07151279],[-72.9395593,46.07824271],[-72.93907899,46.0809756],[-72.94113051,46.0852416],[-72.94065419,46.08886521],[-72.93794331,46.0896887],[-72.93694539,46.09625201],[-72.93906309,46.09785491],[-72.9381138,46.0996318],[-72.9409859,46.10338881],[-72.93929079,46.10600781],[-72.94110739,46.1054498],[-72.94258899,46.102191],[-72.94053871,46.09901381],[-72.9418492,46.09346879],[-72.9438979,46.09036559],[-72.94484979,46.08570951],[-72.94480975,46.07852289],[-72.95215892,46.08376037],[-72.95234634,46.08389392],[-72.95292896,46.08430904],[-72.96358408,46.07646871],[-72.96596671,46.07332156],[-72.97486937,46.06572503],[-72.97627741,46.06294225],[-72.97891956,46.06190872],[-72.98213094,46.05784038],[-72.9846312,46.05574907],[-72.99477838,46.05177292],[-72.99774528,46.05151464],[-73.00145587,46.04956185],[-73.0133416,46.0487441],[-73.02154673,46.04174154],[-73.01083342,46.03405762],[-73.01218621,46.03358789],[-73.014879,46.03144901],[-73.01649839,46.02703774],[-73.02078164,46.03024527],[-73.02349255,46.02235897],[-73.03010944,46.02347311],[-73.03082379,46.02182521],[-73.03379669,46.02001081],[-73.03624344,46.01538877],[-73.0368461,46.01047958],[-73.03887164,46.00396256],[-73.03681499,46.00166152],[-73.03749917,45.99787582],[-73.04061769,45.99786087],[-73.04301086,45.99494679],[-73.03939791,45.99414563],[-73.04150688,45.98867248],[-73.05006131,45.96684475],[-73.02194417,45.96107146],[-73.02755163,45.94655178],[-73.02275977,45.94577562],[-73.02721183,45.93433295],[-73.03708294,45.91118397],[-73.03113404,45.90695118],[-73.01715167,45.89756577],[-73.01955091,45.89040293],[-73.00761059,45.88146109],[-73.00538417,45.88898611],[-72.99976273,45.88843767],[-72.98245232,45.88539442],[-72.98325439,45.88336944],[-72.96032358,45.88023204],[-72.96260108,45.8740999],[-72.94071244,45.8699086],[-72.9387825,45.86876809],[-72.93492362,45.87171521],[-72.9317736,45.87939127],[-72.92964399,45.88255068],[-72.92970713,45.88641429],[-72.92599548,45.88627512],[-72.90859714,45.88335441],[-72.89844129,45.90799328],[-72.87926948,45.89518276],[-72.86783839,45.88799469],[-72.86523646,45.8855221],[-72.85440222,45.8780028],[-72.85010906,45.88353957],[-72.83998949,45.89042839],[-72.83584094,45.88930057],[-72.83176999,45.88615009],[-72.8235594,45.89173203],[-72.82122491,45.89390503],[-72.81953544,45.89267953],[-72.80204892,45.90460788],[-72.79359345,45.90678918],[-72.7741741,45.92405999],[-72.76441363,45.93247319],[-72.75357286,45.94219667]]]},"properties":{"ADAIDU":"24530002","IDUGD":"2021S051624530002","SUPTERRE":331.1565,"PRIDU":"24"},"bbox":[-73.05006131,45.86876809,-72.75260548,46.10600781]},{"type":"Feature","geometry":{"type":"Polygon","coordinates":[[[-73.08949865,46.0506442],[-73.0937069,46.04875289],[-73.0989071,46.0479794],[-73.10042798,46.0485156],[-73.10711459,46.04767499],[-73.1136893,46.04802131],[-73.11802809,46.04658729],[-73.11550328,46.04917011],[-73.12027126,46.04750766],[-73.11791729,46.04132568],[-73.11515315,46.04172202],[-73.11372547,46.03831847],[-73.10685062,46.03968645],[-73.09794583,46.04153891],[-73.10220383,46.04451704],[-73.09874486,46.04552339],[-73.09977228,46.04629598],[-73.09555747,46.04675615],[-73.08924116,46.04919344],[-73.08949865,46.0506442]]]},"properties":{"ADAIDU":"24530003","IDUGD":"2021S051624530003","SUPTERRE":1.4372,"PRIDU":"24"},"bbox":[-73.12027126,46.03831847,-73.08924116,46.0506442]},{"type":"Feature","geometry":{"type":"Polygon","coordinates":[[[-73.08924116,46.04919344],[-73.09555747,46.04675615],[-73.09977228,46.04629598],[-73.09874486,46.04552339],[-73.10220383,46.04451704],[-73.09794583,46.04153891],[-73.10685062,46.03968645],[-73.10620762,46.03818279],[-73.09870833,46.03616007],[-73.09252484,46.0351986],[-73.09159696,46.03401376],[-73.09597689,46.03026277],[-73.09177067,46.02873961],[-73.09061787,46.02745434],[-73.08852938,46.03230547],[-73.08024448,46.02625521],[-73.07477959,46.0280885],[-73.06982862,46.03364775],[-73.08861959,46.04768433],[-73.08924116,46.04919344]]]},"properties":{"ADAIDU":"24530004","IDUGD":"2021S051624530004","SUPTERRE":3.4667,"PRIDU":"24"},"bbox":[-73.10685062,46.02625521,-73.06982862,46.04919344]},{"type":"Feature","geometry":{"type":"Polygon","coordinates":[[[-73.12027126,46.04750766],[-73.12310489,46.0486736],[-73.1367306,46.047773],[-73.14109111,46.04685999],[-73.14754062,46.04215668],[-73.13409551,46.0423846],[-73.13399812,46.04071776],[-73.11858458,46.04108771],[-73.11791729,46.04132568],[-73.12027126,46.04750766]]]},"properties":{"ADAIDU":"24530005","IDUGD":"2021S051624530005","SUPTERRE":1.3578,"PRIDU":"24"},"bbox":[-73.14754062,46.04071776,-73.11791729,46.0486736]},{"type":"Feature","geometry":{"type":"Polygon","coordinates":[[[-73.11791729,46.04132568],[-73.11858458,46.04108771],[-73.13399812,46.04071776],[-73.13409551,46.0423846],[-73.14754062,46.04215668],[-73.1502974,46.0397444],[-73.15400791,46.03521199],[-73.16022139,46.02264289],[-73.16077442,46.02090182],[-73.15861445,46.02091406],[-73.16068931,46.01664072],[-73.15696917,46.01667496],[-73.15539269,46.01536032],[-73.15456965,46.02212542],[-73.15329243,46.02210405],[-73.1499757,46.02193485],[-73.15019674,46.02768233],[-73.14801031,46.02919428],[-73.13808351,46.02921524],[-73.13490656,46.02816181],[-73.13345307,46.0304561],[-73.12637247,46.02815929],[-73.1182112,46.02609159],[-73.11584738,46.02956234],[-73.11529613,46.03260571],[-73.11298601,46.03646152],[-73.11372547,46.03831847],[-73.11515315,46.04172202],[-73.11791729,46.04132568]]]},"properties":{"ADAIDU":"24530006","IDUGD":"2021S051624530006","SUPTERRE":4.7053,"PRIDU":"24"},"bbox":[-73.16077442,46.01536032,-73.11298601,46.0423846]},{"type":"Feature","geometry":{"type":"Polygon","coordinates":[[[-73.06982862,46.03364775],[-73.07477959,46.0280885],[-73.08024448,46.02625521],[-73.0791907,46.02549513],[-73.08367397,46.02268693],[-73.08600514,46.01994576],[-73.0912549,46.02203021],[-73.09818269,46.0195625],[-73.10337836,46.01604414],[-73.10555777,46.01692368],[-73.10940838,46.01433446],[-73.11108128,46.01196648],[-73.11394679,46.01338612],[-73.11214757,46.01455013],[-73.11410707,46.01528289],[-73.11322682,46.01669228],[-73.12542174,46.02045248],[-73.12654358,46.01885402],[-73.1293332,46.01733006],[-73.12895789,46.01493562],[-73.13004578,46.012061],[-73.14084914,46.00393458],[-73.14375338,45.99978081],[-73.14528176,45.99576906],[-73.13638284,45.99296884],[-73.11608302,45.98610407],[-73.11460531,45.98809227],[-73.10419687,45.98056892],[-73.0979622,45.99032219],[-73.09025039,45.99521362],[-73.08827102,46.00002211],[-73.08935472,46.00608517],[-73.08738647,46.00742089],[-73.08486872,46.01085029],[-73.08153206,46.01306457],[-73.07333427,46.00987831],[-73.07243039,46.01019472],[-73.06025048,46.00489627],[-73.06117405,46.00373734],[-73.05763811,46.00154248],[-73.05684606,46.00006016],[-73.04150688,45.98867248],[-73.03939791,45.99414563],[-73.04301086,45.99494679],[-73.04061769,45.99786087],[-73.03749917,45.99787582],[-73.03681499,46.00166152],[-73.03887164,46.00396256],[-73.0368461,46.01047958],[-73.03624344,46.01538877],[-73.03379669,46.02001081],[-73.03082379,46.02182521],[-73.03010944,46.02347311],[-73.02349255,46.02235897],[-73.02078164,46.03024527],[-73.01649839,46.02703774],[-73.014879,46.03144901],[-73.01218621,46.03358789],[-73.0181431,46.03490889],[-73.0210413,46.03439019],[-73.02223815,46.03270268],[-73.03551854,46.0378635],[-73.0388973,46.03631406],[-73.03913262,46.03457755],[-73.04333242,46.03386304],[-73.04965775,46.03641245],[-73.0607351,46.0334249],[-73.06648331,46.03514749],[-73.06982862,46.03364775]]]},"properties":{"ADAIDU":"24530007","IDUGD":"2021S051624530007","SUPTERRE":26.5433,"PRIDU":"24"},"bbox":[-73.14528176,45.98056892,-73.01218621,46.0378635]},{"type":"Feature","geometry":{"type":"Polygon","coordinates":[[[-73.15329243,46.02210405],[-73.15456636,46.01531506],[-73.14522674,46.01566794],[-73.14547318,46.0141392],[-73.14277774,46.01291022],[-73.14122812,46.01447598],[-73.13604872,46.01209281],[-73.13532742,46.02054126],[-73.13630614,46.02468247],[-73.13490656,46.02816181],[-73.13808351,46.02921524],[-73.14801031,46.02919428],[-73.15019674,46.02768233],[-73.1499757,46.02193485],[-73.15329243,46.02210405]]]},"properties":{"ADAIDU":"24530008","IDUGD":"2021S051624530008","SUPTERRE":2.0467,"PRIDU":"24"},"bbox":[-73.15456636,46.01209281,-73.13490656,46.02921524]},{"type":"Feature","geometry":{"type":"Polygon","coordinates":[[[-73.04150688,45.98867248],[-73.05684606,46.00006016],[-73.05763811,46.00154248],[-73.06117405,46.00373734],[-73.06025048,46.00489627],[-73.07243039,46.01019472],[-73.07333427,46.00987831],[-73.08153206,46.01306457],[-73.08486872,46.01085029],[-73.08738647,46.00742089],[-73.08935472,46.00608517],[-73.08827102,46.00002211],[-73.09025039,45.99521362],[-73.0979622,45.99032219],[-73.10419687,45.98056892],[-73.11460531,45.98809227],[-73.11608302,45.98610407],[-73.13638284,45.99296884],[-73.14528176,45.99576906],[-73.14646787,45.99115941],[-73.14613552,45.98679787],[-73.14372,45.97893422],[-73.14211823,45.97517398],[-73.14226348,45.96827296],[-73.14617687,45.95829765],[-73.1465847,45.9553007],[-73.12972637,45.94293644],[-73.10219787,45.92236593],[-73.10029475,45.92037933],[-73.08491368,45.90866401],[-73.08471366,45.90890344],[-73.06638503,45.89459623],[-73.05934055,45.88909418],[-73.03645625,45.90318796],[-73.03113404,45.90695118],[-73.03708294,45.91118397],[-73.02721183,45.93433295],[-73.02275977,45.94577562],[-73.02755163,45.94655178],[-73.02194417,45.96107146],[-73.05006131,45.96684475],[-73.04150688,45.98867248]]]},"properties":{"ADAIDU":"24530009","IDUGD":"2021S051624530009","SUPTERRE":75.2632,"PRIDU":"24"},"bbox":[-73.1465847,45.88909418,-73.02194417,46.01306457]},{"type":"Feature","geometry":{"type":"Polygon","coordinates":[[[-73.1465847,45.9553007],[-73.16325261,45.9674137],[-73.16487429,45.96883662],[-73.16847815,45.96088108],[-73.17557309,45.95503372],[-73.17967381,45.95083499],[-73.1834206,45.942148],[-73.18418529,45.93771885],[-73.18810247,45.92282649],[-73.18865218,45.91201077],[-73.18738229,45.89978113],[-73.18749721,45.89199557],[-73.19171694,45.89329769],[-73.19557057,45.88432951],[-73.20387871,45.87540224],[-73.18470164,45.8618592],[-73.17009088,45.85085886],[-73.16113188,45.84501028],[-73.15320354,45.83932568],[-73.13707169,45.82685974],[-73.12359389,45.81798008],[-73.11925011,45.82514359],[-73.11388983,45.82949221],[-73.11217808,45.82998912],[-73.11360448,45.83178518],[-73.10581037,45.83495375],[-73.1067732,45.84099483],[-73.10275391,45.85277998],[-73.0933187,45.84602546],[-73.09233649,45.85006474],[-73.08557886,45.84506374],[-73.08163652,45.85124256],[-73.07537987,45.86929537],[-73.06638503,45.89459623],[-73.08471366,45.90890344],[-73.08491368,45.90866401],[-73.10029475,45.92037933],[-73.10219787,45.92236593],[-73.12972637,45.94293644],[-73.1465847,45.9553007]]]},"properties":{"ADAIDU":"24530010","IDUGD":"2021S051624530010","SUPTERRE":93.6689,"PRIDU":"24"},"bbox":[-73.20387871,45.81798008,-73.06638503,45.96883662]},{"type":"Feature","geometry":{"type":"Polygon","coordinates":[[[-73.12637247,46.02815929],[-73.12916241,46.0277126],[-73.132387,46.02286664],[-73.12998838,46.02008019],[-73.12654358,46.01885402],[-73.12542174,46.02045248],[-73.11322682,46.01669228],[-73.11410707,46.01528289],[-73.11214757,46.01455013],[-73.11394679,46.01338612],[-73.11108128,46.01196648],[-73.10940838,46.01433446],[-73.10555777,46.01692368],[-73.10985401,46.0189425],[-73.11054098,46.02149331],[-73.10706869,46.02620034],[-73.10051202,46.02460476],[-73.0982183,46.02776719],[-73.09991906,46.02847262],[-73.10231457,46.0263075],[-73.1053139,46.02653847],[-73.10659244,46.02964501],[-73.11529613,46.03260571],[-73.11584738,46.02956234],[-73.1182112,46.02609159],[-73.12637247,46.02815929]]]},"properties":{"ADAIDU":"24530011","IDUGD":"2021S051624530011","SUPTERRE":2.338,"PRIDU":"24"},"bbox":[-73.132387,46.01196648,-73.0982183,46.03260571]},{"type":"Feature","geometry":{"type":"Polygon","coordinates":[[[-73.13490656,46.02816181],[-73.13630614,46.02468247],[-73.13532742,46.02054126],[-73.13604872,46.01209281],[-73.14122812,46.01447598],[-73.14277774,46.01291022],[-73.14547318,46.0141392],[-73.14522674,46.01566794],[-73.15456636,46.01531506],[-73.15329243,46.02210405],[-73.15456965,46.02212542],[-73.15539269,46.01536032],[-73.15696917,46.01667496],[-73.16068931,46.01664072],[-73.15861445,46.02091406],[-73.16077442,46.02090182],[-73.16613101,46.0085881],[-73.16924669,46.00362149],[-73.17114332,45.999506],[-73.17392649,45.9960409],[-73.17440538,45.9936219],[-73.1774406,45.9889067],[-73.18109445,45.98070168],[-73.16487429,45.96883662],[-73.16325261,45.9674137],[-73.1465847,45.9553007],[-73.14617687,45.95829765],[-73.14226348,45.96827296],[-73.14211823,45.97517398],[-73.14372,45.97893422],[-73.14613552,45.98679787],[-73.14646787,45.99115941],[-73.14528176,45.99576906],[-73.14375338,45.99978081],[-73.14084914,46.00393458],[-73.13004578,46.012061],[-73.12895789,46.01493562],[-73.1293332,46.01733006],[-73.12654358,46.01885402],[-73.12998838,46.02008019],[-73.132387,46.02286664],[-73.12916241,46.0277126],[-73.12637247,46.02815929],[-73.13345307,46.0304561],[-73.13490656,46.02816181]]]},"properties":{"ADAIDU":"24530012","IDUGD":"2021S051624530012","SUPTERRE":13.2731,"PRIDU":"24"},"bbox":[-73.18109445,45.9553007,-73.12637247,46.0304561]},{"type":"Feature","geometry":{"type":"Polygon","coordinates":[[[-73.11372547,46.03831847],[-73.11298601,46.03646152],[-73.11529613,46.03260571],[-73.10659244,46.02964501],[-73.1053139,46.02653847],[-73.10231457,46.0263075],[-73.09991906,46.02847262],[-73.0982183,46.02776719],[-73.10051202,46.02460476],[-73.10706869,46.02620034],[-73.11054098,46.02149331],[-73.10985401,46.0189425],[-73.10555777,46.01692368],[-73.10337836,46.01604414],[-73.09818269,46.0195625],[-73.0912549,46.02203021],[-73.08600514,46.01994576],[-73.08367397,46.02268693],[-73.0791907,46.02549513],[-73.08024448,46.02625521],[-73.08852938,46.03230547],[-73.09061787,46.02745434],[-73.09177067,46.02873961],[-73.09597689,46.03026277],[-73.09159696,46.03401376],[-73.09252484,46.0351986],[-73.09870833,46.03616007],[-73.10620762,46.03818279],[-73.10685062,46.03968645],[-73.11372547,46.03831847]]]},"properties":{"ADAIDU":"24530013","IDUGD":"2021S051624530013","SUPTERRE":3.4656,"PRIDU":"24"},"bbox":[-73.11529613,46.01604414,-73.0791907,46.03968645]},{"type":"Feature","geometry":{"type":"Polygon","coordinates":[[[-72.62052015,45.53789894],[-72.61888622,45.55284575],[-72.62077854,45.56567344],[-72.61922961,45.57083744],[-72.61831103,45.57882835],[-72.61737662,45.5907758],[-72.61583927,45.60509573],[-72.63620048,45.60540347],[-72.65393674,45.60506554],[-72.6722417,45.60500492],[-72.71107263,45.6053463],[-72.71143213,45.59686296],[-72.71353493,45.59714198],[-72.73009827,45.59756836],[-72.71951909,45.62821009],[-72.71383544,45.645435],[-72.71032923,45.65533763],[-72.70834601,45.66501113],[-72.70097885,45.68381222],[-72.69255183,45.71029744],[-72.68864638,45.72418358],[-72.68585574,45.73156618],[-72.68257235,45.74368918],[-72.68809088,45.74776911],[-72.70444443,45.75911128],[-72.72376388,45.77255452],[-72.72954021,45.77703413],[-72.75614516,45.79624141],[-72.79106485,45.82098474],[-72.83597262,45.85241957],[-72.85261328,45.86438382],[-72.84952443,45.8745927],[-72.85440222,45.8780028],[-72.86523646,45.8855221],[-72.86783839,45.88799469],[-72.87926948,45.89518276],[-72.89844129,45.90799328],[-72.90859714,45.88335441],[-72.92599548,45.88627512],[-72.92970713,45.88641429],[-72.92964399,45.88255068],[-72.9317736,45.87939127],[-72.93492362,45.87171521],[-72.9387825,45.86876809],[-72.94071244,45.8699086],[-72.96260108,45.8740999],[-72.96032358,45.88023204],[-72.98325439,45.88336944],[-72.98245232,45.88539442],[-72.99976273,45.88843767],[-73.00538417,45.88898611],[-73.00761059,45.88146109],[-73.01955091,45.89040293],[-73.01715167,45.89756577],[-73.03113404,45.90695118],[-73.03645625,45.90318796],[-73.05934055,45.88909418],[-73.06638503,45.89459623],[-73.07537987,45.86929537],[-73.08163652,45.85124256],[-73.08557886,45.84506374],[-73.09233649,45.85006474],[-73.0933187,45.84602546],[-73.10275391,45.85277998],[-73.1067732,45.84099483],[-73.10581037,45.83495375],[-73.11360448,45.83178518],[-73.11217808,45.82998912],[-73.11388983,45.82949221],[-73.11925011,45.82514359],[-73.12359389,45.81798008],[-73.10710567,45.80506054],[-73.09612459,45.79796254],[-73.10131366,45.7925566],[-73.10423434,45.78789716],[-73.09218343,45.77968821],[-73.09112062,45.77611614],[-73.09329787,45.77227773],[-73.07263779,45.75734802],[-73.05902307,45.74823567],[-73.05264644,45.75945374],[-73.03927322,45.74898279],[-73.03169005,45.7438692],[-73.02072769,45.73562041],[-72.99618687,45.71758446],[-72.95521728,45.68708648],[-72.93958852,45.6969938],[-72.93823082,45.69812797],[-72.92791804,45.69026685],[-72.92001761,45.68459814],[-72.91805872,45.68680793],[-72.92445818,45.68938045],[-72.9257655,45.69181847],[-72.92357541,45.69552044],[-72.91453493,45.70248464],[-72.91500126,45.70638327],[-72.90994068,45.71418741],[-72.90273659,45.72391171],[-72.89916317,45.72711548],[-72.89915946,45.73363961],[-72.89594768,45.73559703],[-72.89303672,45.73613321],[-72.88924756,45.73877381],[-72.89159966,45.74528892],[-72.89141546,45.74770443],[-72.88717803,45.75241334],[-72.88879383,45.7565088],[-72.88613167,45.76120178],[-72.88601203,45.76388991],[-72.88463264,45.76666764],[-72.87739353,45.77153788],[-72.87525385,45.77835422],[-72.87278813,45.78125502],[-72.83501612,45.75552021],[-72.79644287,45.72859246],[-72.77184852,45.71207393],[-72.78342781,45.704216],[-72.80406937,45.69080372],[-72.81226293,45.6851334],[-72.81821653,45.68160971],[-72.81148021,45.67688335],[-72.82269192,45.66919625],[-72.82339099,45.66969748],[-72.83287848,45.66269678],[-72.82592472,45.65810788],[-72.82737488,45.65694273],[-72.8241362,45.65470705],[-72.80880479,45.64411718],[-72.7928906,45.63268703],[-72.80525216,45.61124712],[-72.78925684,45.59862998],[-72.78058911,45.59214427],[-72.79531022,45.55202733],[-72.79982537,45.53775859],[-72.78844865,45.53843556],[-72.77134862,45.5384011],[-72.77291807,45.53553524],[-72.7731629,45.5250615],[-72.74011934,45.52445828],[-72.72497798,45.52453673],[-72.69084719,45.52384673],[-72.69096484,45.53132682],[-72.67559852,45.53095061],[-72.67618476,45.53881208],[-72.66222401,45.53879194],[-72.62052015,45.53789894]]]},"properties":{"ADAIDU":"24540001","IDUGD":"2021S051624540001","SUPTERRE":636.8609,"PRIDU":"24"},"bbox":[-73.12359389,45.52384673,-72.61583927,45.90799328]},{"type":"Feature","geometry":{"type":"Polygon","coordinates":[[[-72.90994068,45.71418741],[-72.89088231,45.70115813],[-72.873505,45.68903543],[-72.85730193,45.67803294],[-72.84065892,45.66622655],[-72.82737488,45.65694273],[-72.82592472,45.65810788],[-72.83287848,45.66269678],[-72.82339099,45.66969748],[-72.82269192,45.66919625],[-72.81148021,45.67688335],[-72.81821653,45.68160971],[-72.81226293,45.6851334],[-72.80406937,45.69080372],[-72.78342781,45.704216],[-72.77184852,45.71207393],[-72.79644287,45.72859246],[-72.83501612,45.75552021],[-72.87278813,45.78125502],[-72.87525385,45.77835422],[-72.87739353,45.77153788],[-72.88463264,45.76666764],[-72.88601203,45.76388991],[-72.88613167,45.76120178],[-72.88879383,45.7565088],[-72.88717803,45.75241334],[-72.89141546,45.74770443],[-72.89159966,45.74528892],[-72.88924756,45.73877381],[-72.89303672,45.73613321],[-72.89594768,45.73559703],[-72.89915946,45.73363961],[-72.89916317,45.72711548],[-72.90273659,45.72391171],[-72.90994068,45.71418741]]]},"properties":{"ADAIDU":"24540002","IDUGD":"2021S051624540002","SUPTERRE":69.0489,"PRIDU":"24"},"bbox":[-72.90994068,45.65694273,-72.77184852,45.78125502]},{"type":"Feature","geometry":{"type":"Polygon","coordinates":[[[-73.05902307,45.74823567],[-73.07370349,45.71790932],[-73.08107891,45.72308946],[-73.08918297,45.72926317],[-73.09402294,45.72208857],[-73.10406091,45.71408631],[-73.11176883,45.69936226],[-73.11499135,45.6927524],[-73.11599646,45.68576737],[-73.11642316,45.67390141],[-73.10792171,45.66695974],[-73.1011893,45.66196874],[-73.10026824,45.65087948],[-73.09955145,45.63042618],[-73.09878517,45.61443473],[-73.09952797,45.61116893],[-73.1081859,45.6173086],[-73.10888287,45.61552672],[-73.11761102,45.62145865],[-73.13175615,45.6319903],[-73.13165688,45.62939139],[-73.13364875,45.62413106],[-73.13602761,45.62046212],[-73.14004613,45.61211894],[-73.13805992,45.60435885],[-73.13348838,45.59671387],[-73.12710786,45.58858303],[-73.13021294,45.58920939],[-73.13152656,45.58764016],[-73.13531311,45.58983218],[-73.1360667,45.58628859],[-73.13876544,45.57439825],[-73.13485206,45.572267],[-73.12057801,45.56196076],[-73.12009116,45.56566443],[-73.10398852,45.55435512],[-73.10231139,45.5553258],[-73.10142009,45.5600198],[-73.10076657,45.568067],[-73.08528974,45.55693156],[-73.0851795,45.55637319],[-73.06251203,45.5383109],[-73.07335816,45.51667669],[-73.07901791,45.50579883],[-73.07079883,45.50007014],[-73.06226821,45.49356552],[-73.07263307,45.47595264],[-73.04003273,45.4768134],[-73.03457811,45.49189755],[-73.02668496,45.48649443],[-73.00797554,45.47414742],[-73.00347141,45.47936131],[-72.98474419,45.47749373],[-72.9773253,45.47729448],[-72.958119,45.47501579],[-72.96198638,45.47700181],[-72.96287759,45.47879069],[-72.95994951,45.48135039],[-72.9591893,45.48326351],[-72.96251141,45.48636571],[-72.96119745,45.48838604],[-72.9594854,45.49916788],[-72.95794294,45.50299171],[-72.95224547,45.50913099],[-72.95491581,45.51213297],[-72.95400367,45.51695603],[-72.95057922,45.51959609],[-72.94941408,45.52367488],[-72.94095639,45.52295735],[-72.94393808,45.52675804],[-72.94504493,45.52938842],[-72.95075644,45.53095409],[-72.95539182,45.53662943],[-72.95971139,45.53885435],[-72.95981538,45.5433405],[-72.96322442,45.54725826],[-72.96447691,45.55025478],[-72.96756743,45.55216894],[-72.97331537,45.55335954],[-72.9754045,45.55438768],[-72.9787008,45.55802135],[-72.97921359,45.56108681],[-72.99009242,45.56223741],[-73.0031905,45.56324413],[-73.00501796,45.56971714],[-73.00151326,45.5698126],[-73.00147149,45.57617953],[-72.99920983,45.57974828],[-72.9990043,45.58582455],[-72.99793478,45.5909373],[-72.9915336,45.59783955],[-72.99779619,45.59960259],[-72.99780977,45.6013814],[-73.04836843,45.60007109],[-73.04760889,45.60603293],[-73.04480733,45.63175283],[-73.03350658,45.6320476],[-73.0331313,45.63793635],[-73.03139315,45.64149519],[-73.02513829,45.65191552],[-73.0233797,45.66678644],[-73.02228928,45.66938889],[-73.0123049,45.68584875],[-73.01004471,45.68723724],[-73.00759184,45.69047318],[-73.00711042,45.69359215],[-73.00347575,45.6991469],[-73.00293937,45.70243839],[-73.00358284,45.7077682],[-72.99618687,45.71758446],[-73.02072769,45.73562041],[-73.03169005,45.7438692],[-73.03927322,45.74898279],[-73.05264644,45.75945374],[-73.05902307,45.74823567]]]},"properties":{"ADAIDU":"24540003","IDUGD":"2021S051624540003","SUPTERRE":229.4453,"PRIDU":"24"},"bbox":[-73.14004613,45.47414742,-72.94095639,45.75945374]},{"type":"Feature","geometry":{"type":"Polygon","coordinates":[[[-72.8082529,45.51183491],[-72.85097698,45.53961392],[-72.87052921,45.55396146],[-72.90253638,45.57775831],[-72.91944642,45.56735708],[-72.93611259,45.55675575],[-72.95306696,45.56879389],[-72.95598482,45.56925339],[-72.95879924,45.57159985],[-72.96986069,45.56016518],[-72.98343274,45.57082774],[-72.98312119,45.56747979],[-72.97988192,45.56408847],[-72.97921359,45.56108681],[-72.9787008,45.55802135],[-72.9754045,45.55438768],[-72.97331537,45.55335954],[-72.96756743,45.55216894],[-72.96447691,45.55025478],[-72.96322442,45.54725826],[-72.95981538,45.5433405],[-72.95971139,45.53885435],[-72.95539182,45.53662943],[-72.95075644,45.53095409],[-72.94504493,45.52938842],[-72.94393808,45.52675804],[-72.94095639,45.52295735],[-72.94941408,45.52367488],[-72.95057922,45.51959609],[-72.95400367,45.51695603],[-72.95491581,45.51213297],[-72.95224547,45.50913099],[-72.95794294,45.50299171],[-72.9594854,45.49916788],[-72.96119745,45.48838604],[-72.96251141,45.48636571],[-72.9591893,45.48326351],[-72.95994951,45.48135039],[-72.96287759,45.47879069],[-72.96198638,45.47700181],[-72.958119,45.47501579],[-72.95850155,45.47354175],[-72.96308258,45.4693252],[-72.96179999,45.464343],[-72.96261781,45.45901981],[-72.96605039,45.4570562],[-72.94328096,45.45436968],[-72.94310555,45.45499473],[-72.92499871,45.45237313],[-72.92093144,45.46620985],[-72.90564773,45.46402135],[-72.90344879,45.47196692],[-72.89661849,45.47916838],[-72.88385565,45.46990147],[-72.8802471,45.46891636],[-72.87748183,45.47049153],[-72.87557785,45.4736574],[-72.86820308,45.47647082],[-72.86073992,45.47776502],[-72.85617613,45.47730521],[-72.83968628,45.47372913],[-72.83753475,45.47542782],[-72.8171996,45.4727552],[-72.8149254,45.48306257],[-72.81410974,45.48976939],[-72.81228864,45.49979068],[-72.80930783,45.50605147],[-72.8082529,45.51183491]]]},"properties":{"ADAIDU":"24540011","IDUGD":"2021S051624540011","SUPTERRE":107.4232,"PRIDU":"24"},"bbox":[-72.98343274,45.45237313,-72.8082529,45.57775831]},{"type":"Feature","geometry":{"type":"Polygon","coordinates":[[[-72.82737488,45.65694273],[-72.84065892,45.66622655],[-72.84490423,45.66004861],[-72.84933142,45.65632225],[-72.85171708,45.65517054],[-72.8851364,45.64305168],[-72.89371801,45.6395735],[-72.90973028,45.63631291],[-72.91825986,45.6252627],[-72.92098297,45.6235938],[-72.92922367,45.6216612],[-72.93228812,45.61845038],[-72.93399707,45.61097254],[-72.93446285,45.60904764],[-72.93872709,45.60603386],[-72.93607444,45.60349676],[-72.94341978,45.59895542],[-72.95955597,45.61064286],[-72.96545999,45.61542758],[-72.96823089,45.61434508],[-72.96947185,45.61257927],[-72.96862855,45.60774689],[-72.96857921,45.60341169],[-72.971436,45.59897106],[-72.97182789,45.59669651],[-72.97064383,45.5931286],[-72.97249235,45.58962283],[-72.97944375,45.58317042],[-72.98280943,45.57796927],[-72.98343274,45.57082774],[-72.96986069,45.56016518],[-72.95879924,45.57159985],[-72.95598482,45.56925339],[-72.95306696,45.56879389],[-72.93611259,45.55675575],[-72.91944642,45.56735708],[-72.90253638,45.57775831],[-72.88436859,45.58779037],[-72.87693723,45.59325019],[-72.86841714,45.59901065],[-72.85966849,45.59420806],[-72.84931669,45.61085012],[-72.8241362,45.65470705],[-72.82737488,45.65694273]]]},"properties":{"ADAIDU":"24540012","IDUGD":"2021S051624540012","SUPTERRE":62.5546,"PRIDU":"24"},"bbox":[-72.98343274,45.55675575,-72.8241362,45.66622655]},{"type":"Feature","geometry":{"type":"Polygon","coordinates":[[[-72.97921359,45.56108681],[-72.97988192,45.56408847],[-72.98312119,45.56747979],[-72.98343274,45.57082774],[-72.98280943,45.57796927],[-72.97944375,45.58317042],[-72.97249235,45.58962283],[-72.97064383,45.5931286],[-72.97182789,45.59669651],[-72.971436,45.59897106],[-72.96857921,45.60341169],[-72.96862855,45.60774689],[-72.96947185,45.61257927],[-72.97364551,45.60749855],[-72.9854621,45.60246988],[-72.98782087,45.60175757],[-72.99780977,45.6013814],[-72.99779619,45.59960259],[-72.9915336,45.59783955],[-72.99793478,45.5909373],[-72.9990043,45.58582455],[-72.99920983,45.57974828],[-73.00147149,45.57617953],[-73.00151326,45.5698126],[-73.00501796,45.56971714],[-73.0031905,45.56324413],[-72.99009242,45.56223741],[-72.97921359,45.56108681]]]},"properties":{"ADAIDU":"24540013","IDUGD":"2021S051624540013","SUPTERRE":7.7942,"PRIDU":"24"},"bbox":[-73.00501796,45.56108681,-72.96857921,45.61257927]},{"type":"Feature","geometry":{"type":"Polygon","coordinates":[[[-72.99780977,45.6013814],[-72.98782087,45.60175757],[-72.9854621,45.60246988],[-72.97364551,45.60749855],[-72.96947185,45.61257927],[-72.96823089,45.61434508],[-72.96545999,45.61542758],[-72.9570932,45.61697976],[-72.95413145,45.61888452],[-72.95610368,45.6204577],[-72.95538207,45.62274557],[-72.95672059,45.62376273],[-72.95445052,45.6251831],[-72.9557452,45.62622969],[-72.98746731,45.61928746],[-73.04760889,45.60603293],[-73.04836843,45.60007109],[-72.99780977,45.6013814]]]},"properties":{"ADAIDU":"24540014","IDUGD":"2021S051624540014","SUPTERRE":9.5531,"PRIDU":"24"},"bbox":[-73.04836843,45.60007109,-72.95413145,45.62622969]},{"type":"Feature","geometry":{"type":"Polygon","coordinates":[[[-72.95413145,45.61888452],[-72.95036658,45.62104644],[-72.94702322,45.62163797],[-72.94059008,45.62175517],[-72.93808905,45.62283041],[-72.93716456,45.62538729],[-72.93987619,45.62856823],[-72.9403822,45.62960801],[-72.94467549,45.62866113],[-72.95263776,45.62691795],[-72.9557452,45.62622969],[-72.95445052,45.6251831],[-72.95672059,45.62376273],[-72.95538207,45.62274557],[-72.95610368,45.6204577],[-72.95413145,45.61888452]]]},"properties":{"ADAIDU":"24540015","IDUGD":"2021S051624540015","SUPTERRE":0.93,"PRIDU":"24"},"bbox":[-72.95672059,45.61888452,-72.93716456,45.62960801]},{"type":"Feature","geometry":{"type":"Polygon","coordinates":[[[-72.93399707,45.61097254],[-72.93794581,45.61404165],[-72.94059008,45.62175517],[-72.94702322,45.62163797],[-72.95036658,45.62104644],[-72.95413145,45.61888452],[-72.9570932,45.61697976],[-72.96545999,45.61542758],[-72.95955597,45.61064286],[-72.94341978,45.59895542],[-72.93607444,45.60349676],[-72.93872709,45.60603386],[-72.93446285,45.60904764],[-72.93399707,45.61097254]]]},"properties":{"ADAIDU":"24540016","IDUGD":"2021S051624540016","SUPTERRE":3.1609,"PRIDU":"24"},"bbox":[-72.96545999,45.59895542,-72.93399707,45.62175517]},{"type":"Feature","geometry":{"type":"Polygon","coordinates":[[[-72.90973028,45.63631291],[-72.93726079,45.63028669],[-72.93987619,45.62856823],[-72.93716456,45.62538729],[-72.93808905,45.62283041],[-72.94059008,45.62175517],[-72.93794581,45.61404165],[-72.93399707,45.61097254],[-72.93228812,45.61845038],[-72.92922367,45.6216612],[-72.92098297,45.6235938],[-72.91825986,45.6252627],[-72.90973028,45.63631291]]]},"properties":{"ADAIDU":"24540017","IDUGD":"2021S051624540017","SUPTERRE":2.5394,"PRIDU":"24"},"bbox":[-72.94059008,45.61097254,-72.90973028,45.63631291]},{"type":"Feature","geometry":{"type":"Polygon","coordinates":[[[-72.92001761,45.68459814],[-72.92511992,45.68298011],[-72.92621855,45.68058149],[-72.92635588,45.67674353],[-72.93239836,45.67319316],[-72.93377166,45.67136993],[-72.93404632,45.66522802],[-72.93940216,45.65802963],[-72.94019967,45.65061406],[-72.9140023,45.65584763],[-72.91190103,45.65507924],[-72.90120095,45.64739984],[-72.90973028,45.63631291],[-72.89371801,45.6395735],[-72.8851364,45.64305168],[-72.85171708,45.65517054],[-72.84933142,45.65632225],[-72.84490423,45.66004861],[-72.84065892,45.66622655],[-72.85730193,45.67803294],[-72.873505,45.68903543],[-72.89088231,45.70115813],[-72.90994068,45.71418741],[-72.91500126,45.70638327],[-72.91453493,45.70248464],[-72.92357541,45.69552044],[-72.9257655,45.69181847],[-72.92445818,45.68938045],[-72.91805872,45.68680793],[-72.92001761,45.68459814]]]},"properties":{"ADAIDU":"24540018","IDUGD":"2021S051624540018","SUPTERRE":32.7229,"PRIDU":"24"},"bbox":[-72.94019967,45.63631291,-72.84065892,45.71418741]},{"type":"Feature","geometry":{"type":"Polygon","coordinates":[[[-72.93987619,45.62856823],[-72.93726079,45.63028669],[-72.90973028,45.63631291],[-72.90120095,45.64739984],[-72.91190103,45.65507924],[-72.9140023,45.65584763],[-72.94019967,45.65061406],[-72.93902075,45.64459613],[-72.93482457,45.63778784],[-72.9357932,45.63551266],[-72.93910215,45.63361231],[-72.9403822,45.62960801],[-72.93987619,45.62856823]]]},"properties":{"ADAIDU":"24540019","IDUGD":"2021S051624540019","SUPTERRE":5.5568,"PRIDU":"24"},"bbox":[-72.9403822,45.62856823,-72.90120095,45.65584763]},{"type":"Feature","geometry":{"type":"Polygon","coordinates":[[[-72.9403822,45.62960801],[-72.93910215,45.63361231],[-72.9357932,45.63551266],[-72.93482457,45.63778784],[-72.93902075,45.64459613],[-72.94019967,45.65061406],[-72.95518133,45.64759025],[-72.96033304,45.64602311],[-72.96911357,45.64204396],[-72.96913252,45.637712],[-72.96576402,45.6354882],[-72.95922418,45.64067267],[-72.94206355,45.63213193],[-72.94467549,45.62866113],[-72.9403822,45.62960801]]]},"properties":{"ADAIDU":"24540020","IDUGD":"2021S051624540020","SUPTERRE":2.9806,"PRIDU":"24"},"bbox":[-72.96913252,45.62866113,-72.93482457,45.65061406]},{"type":"Feature","geometry":{"type":"Polygon","coordinates":[[[-72.94467549,45.62866113],[-72.94206355,45.63213193],[-72.95922418,45.64067267],[-72.96576402,45.6354882],[-72.96118067,45.63352651],[-72.95263776,45.62691795],[-72.94467549,45.62866113]]]},"properties":{"ADAIDU":"24540021","IDUGD":"2021S051624540021","SUPTERRE":1.3605,"PRIDU":"24"},"bbox":[-72.96576402,45.62691795,-72.94206355,45.64067267]},{"type":"Feature","geometry":{"type":"Polygon","coordinates":[[[-72.9557452,45.62622969],[-72.95263776,45.62691795],[-72.96118067,45.63352651],[-72.96576402,45.6354882],[-72.96913252,45.637712],[-72.9702987,45.63459455],[-72.9690429,45.63299017],[-72.97147943,45.63133093],[-72.97885089,45.62865572],[-72.98622435,45.62548311],[-72.98746731,45.61928746],[-72.9557452,45.62622969]]]},"properties":{"ADAIDU":"24540022","IDUGD":"2021S051624540022","SUPTERRE":2.2868,"PRIDU":"24"},"bbox":[-72.98746731,45.61928746,-72.95263776,45.637712]},{"type":"Feature","geometry":{"type":"Polygon","coordinates":[[[-72.99618687,45.71758446],[-73.00358284,45.7077682],[-73.00293937,45.70243839],[-73.00347575,45.6991469],[-73.00711042,45.69359215],[-73.00759184,45.69047318],[-73.01004471,45.68723724],[-73.0123049,45.68584875],[-73.02228928,45.66938889],[-73.0233797,45.66678644],[-73.02513829,45.65191552],[-73.03139315,45.64149519],[-73.0331313,45.63793635],[-73.03350658,45.6320476],[-73.04480733,45.63175283],[-73.04760889,45.60603293],[-72.98746731,45.61928746],[-72.98622435,45.62548311],[-72.97885089,45.62865572],[-72.97147943,45.63133093],[-72.9690429,45.63299017],[-72.9702987,45.63459455],[-72.96913252,45.637712],[-72.96911357,45.64204396],[-72.96033304,45.64602311],[-72.95518133,45.64759025],[-72.94019967,45.65061406],[-72.93940216,45.65802963],[-72.93404632,45.66522802],[-72.93377166,45.67136993],[-72.93239836,45.67319316],[-72.92635588,45.67674353],[-72.92621855,45.68058149],[-72.92511992,45.68298011],[-72.92001761,45.68459814],[-72.92791804,45.69026685],[-72.93823082,45.69812797],[-72.93958852,45.6969938],[-72.95521728,45.68708648],[-72.99618687,45.71758446]]]},"properties":{"ADAIDU":"24540023","IDUGD":"2021S051624540023","SUPTERRE":57.4116,"PRIDU":"24"},"bbox":[-73.04760889,45.60603293,-72.92001761,45.71758446]},{"type":"Feature","geometry":{"type":"Polygon","coordinates":[[[-72.79982537,45.53775859],[-72.79531022,45.55202733],[-72.78058911,45.59214427],[-72.78925684,45.59862998],[-72.80525216,45.61124712],[-72.7928906,45.63268703],[-72.80880479,45.64411718],[-72.8241362,45.65470705],[-72.84931669,45.61085012],[-72.85966849,45.59420806],[-72.86841714,45.59901065],[-72.87693723,45.59325019],[-72.88436859,45.58779037],[-72.90253638,45.57775831],[-72.87052921,45.55396146],[-72.85097698,45.53961392],[-72.8082529,45.51183491],[-72.79982537,45.53775859]]]},"properties":{"ADAIDU":"24540024","IDUGD":"2021S051624540024","SUPTERRE":70.5253,"PRIDU":"24"},"bbox":[-72.90253638,45.51183491,-72.78058911,45.65470705]},{"type":"Feature","geometry":{"type":"Polygon","coordinates":[[[-72.82012506,45.45663451],[-72.8171996,45.4727552],[-72.83753475,45.47542782],[-72.83968628,45.47372913],[-72.85617613,45.47730521],[-72.86073992,45.47776502],[-72.86820308,45.47647082],[-72.87557785,45.4736574],[-72.87748183,45.47049153],[-72.8802471,45.46891636],[-72.88385565,45.46990147],[-72.89661849,45.47916838],[-72.90344879,45.47196692],[-72.90564773,45.46402135],[-72.92093144,45.46620985],[-72.92499871,45.45237313],[-72.94310555,45.45499473],[-72.94328096,45.45436968],[-72.96605039,45.4570562],[-72.9663348,45.4553658],[-72.9644889,45.4518118],[-72.96448131,45.44721349],[-72.96565568,45.44211764],[-72.96359666,45.43961661],[-72.95450901,45.4380148],[-72.93085426,45.43478691],[-72.933038,45.4249973],[-72.93600061,45.41581176],[-72.92569065,45.41417265],[-72.92698514,45.41004054],[-72.92255088,45.41043436],[-72.92141656,45.41516881],[-72.91980651,45.41476982],[-72.9254009,45.39496455],[-72.91067688,45.39291253],[-72.84168444,45.38208761],[-72.84115242,45.38170859],[-72.83578855,45.3973727],[-72.82483317,45.427959],[-72.82124011,45.44805381],[-72.82012506,45.45663451]]]},"properties":{"ADAIDU":"24550001","IDUGD":"2021S051624550001","SUPTERRE":79.6046,"PRIDU":"24"},"bbox":[-72.9663348,45.38170859,-72.8171996,45.47916838]},{"type":"Feature","geometry":{"type":"Polygon","coordinates":[[[-73.16806325,45.49043338],[-73.18764698,45.50389936],[-73.19637069,45.51068004],[-73.21344087,45.52226761],[-73.23175043,45.53506003],[-73.2349635,45.52991908],[-73.2399538,45.52046299],[-73.24117417,45.51738168],[-73.24506012,45.51174363],[-73.25228402,45.50487217],[-73.25626082,45.4996996],[-73.2583383,45.49558992],[-73.26637481,45.48726361],[-73.26758983,45.48382764],[-73.26799189,45.48103925],[-73.27126071,45.47658343],[-73.27652795,45.47104465],[-73.28044621,45.46502567],[-73.27425816,45.45704155],[-73.27204347,45.45721593],[-73.2684317,45.45578761],[-73.2675792,45.45287885],[-73.2617041,45.45070871],[-73.25485531,45.4474107],[-73.25392298,45.44764546],[-73.24002829,45.44295161],[-73.2392649,45.44461649],[-73.23645416,45.44547683],[-73.2399052,45.44656769],[-73.24031997,45.44999284],[-73.24575202,45.45190676],[-73.24526796,45.45305901],[-73.22519918,45.44593909],[-73.22433228,45.44763479],[-73.2102491,45.44295456],[-73.20595183,45.44308571],[-73.20599857,45.44400891],[-73.20228461,45.44431112],[-73.1988053,45.45166771],[-73.2041009,45.45441332],[-73.19775781,45.46069159],[-73.20043975,45.4616941],[-73.19672225,45.46436839],[-73.1956734,45.47054804],[-73.19745526,45.47213222],[-73.18871319,45.47080002],[-73.18536842,45.47310155],[-73.18804676,45.47359612],[-73.18743285,45.47527345],[-73.18336528,45.47327795],[-73.17574151,45.47141542],[-73.1746537,45.47308431],[-73.1703212,45.4747276],[-73.1686255,45.48036471],[-73.16953629,45.48429969],[-73.17145749,45.4860869],[-73.1686925,45.48856249],[-73.16806325,45.49043338]]]},"properties":{"ADAIDU":"24550002","IDUGD":"2021S051624550002","SUPTERRE":47.0228,"PRIDU":"24"},"bbox":[-73.28044621,45.44295161,-73.16806325,45.53506003]},{"type":"Feature","geometry":{"type":"Polygon","coordinates":[[[-72.87625836,45.28444058],[-72.87151746,45.29638815],[-72.86371067,45.31860644],[-72.85674925,45.33785026],[-72.8523068,45.35062317],[-72.84582,45.36843804],[-72.84115242,45.38170859],[-72.84168444,45.38208761],[-72.91067688,45.39291253],[-72.9254009,45.39496455],[-72.91980651,45.41476982],[-72.92141656,45.41516881],[-72.92255088,45.41043436],[-72.92698514,45.41004054],[-72.92569065,45.41417265],[-72.93600061,45.41581176],[-72.933038,45.4249973],[-72.93085426,45.43478691],[-72.95450901,45.4380148],[-72.96359666,45.43961661],[-72.96565568,45.44211764],[-72.96448131,45.44721349],[-72.9644889,45.4518118],[-72.9663348,45.4553658],[-72.96605039,45.4570562],[-72.96261781,45.45901981],[-72.96179999,45.464343],[-72.96308258,45.4693252],[-72.95850155,45.47354175],[-72.958119,45.47501579],[-72.9773253,45.47729448],[-72.98474419,45.47749373],[-73.00347141,45.47936131],[-73.00797554,45.47414742],[-73.02668496,45.48649443],[-73.03457811,45.49189755],[-73.04003273,45.4768134],[-73.07263307,45.47595264],[-73.07953267,45.46556728],[-73.09383499,45.47680667],[-73.10005753,45.46596825],[-73.10274725,45.4668476],[-73.10678425,45.46290441],[-73.11424204,45.46084823],[-73.1179354,45.45889989],[-73.11193507,45.45457587],[-73.11581447,45.45392793],[-73.09512031,45.43929476],[-73.09733907,45.42251082],[-73.11155707,45.41811901],[-73.12532277,45.41485902],[-73.12036682,45.40311262],[-73.16213087,45.39212286],[-73.15523035,45.37907135],[-73.15968783,45.37766232],[-73.1485388,45.37030255],[-73.13305704,45.359685],[-73.11730464,45.37115821],[-73.10496341,45.36255772],[-73.10364283,45.36714601],[-73.0878351,45.35569653],[-73.08458505,45.35823897],[-73.06096468,45.37804304],[-73.05802525,45.37914242],[-73.047492,45.38625925],[-73.0452732,45.38587103],[-73.03281703,45.37708599],[-73.03022185,45.37665005],[-73.02685393,45.3724984],[-73.01126606,45.37545742],[-73.00704993,45.37074844],[-73.00857296,45.34776362],[-72.99481316,45.33756678],[-72.98922796,45.33405728],[-72.990093,45.33612466],[-72.98933149,45.33844514],[-72.98995359,45.34180552],[-72.97673429,45.33241091],[-72.95147051,45.314937],[-72.93025571,45.29954013],[-72.92318342,45.29994128],[-72.9111567,45.2910151],[-72.90576335,45.28776009],[-72.90948454,45.28808585],[-72.91216133,45.29031874],[-72.91359691,45.28945306],[-72.91254879,45.28663257],[-72.89408547,45.27297661],[-72.88237841,45.26455297],[-72.88168052,45.26937209],[-72.87625836,45.28444058]]]},"properties":{"ADAIDU":"24550003","IDUGD":"2021S051624550003","SUPTERRE":261.9818,"PRIDU":"24"},"bbox":[-73.16213087,45.26455297,-72.84115242,45.49189755]},{"type":"Feature","geometry":{"type":"Polygon","coordinates":[[[-73.20595183,45.44308571],[-73.2022452,45.43802614],[-73.20243402,45.43431044],[-73.20514689,45.43328328],[-73.20217597,45.43286209],[-73.20306144,45.42211295],[-73.21113898,45.42121433],[-73.19654698,45.41137824],[-73.19276489,45.40425393],[-73.19851288,45.40225141],[-73.19944794,45.37767612],[-73.17951338,45.39131533],[-73.16489985,45.3816165],[-73.15968783,45.37766232],[-73.15523035,45.37907135],[-73.16213087,45.39212286],[-73.12036682,45.40311262],[-73.12532277,45.41485902],[-73.11155707,45.41811901],[-73.09733907,45.42251082],[-73.09512031,45.43929476],[-73.11581447,45.45392793],[-73.14727794,45.47589388],[-73.16398286,45.48741322],[-73.16806325,45.49043338],[-73.1686925,45.48856249],[-73.17145749,45.4860869],[-73.16953629,45.48429969],[-73.1686255,45.48036471],[-73.1703212,45.4747276],[-73.1746537,45.47308431],[-73.17574151,45.47141542],[-73.18336528,45.47327795],[-73.18743285,45.47527345],[-73.18804676,45.47359612],[-73.18536842,45.47310155],[-73.18871319,45.47080002],[-73.19745526,45.47213222],[-73.1956734,45.47054804],[-73.19672225,45.46436839],[-73.20043975,45.4616941],[-73.19775781,45.46069159],[-73.2041009,45.45441332],[-73.1988053,45.45166771],[-73.20228461,45.44431112],[-73.20599857,45.44400891],[-73.20595183,45.44308571]]]},"properties":{"ADAIDU":"24550004","IDUGD":"2021S051624550004","SUPTERRE":63.2313,"PRIDU":"24"},"bbox":[-73.21113898,45.37766232,-73.09512031,45.49043338]},{"type":"Feature","geometry":{"type":"Polygon","coordinates":[[[-73.27425816,45.45704155],[-73.27328042,45.45072729],[-73.2671622,45.44901814],[-73.25969325,45.44503468],[-73.254453,45.43919892],[-73.25043467,45.43519585],[-73.24790028,45.4314215],[-73.24515347,45.42491819],[-73.24496975,45.42236211],[-73.24273069,45.41521116],[-73.24338159,45.41374309],[-73.25136215,45.40747992],[-73.25688177,45.40196766],[-73.25641956,45.39848085],[-73.25337648,45.39359846],[-73.25338525,45.38841305],[-73.25256864,45.38488602],[-73.24949688,45.3804873],[-73.24709449,45.38153343],[-73.22001829,45.36206321],[-73.21915861,45.36555259],[-73.22136269,45.37344379],[-73.21733997,45.37592623],[-73.20969688,45.37062304],[-73.19944794,45.37767612],[-73.19851288,45.40225141],[-73.19276489,45.40425393],[-73.19654698,45.41137824],[-73.21113898,45.42121433],[-73.20306144,45.42211295],[-73.20217597,45.43286209],[-73.20514689,45.43328328],[-73.20243402,45.43431044],[-73.2022452,45.43802614],[-73.20595183,45.44308571],[-73.2102491,45.44295456],[-73.22433228,45.44763479],[-73.22519918,45.44593909],[-73.24526796,45.45305901],[-73.24575202,45.45190676],[-73.24031997,45.44999284],[-73.2399052,45.44656769],[-73.23645416,45.44547683],[-73.2392649,45.44461649],[-73.24002829,45.44295161],[-73.25392298,45.44764546],[-73.25485531,45.4474107],[-73.2617041,45.45070871],[-73.2675792,45.45287885],[-73.2684317,45.45578761],[-73.27204347,45.45721593],[-73.27425816,45.45704155]]]},"properties":{"ADAIDU":"24550005","IDUGD":"2021S051624550005","SUPTERRE":30.9644,"PRIDU":"24"},"bbox":[-73.27425816,45.36206321,-73.19276489,45.45721593]},{"type":"Feature","geometry":{"type":"Polygon","coordinates":[[[-72.99481316,45.33756678],[-73.00857296,45.34776362],[-73.00704993,45.37074844],[-73.01126606,45.37545742],[-73.02685393,45.3724984],[-73.03022185,45.37665005],[-73.03281703,45.37708599],[-73.0452732,45.38587103],[-73.047492,45.38625925],[-73.05802525,45.37914242],[-73.06096468,45.37804304],[-73.08458505,45.35823897],[-73.0878351,45.35569653],[-73.10364283,45.36714601],[-73.10496341,45.36255772],[-73.11730464,45.37115821],[-73.13305704,45.359685],[-73.1485388,45.37030255],[-73.15968783,45.37766232],[-73.16489985,45.3816165],[-73.17951338,45.39131533],[-73.19944794,45.37767612],[-73.20969688,45.37062304],[-73.2043412,45.35160018],[-73.20170307,45.34429739],[-73.2017837,45.33418646],[-73.20362167,45.32791259],[-73.20562652,45.32570623],[-73.16968169,45.30018833],[-73.16941851,45.29700304],[-73.16962568,45.28092814],[-73.16802343,45.2802326],[-73.18031039,45.26603382],[-73.19204687,45.25298388],[-73.17783113,45.24749069],[-73.17761576,45.21844892],[-73.17716482,45.20558267],[-73.15064139,45.20553652],[-73.13154406,45.20598987],[-73.12855217,45.17131385],[-73.10931298,45.17165539],[-73.08570373,45.17183158],[-73.08679692,45.19215127],[-73.09158843,45.19640212],[-73.08340648,45.20088309],[-73.05783051,45.21419734],[-73.07385472,45.22858384],[-73.07017058,45.23103473],[-73.06873985,45.23056212],[-73.06809098,45.24685393],[-73.06544967,45.24461835],[-73.06404928,45.25934613],[-73.06353292,45.26783012],[-73.05919784,45.26556249],[-73.05851232,45.27301948],[-73.04988026,45.26705357],[-73.0498705,45.27611395],[-73.04834726,45.27859367],[-73.04608505,45.29274214],[-73.02654462,45.27971249],[-73.01649382,45.27249337],[-73.01614943,45.27222804],[-73.01476479,45.28243028],[-73.01428159,45.28935255],[-73.01768141,45.2904415],[-73.04781631,45.31125598],[-73.04886019,45.32531562],[-73.04622231,45.32607047],[-73.03384635,45.32562292],[-73.01035541,45.33015489],[-73.00964986,45.33752496],[-72.99481316,45.33756678]]]},"properties":{"ADAIDU":"24560001","IDUGD":"2021S051624560001","SUPTERRE":226.6133,"PRIDU":"24"},"bbox":[-73.20969688,45.17131385,-72.99481316,45.39131533]},{"type":"Feature","geometry":{"type":"Polygon","coordinates":[[[-73.25747225,45.382246],[-73.27478242,45.38263069],[-73.28973372,45.39307756],[-73.3083434,45.40613117],[-73.30994369,45.40273221],[-73.32356722,45.39168678],[-73.32410375,45.38814599],[-73.32678771,45.38320193],[-73.33875237,45.38551633],[-73.34737847,45.39031505],[-73.34868925,45.38608871],[-73.37906241,45.40811066],[-73.3866519,45.41319994],[-73.38518886,45.41012468],[-73.39372689,45.4104731],[-73.38043016,45.40114932],[-73.38315443,45.39975222],[-73.38610793,45.39990944],[-73.38556143,45.39836699],[-73.3870584,45.38752197],[-73.38800237,45.38415007],[-73.37411114,45.37747214],[-73.36996237,45.37608664],[-73.36894224,45.37393725],[-73.37254213,45.37299366],[-73.37093554,45.37100925],[-73.37375214,45.36917015],[-73.37184042,45.36750446],[-73.37318436,45.36659524],[-73.37329673,45.36360217],[-73.37096906,45.36428495],[-73.36682155,45.36189017],[-73.36835266,45.35971679],[-73.36479023,45.35885907],[-73.34602024,45.35335867],[-73.34380646,45.34950084],[-73.32880136,45.34498985],[-73.3236407,45.34295195],[-73.31030479,45.33860093],[-73.31126186,45.33696537],[-73.30702761,45.33391543],[-73.30844543,45.33349811],[-73.30683189,45.3284017],[-73.3083499,45.32688559],[-73.30141421,45.32365214],[-73.29958823,45.31895198],[-73.29548293,45.31902951],[-73.29841037,45.330627],[-73.30197872,45.33831481],[-73.30271866,45.34166816],[-73.30174543,45.34665765],[-73.30053705,45.34799045],[-73.2933559,45.35176093],[-73.29196017,45.35068905],[-73.28856482,45.35146029],[-73.28671725,45.36334144],[-73.27906804,45.36074841],[-73.2685898,45.35594531],[-73.26748555,45.3567671],[-73.2662908,45.36500014],[-73.26123784,45.36871491],[-73.25689725,45.37483598],[-73.25662043,45.3770259],[-73.258158,45.37855851],[-73.25747225,45.382246]]]},"properties":{"ADAIDU":"24560002","IDUGD":"2021S051624560002","SUPTERRE":43.0347,"PRIDU":"24"},"bbox":[-73.39372689,45.31895198,-73.25662043,45.41319994]},{"type":"Feature","geometry":{"type":"Polygon","coordinates":[[[-73.25256864,45.38488602],[-73.25747225,45.382246],[-73.258158,45.37855851],[-73.25662043,45.3770259],[-73.25689725,45.37483598],[-73.26123784,45.36871491],[-73.2662908,45.36500014],[-73.26748555,45.3567671],[-73.2685898,45.35594531],[-73.27906804,45.36074841],[-73.28671725,45.36334144],[-73.28856482,45.35146029],[-73.29196017,45.35068905],[-73.2933559,45.35176093],[-73.28955399,45.34780406],[-73.28837878,45.34568278],[-73.28818205,45.34049905],[-73.28447579,45.34095546],[-73.26246999,45.34070734],[-73.2616765,45.3446827],[-73.2579349,45.34886034],[-73.25105807,45.35814097],[-73.24919085,45.36746227],[-73.24687441,45.37342952],[-73.24949688,45.3804873],[-73.25256864,45.38488602]]]},"properties":{"ADAIDU":"24560003","IDUGD":"2021S051624560003","SUPTERRE":6.231,"PRIDU":"24"},"bbox":[-73.2933559,45.34049905,-73.24687441,45.38488602]},{"type":"Feature","geometry":{"type":"Polygon","coordinates":[[[-73.24949688,45.3804873],[-73.24687441,45.37342952],[-73.24919085,45.36746227],[-73.25105807,45.35814097],[-73.2579349,45.34886034],[-73.2616765,45.3446827],[-73.26246999,45.34070734],[-73.26215239,45.33283745],[-73.2595657,45.326841],[-73.24678041,45.3268597],[-73.2434829,45.32624796],[-73.22733858,45.32069106],[-73.22267399,45.31748201],[-73.21950963,45.31349324],[-73.21869998,45.31548922],[-73.21265381,45.3165205],[-73.20892324,45.31957819],[-73.20921093,45.3171089],[-73.20918149,45.29977937],[-73.23004482,45.30121291],[-73.22996723,45.29282886],[-73.24711556,45.29286343],[-73.24745503,45.29068097],[-73.24450381,45.28444778],[-73.24367053,45.26973034],[-73.24470021,45.25892568],[-73.20868698,45.25896007],[-73.208438,45.26016814],[-73.19204687,45.25298388],[-73.18031039,45.26603382],[-73.16802343,45.2802326],[-73.16962568,45.28092814],[-73.16941851,45.29700304],[-73.16968169,45.30018833],[-73.20562652,45.32570623],[-73.20362167,45.32791259],[-73.2017837,45.33418646],[-73.20170307,45.34429739],[-73.2043412,45.35160018],[-73.20969688,45.37062304],[-73.21733997,45.37592623],[-73.22136269,45.37344379],[-73.21915861,45.36555259],[-73.22001829,45.36206321],[-73.24709449,45.38153343],[-73.24949688,45.3804873]]]},"properties":{"ADAIDU":"24560004","IDUGD":"2021S051624560004","SUPTERRE":50.8189,"PRIDU":"24"},"bbox":[-73.26246999,45.25298388,-73.16802343,45.38153343]},{"type":"Feature","geometry":{"type":"Polygon","coordinates":[[[-73.38800237,45.38415007],[-73.39795722,45.37366371],[-73.39451611,45.37234603],[-73.3922222,45.36014934],[-73.38765115,45.35852952],[-73.39035227,45.35529855],[-73.39490366,45.3497423],[-73.4016215,45.34840649],[-73.40500777,45.34588615],[-73.40505803,45.34211824],[-73.40607908,45.33772041],[-73.4096096,45.332117],[-73.40842819,45.32890358],[-73.39346416,45.32243829],[-73.36974096,45.31176222],[-73.37198946,45.30639012],[-73.37595575,45.30268853],[-73.37548506,45.30108766],[-73.37985545,45.30018098],[-73.37927367,45.29572645],[-73.38262072,45.29515594],[-73.38155595,45.29034074],[-73.37887633,45.28166424],[-73.38979015,45.26778275],[-73.40146076,45.26572501],[-73.41144439,45.25487636],[-73.3830816,45.25962589],[-73.3857239,45.25724389],[-73.36749735,45.244796],[-73.3665678,45.24390421],[-73.35600191,45.25191662],[-73.36159573,45.25558178],[-73.35748752,45.25875603],[-73.35541895,45.25736392],[-73.34397884,45.26858506],[-73.34732757,45.26946397],[-73.34760736,45.27075525],[-73.34391431,45.26983117],[-73.34400464,45.27260925],[-73.34056621,45.27170513],[-73.34079353,45.26814148],[-73.31953003,45.2539315],[-73.32044076,45.28441231],[-73.3098799,45.28459791],[-73.31009151,45.29694048],[-73.31127429,45.29706372],[-73.31175937,45.30355708],[-73.31034427,45.30563185],[-73.30590769,45.30784648],[-73.30451391,45.30967626],[-73.30112224,45.30989164],[-73.29940086,45.31335603],[-73.29958823,45.31895198],[-73.30141421,45.32365214],[-73.3083499,45.32688559],[-73.30683189,45.3284017],[-73.30844543,45.33349811],[-73.30702761,45.33391543],[-73.31126186,45.33696537],[-73.31030479,45.33860093],[-73.3236407,45.34295195],[-73.32880136,45.34498985],[-73.34380646,45.34950084],[-73.34602024,45.35335867],[-73.36479023,45.35885907],[-73.36835266,45.35971679],[-73.36682155,45.36189017],[-73.37096906,45.36428495],[-73.37329673,45.36360217],[-73.37318436,45.36659524],[-73.37184042,45.36750446],[-73.37375214,45.36917015],[-73.37093554,45.37100925],[-73.37254213,45.37299366],[-73.36894224,45.37393725],[-73.36996237,45.37608664],[-73.37411114,45.37747214],[-73.38800237,45.38415007]]]},"properties":{"ADAIDU":"24560005","IDUGD":"2021S051624560005","SUPTERRE":69.4986,"PRIDU":"24"},"bbox":[-73.41144439,45.24390421,-73.29940086,45.38415007]},{"type":"Feature","geometry":{"type":"Polygon","coordinates":[[[-73.29841037,45.330627],[-73.29799269,45.32985662],[-73.28730174,45.33210216],[-73.28717572,45.33639925],[-73.28818205,45.34049905],[-73.28837878,45.34568278],[-73.28955399,45.34780406],[-73.2933559,45.35176093],[-73.30053705,45.34799045],[-73.30174543,45.34665765],[-73.30271866,45.34166816],[-73.30197872,45.33831481],[-73.29841037,45.330627]]]},"properties":{"ADAIDU":"24560006","IDUGD":"2021S051624560006","SUPTERRE":2.1771,"PRIDU":"24"},"bbox":[-73.30271866,45.32985662,-73.28717572,45.35176093]},{"type":"Feature","geometry":{"type":"Polygon","coordinates":[[[-73.28818205,45.34049905],[-73.28717572,45.33639925],[-73.28730174,45.33210216],[-73.28595819,45.32900522],[-73.28392068,45.32761768],[-73.2797988,45.32680609],[-73.2595657,45.326841],[-73.26215239,45.33283745],[-73.26246999,45.34070734],[-73.28447579,45.34095546],[-73.28818205,45.34049905]]]},"properties":{"ADAIDU":"24560007","IDUGD":"2021S051624560007","SUPTERRE":2.7268,"PRIDU":"24"},"bbox":[-73.28818205,45.32680609,-73.2595657,45.34095546]},{"type":"Feature","geometry":{"type":"Polygon","coordinates":[[[-73.2462086,45.30223217],[-73.24685693,45.3080833],[-73.24988308,45.31451843],[-73.26803976,45.31433784],[-73.26801783,45.3127002],[-73.26518017,45.31273849],[-73.2647402,45.30927801],[-73.26582635,45.30614519],[-73.266514,45.30296051],[-73.25722852,45.30296792],[-73.2462086,45.30223217]]]},"properties":{"ADAIDU":"24560008","IDUGD":"2021S051624560008","SUPTERRE":1.5593,"PRIDU":"24"},"bbox":[-73.26803976,45.30223217,-73.2462086,45.31451843]},{"type":"Feature","geometry":{"type":"Polygon","coordinates":[[[-73.29548293,45.31902951],[-73.29290898,45.30931483],[-73.27797625,45.30889531],[-73.27799727,45.30618991],[-73.26582635,45.30614519],[-73.2647402,45.30927801],[-73.26518017,45.31273849],[-73.26801783,45.3127002],[-73.26803976,45.31433784],[-73.24988308,45.31451843],[-73.25060139,45.31639047],[-73.25291671,45.31934561],[-73.25739218,45.32245934],[-73.2595657,45.326841],[-73.2797988,45.32680609],[-73.28392068,45.32761768],[-73.28595819,45.32900522],[-73.28730174,45.33210216],[-73.29799269,45.32985662],[-73.29841037,45.330627],[-73.29548293,45.31902951]]]},"properties":{"ADAIDU":"24560009","IDUGD":"2021S051624560009","SUPTERRE":6.0649,"PRIDU":"24"},"bbox":[-73.29841037,45.30614519,-73.24988308,45.33210216]},{"type":"Feature","geometry":{"type":"Polygon","coordinates":[[[-73.23004482,45.30121291],[-73.2300715,45.30421006],[-73.23640814,45.30419025],[-73.23649097,45.30643815],[-73.23443813,45.30752514],[-73.23117346,45.30754082],[-73.23119855,45.30925033],[-73.23451512,45.30881906],[-73.23521619,45.31031053],[-73.23017616,45.31093684],[-73.23024101,45.31637425],[-73.25060139,45.31639047],[-73.24988308,45.31451843],[-73.24685693,45.3080833],[-73.2462086,45.30223217],[-73.24683112,45.30027144],[-73.24711556,45.29286343],[-73.22996723,45.29282886],[-73.23004482,45.30121291]]]},"properties":{"ADAIDU":"24560010","IDUGD":"2021S051624560010","SUPTERRE":2.9204,"PRIDU":"24"},"bbox":[-73.25060139,45.29282886,-73.22996723,45.31639047]},{"type":"Feature","geometry":{"type":"Polygon","coordinates":[[[-73.29958823,45.31895198],[-73.29940086,45.31335603],[-73.30112224,45.30989164],[-73.30451391,45.30967626],[-73.30590769,45.30784648],[-73.31034427,45.30563185],[-73.31175937,45.30355708],[-73.31127429,45.29706372],[-73.31009151,45.29694048],[-73.3098799,45.28459791],[-73.32044076,45.28441231],[-73.31953003,45.2539315],[-73.3136059,45.24967475],[-73.29602864,45.23774612],[-73.29631713,45.2590594],[-73.27413405,45.25952201],[-73.27336054,45.24353545],[-73.27314643,45.23340446],[-73.25624851,45.23380854],[-73.25471974,45.23963828],[-73.25572115,45.25883948],[-73.25780786,45.26168646],[-73.2704607,45.26857624],[-73.27368958,45.27184843],[-73.27574768,45.27944192],[-73.27443953,45.28312679],[-73.26849325,45.28899395],[-73.2671684,45.29104117],[-73.272763,45.2916754],[-73.27324088,45.30140231],[-73.27569659,45.30141883],[-73.27832329,45.30337554],[-73.2835429,45.30342946],[-73.28378666,45.30623794],[-73.27799727,45.30618991],[-73.27797625,45.30889531],[-73.29290898,45.30931483],[-73.29548293,45.31902951],[-73.29958823,45.31895198]]]},"properties":{"ADAIDU":"24560011","IDUGD":"2021S051624560011","SUPTERRE":26.0469,"PRIDU":"24"},"bbox":[-73.32044076,45.23340446,-73.25471974,45.31902951]},{"type":"Feature","geometry":{"type":"Polygon","coordinates":[[[-73.24745503,45.29068097],[-73.25555172,45.29030546],[-73.25505357,45.29445828],[-73.25672592,45.29443145],[-73.25804022,45.29113219],[-73.2671684,45.29104117],[-73.26849325,45.28899395],[-73.27443953,45.28312679],[-73.27574768,45.27944192],[-73.27368958,45.27184843],[-73.2704607,45.26857624],[-73.25780786,45.26168646],[-73.25572115,45.25883948],[-73.25471974,45.23963828],[-73.25624851,45.23380854],[-73.24821888,45.23336172],[-73.2489038,45.23810049],[-73.24759971,45.24784342],[-73.24766739,45.25],[-73.24579452,45.25],[-73.24470021,45.25892568],[-73.24367053,45.26973034],[-73.24450381,45.28444778],[-73.24745503,45.29068097]]]},"properties":{"ADAIDU":"24560012","IDUGD":"2021S051624560012","SUPTERRE":7.9345,"PRIDU":"24"},"bbox":[-73.27574768,45.23336172,-73.24367053,45.29445828]},{"type":"Feature","geometry":{"type":"MultiPolygon","coordinates":[[[[-73.19730499,45.0990675],[-73.1990705,45.09918011],[-73.19865291,45.0964343],[-73.19730499,45.0990675]]],[[[-73.22485279,45.0882303],[-73.22562801,45.09083289],[-73.22589291,45.09389321],[-73.22541829,45.0974648],[-73.22715291,45.10140141],[-73.22684771,45.0961363],[-73.22835371,45.09200929],[-73.22485279,45.0882303]]],[[[-73.32238701,45.064927],[-73.32165439,45.0677606],[-73.32407291,45.0658745],[-73.32662638,45.06554541],[-73.32967131,45.06219339],[-73.32816721,45.05990529],[-73.32456939,45.05716409],[-73.3229192,45.06117521],[-73.32238701,45.064927]]],[[[-73.08570373,45.17183158],[-73.10931298,45.17165539],[-73.12855217,45.17131385],[-73.13154406,45.20598987],[-73.15064139,45.20553652],[-73.17716482,45.20558267],[-73.17761576,45.21844892],[-73.17783113,45.24749069],[-73.19204687,45.25298388],[-73.208438,45.26016814],[-73.20868698,45.25896007],[-73.24470021,45.25892568],[-73.24579452,45.25],[-73.24397111,45.25000001],[-73.24380792,45.24684509],[-73.24501559,45.2388658],[-73.24417421,45.23620929],[-73.24440051,45.23115241],[-73.24616209,45.22739479],[-73.24600911,45.2217072],[-73.24760749,45.21732829],[-73.24976261,45.2136435],[-73.2480022,45.21153389],[-73.2478458,45.2066111],[-73.24846908,45.2038049],[-73.24801301,45.2004472],[-73.24953051,45.1968961],[-73.2478909,45.19351781],[-73.24802531,45.18323241],[-73.24992192,45.17437249],[-73.24943868,45.16851321],[-73.24994531,45.16613861],[-73.24891402,45.16342759],[-73.24939111,45.1590462],[-73.2488268,45.15144981],[-73.2497627,45.1468263],[-73.24905849,45.1449981],[-73.24980989,45.141841],[-73.25180368,45.14827059],[-73.25310069,45.1483005],[-73.25253011,45.14205391],[-73.2510712,45.14125879],[-73.2507781,45.1385135],[-73.25230102,45.1391647],[-73.25210809,45.13672561],[-73.24849778,45.13659171],[-73.2470944,45.13479779],[-73.24728879,45.13109959],[-73.24627831,45.12387121],[-73.24500418,45.12170861],[-73.2392674,45.11702511],[-73.23512839,45.11605269],[-73.2342475,45.1141609],[-73.2344286,45.11074161],[-73.22863842,45.101657],[-73.22722761,45.10171661],[-73.22576141,45.10011129],[-73.22508841,45.09738291],[-73.22544818,45.09123751],[-73.2235191,45.0882091],[-73.22216118,45.0879088],[-73.2137547,45.08978689],[-73.21855159,45.0882689],[-73.2165727,45.0876881],[-73.21216829,45.08948591],[-73.20995731,45.08958831],[-73.20568979,45.09186319],[-73.20370658,45.0945667],[-73.20125369,45.0947403],[-73.19893701,45.1004037],[-73.1967564,45.10188269],[-73.19690989,45.09927341],[-73.19558601,45.09737111],[-73.19699551,45.0951071],[-73.19909151,45.09518469],[-73.20088159,45.0930025],[-73.2040852,45.09261489],[-73.20969239,45.0892186],[-73.21255171,45.08901001],[-73.2163852,45.0870667],[-73.21932789,45.0879919],[-73.2223155,45.08752219],[-73.2274712,45.0879216],[-73.23050691,45.09070961],[-73.2312575,45.0931861],[-73.23076199,45.09859339],[-73.235581,45.10610981],[-73.23895479,45.11310981],[-73.23767412,45.11246799],[-73.23749369,45.11577019],[-73.239136,45.11517999],[-73.2444897,45.1173429],[-73.24769889,45.12167859],[-73.2486834,45.12616221],[-73.24885531,45.13337089],[-73.251528,45.1356264],[-73.25188461,45.12963391],[-73.2551747,45.1212989],[-73.26003061,45.12121021],[-73.26176841,45.11902711],[-73.25742879,45.1172901],[-73.26391559,45.11001451],[-73.25811612,45.11706659],[-73.26273409,45.1191011],[-73.2650148,45.11773799],[-73.2648605,45.11511891],[-73.26947519,45.11481341],[-73.27415559,45.11073709],[-73.27412761,45.10819041],[-73.27958731,45.10281961],[-73.28422978,45.1016136],[-73.28686819,45.10286031],[-73.2894492,45.1024422],[-73.29257941,45.09773241],[-73.2999047,45.09216611],[-73.30203739,45.09261981],[-73.30692079,45.09116119],[-73.31158719,45.08611149],[-73.31215411,45.08369171],[-73.31529379,45.0790714],[-73.3163725,45.0754284],[-73.31958151,45.06870221],[-73.3189502,45.0675313],[-73.32046941,45.06495989],[-73.32163508,45.0576185],[-73.32361841,45.05264501],[-73.3235841,45.0472815],[-73.32553351,45.0449447],[-73.32508761,45.04129941],[-73.32721799,45.03774789],[-73.32703322,45.0359119],[-73.33014361,45.0313449],[-73.33181811,45.03155441],[-73.3318755,45.0293047],[-73.3338767,45.02627489],[-73.33353899,45.02019099],[-73.33456099,45.01780769],[-73.33522099,45.01083924],[-73.28386482,45.01184157],[-73.20975775,45.01308041],[-73.20771991,45.01510569],[-73.20503919,45.0158098],[-73.19390431,45.01492551],[-73.19353905,45.01339967],[-73.19079999,45.01415219],[-73.18899009,45.0180439],[-73.1862416,45.01949429],[-73.18449431,45.02343111],[-73.18057399,45.02786579],[-73.17451518,45.03109741],[-73.1711427,45.03494839],[-73.1720986,45.03645401],[-73.1694039,45.04596741],[-73.16998661,45.04837181],[-73.16899571,45.0529136],[-73.16933541,45.05565029],[-73.1661949,45.05861981],[-73.15900471,45.0592375],[-73.15717681,45.0612659],[-73.15345181,45.0704247],[-73.15145761,45.07885979],[-73.1485167,45.08411519],[-73.14313739,45.08507951],[-73.13808521,45.08451461],[-73.1325714,45.08267029],[-73.12989389,45.08027679],[-73.1326297,45.0715835],[-73.13483649,45.0680629],[-73.13781879,45.0583264],[-73.13641591,45.05931191],[-73.1316539,45.0673058],[-73.12880272,45.0683315],[-73.1262512,45.07206671],[-73.12246799,45.0718473],[-73.1211146,45.07294971],[-73.11153114,45.07302504],[-73.10405998,45.0818109],[-73.11523835,45.08194922],[-73.11558309,45.08773451],[-73.11540795,45.09676728],[-73.1071536,45.09706629],[-73.10615263,45.10424644],[-73.09832445,45.10023809],[-73.0971559,45.10154055],[-73.09951958,45.12501549],[-73.10123222,45.13974895],[-73.08493421,45.13985323],[-73.08534364,45.15108274],[-73.08614907,45.16155797],[-73.08570373,45.17183158]]]]},"properties":{"ADAIDU":"24560013","IDUGD":"2021S051624560013","SUPTERRE":293.2343,"PRIDU":"24"},"bbox":[-73.33522099,45.01083924,-73.08493421,45.26016814]},{"type":"Feature","geometry":{"type":"MultiPolygon","coordinates":[[[[-73.25838491,45.13165461],[-73.26096811,45.1311021],[-73.25808751,45.12986319],[-73.25838491,45.13165461]]],[[[-73.2640309,45.13135141],[-73.26397359,45.12673481],[-73.26557311,45.12419141],[-73.26860331,45.1230007],[-73.27188149,45.1201546],[-73.2675774,45.11894009],[-73.26064161,45.1240551],[-73.25791911,45.127568],[-73.25927,45.1297847],[-73.26246279,45.1293594],[-73.2640309,45.13135141]]],[[[-73.3665678,45.24390421],[-73.35187039,45.23428277],[-73.36669329,45.22338347],[-73.36554068,45.22262521],[-73.38020264,45.21162329],[-73.35940607,45.19765202],[-73.36529205,45.17966882],[-73.35485303,45.16695002],[-73.35552139,45.15302935],[-73.35626671,45.13232689],[-73.37743367,45.13282585],[-73.37791899,45.12184735],[-73.39141024,45.12206822],[-73.39146703,45.10728263],[-73.3997975,45.10742865],[-73.39976832,45.0923708],[-73.39139972,45.09225334],[-73.39117587,45.08009092],[-73.39097322,45.04940324],[-73.39106213,45.04245216],[-73.41194522,45.04209184],[-73.41134029,45.02285316],[-73.41070973,45.00978857],[-73.37964826,45.01014077],[-73.3531051,45.01055736],[-73.35287979,45.0138821],[-73.35425139,45.01837438],[-73.3533951,45.0207761],[-73.35399689,45.0236116],[-73.3512287,45.02435501],[-73.35188019,45.02759561],[-73.35000751,45.03037391],[-73.3508031,45.03187771],[-73.34827251,45.03382729],[-73.3458985,45.03880961],[-73.34116859,45.04174579],[-73.33790939,45.04518801],[-73.33678401,45.04811111],[-73.3378837,45.0497775],[-73.3354752,45.05298669],[-73.33606739,45.05460749],[-73.33419478,45.05672851],[-73.3352407,45.0595108],[-73.3319583,45.06604839],[-73.32582528,45.0700798],[-73.3268,45.07113421],[-73.32490849,45.0791944],[-73.32305141,45.08006451],[-73.32184031,45.08557901],[-73.31474369,45.0920741],[-73.31044388,45.0937769],[-73.30677728,45.0960565],[-73.3030246,45.09739091],[-73.29372131,45.10524869],[-73.28991572,45.1068976],[-73.27976819,45.10863329],[-73.27791242,45.11202229],[-73.28079319,45.11310779],[-73.2818884,45.11585461],[-73.28140629,45.11894031],[-73.27951229,45.12232029],[-73.28131491,45.12291781],[-73.27664559,45.1240246],[-73.2728705,45.12397211],[-73.27064162,45.1250296],[-73.28185192,45.12542049],[-73.2696356,45.1254866],[-73.26941711,45.126071],[-73.2801067,45.12637109],[-73.27913921,45.12674721],[-73.26936451,45.1265118],[-73.26938721,45.12720481],[-73.27945431,45.1274407],[-73.27944029,45.12778269],[-73.2692202,45.12762741],[-73.26930659,45.12828459],[-73.2775823,45.12831],[-73.27761831,45.12885001],[-73.26901221,45.12876091],[-73.26898391,45.12946281],[-73.27695531,45.1293526],[-73.27205861,45.12992791],[-73.26821129,45.13188191],[-73.26334098,45.1352555],[-73.2608619,45.1382561],[-73.26238231,45.13956411],[-73.26086369,45.14390751],[-73.26161939,45.1486965],[-73.25992779,45.15179761],[-73.26192848,45.15388051],[-73.25982391,45.15532499],[-73.2597649,45.15725971],[-73.26264988,45.15780569],[-73.26280539,45.16018169],[-73.26559868,45.16447091],[-73.2650102,45.1684113],[-73.2659762,45.17481149],[-73.2643221,45.1779397],[-73.2627332,45.1836778],[-73.26285692,45.19067919],[-73.26177961,45.1957074],[-73.26162881,45.20134041],[-73.2587668,45.2068957],[-73.25963291,45.20679849],[-73.258775,45.2109992],[-73.2566536,45.21288449],[-73.25581149,45.2192719],[-73.254856,45.21937789],[-73.25138789,45.22632651],[-73.24997269,45.22670129],[-73.24821888,45.23336172],[-73.25624851,45.23380854],[-73.27314643,45.23340446],[-73.27336054,45.24353545],[-73.27413405,45.25952201],[-73.29631713,45.2590594],[-73.29602864,45.23774612],[-73.3136059,45.24967475],[-73.31953003,45.2539315],[-73.34079353,45.26814148],[-73.34056621,45.27170513],[-73.34400464,45.27260925],[-73.34391431,45.26983117],[-73.34760736,45.27075525],[-73.34732757,45.26946397],[-73.34397884,45.26858506],[-73.35541895,45.25736392],[-73.35748752,45.25875603],[-73.36159573,45.25558178],[-73.35600191,45.25191662],[-73.3665678,45.24390421]]]]},"properties":{"ADAIDU":"24560014","IDUGD":"2021S051624560014","SUPTERRE":188.0666,"PRIDU":"24"},"bbox":[-73.41194522,45.00978857,-73.24821888,45.27260925]},{"type":"Feature","geometry":{"type":"Polygon","coordinates":[[[-73.24711556,45.29286343],[-73.24683112,45.30027144],[-73.2462086,45.30223217],[-73.25722852,45.30296792],[-73.266514,45.30296051],[-73.26582635,45.30614519],[-73.27799727,45.30618991],[-73.28378666,45.30623794],[-73.2835429,45.30342946],[-73.27832329,45.30337554],[-73.27569659,45.30141883],[-73.27324088,45.30140231],[-73.272763,45.2916754],[-73.2671684,45.29104117],[-73.25804022,45.29113219],[-73.25672592,45.29443145],[-73.25505357,45.29445828],[-73.25555172,45.29030546],[-73.24745503,45.29068097],[-73.24711556,45.29286343]]]},"properties":{"ADAIDU":"24560015","IDUGD":"2021S051624560015","SUPTERRE":2.8348,"PRIDU":"24"},"bbox":[-73.28378666,45.29030546,-73.2462086,45.30623794]},{"type":"Feature","geometry":{"type":"Polygon","coordinates":[[[-73.2595657,45.326841],[-73.25739218,45.32245934],[-73.25291671,45.31934561],[-73.25060139,45.31639047],[-73.23024101,45.31637425],[-73.23017616,45.31093684],[-73.23521619,45.31031053],[-73.23451512,45.30881906],[-73.23119855,45.30925033],[-73.23117346,45.30754082],[-73.23443813,45.30752514],[-73.23649097,45.30643815],[-73.23640814,45.30419025],[-73.2300715,45.30421006],[-73.23004482,45.30121291],[-73.20918149,45.29977937],[-73.20921093,45.3171089],[-73.20892324,45.31957819],[-73.21265381,45.3165205],[-73.21869998,45.31548922],[-73.21950963,45.31349324],[-73.22267399,45.31748201],[-73.22733858,45.32069106],[-73.2434829,45.32624796],[-73.24678041,45.3268597],[-73.2595657,45.326841]]]},"properties":{"ADAIDU":"24560016","IDUGD":"2021S051624560016","SUPTERRE":5.0848,"PRIDU":"24"},"bbox":[-73.2595657,45.29977937,-73.20892324,45.3268597]},{"type":"Feature","geometry":{"type":"Polygon","coordinates":[[[-73.18470164,45.8618592],[-73.18854924,45.85940123],[-73.19116627,45.85394277],[-73.19395518,45.85132599],[-73.20582494,45.84332493],[-73.21195912,45.83620539],[-73.21799803,45.82548085],[-73.22507204,45.81603686],[-73.22681737,45.81740282],[-73.23819112,45.81027889],[-73.24206429,45.80610767],[-73.24047847,45.80483561],[-73.24609631,45.80018228],[-73.24873077,45.8020719],[-73.25376795,45.79760195],[-73.2582056,45.795726],[-73.25402537,45.79294092],[-73.26020912,45.78966865],[-73.26462472,45.79294951],[-73.2685931,45.79120255],[-73.2577827,45.78338627],[-73.26002868,45.78194353],[-73.2621439,45.78353156],[-73.26365832,45.78114141],[-73.23696068,45.76143922],[-73.21937061,45.74892497],[-73.22515763,45.74508843],[-73.23302904,45.73800378],[-73.23767216,45.73481912],[-73.24152388,45.73298755],[-73.239542,45.73123626],[-73.25455194,45.71727023],[-73.26185188,45.71109636],[-73.28022303,45.69570202],[-73.28417164,45.69856687],[-73.28812172,45.69614403],[-73.25808147,45.67466892],[-73.2586357,45.66692384],[-73.263077,45.65769645],[-73.26816298,45.65453668],[-73.24539546,45.63800429],[-73.23798558,45.63185308],[-73.23216957,45.63593962],[-73.23004263,45.63565325],[-73.22647019,45.63300358],[-73.22555254,45.63467569],[-73.21420541,45.62610821],[-73.21449429,45.62730569],[-73.21195132,45.6305387],[-73.2120073,45.63213151],[-73.20339646,45.62589729],[-73.20126525,45.6332337],[-73.18473718,45.62116263],[-73.18497316,45.62726793],[-73.18564922,45.62964152],[-73.17898698,45.62456597],[-73.15590273,45.60797267],[-73.13812784,45.59484707],[-73.13021294,45.58920939],[-73.12710786,45.58858303],[-73.13348838,45.59671387],[-73.13805992,45.60435885],[-73.14004613,45.61211894],[-73.13602761,45.62046212],[-73.13364875,45.62413106],[-73.13165688,45.62939139],[-73.13175615,45.6319903],[-73.11761102,45.62145865],[-73.10888287,45.61552672],[-73.1081859,45.6173086],[-73.09952797,45.61116893],[-73.09878517,45.61443473],[-73.09955145,45.63042618],[-73.10026824,45.65087948],[-73.1011893,45.66196874],[-73.10792171,45.66695974],[-73.11642316,45.67390141],[-73.11599646,45.68576737],[-73.11499135,45.6927524],[-73.11176883,45.69936226],[-73.10406091,45.71408631],[-73.09402294,45.72208857],[-73.08918297,45.72926317],[-73.08107891,45.72308946],[-73.07370349,45.71790932],[-73.05902307,45.74823567],[-73.07263779,45.75734802],[-73.09329787,45.77227773],[-73.09112062,45.77611614],[-73.09218343,45.77968821],[-73.10423434,45.78789716],[-73.10131366,45.7925566],[-73.09612459,45.79796254],[-73.10710567,45.80506054],[-73.12359389,45.81798008],[-73.13707169,45.82685974],[-73.15320354,45.83932568],[-73.16113188,45.84501028],[-73.17009088,45.85085886],[-73.18470164,45.8618592]]]},"properties":{"ADAIDU":"24570001","IDUGD":"2021S051624570001","SUPTERRE":276.1403,"PRIDU":"24"},"bbox":[-73.28812172,45.58858303,-73.05902307,45.8618592]},{"type":"Feature","geometry":{"type":"Polygon","coordinates":[[[-73.26816298,45.65453668],[-73.27596147,45.64955083],[-73.26191727,45.63884094],[-73.2647125,45.63784432],[-73.27251263,45.63308959],[-73.2748802,45.62650775],[-73.27610989,45.62759661],[-73.2833873,45.61875285],[-73.28215165,45.61783679],[-73.29251303,45.60514951],[-73.27639439,45.59333103],[-73.28120621,45.59156779],[-73.29119774,45.586215],[-73.29053401,45.58560159],[-73.2971858,45.58084798],[-73.28892105,45.57518247],[-73.26513298,45.55844931],[-73.25949739,45.5642161],[-73.25595707,45.56544662],[-73.25184595,45.56784632],[-73.24355617,45.57110774],[-73.23835459,45.57822061],[-73.2318697,45.59011299],[-73.22957249,45.59340989],[-73.22514109,45.6032524],[-73.2234525,45.60208716],[-73.22220699,45.60572525],[-73.2188967,45.60335062],[-73.21734295,45.60663495],[-73.2138676,45.60414313],[-73.21188983,45.6049834],[-73.20666587,45.60126555],[-73.20452561,45.6109486],[-73.20436703,45.61888435],[-73.20339646,45.62589729],[-73.2120073,45.63213151],[-73.21195132,45.6305387],[-73.21449429,45.62730569],[-73.21420541,45.62610821],[-73.22555254,45.63467569],[-73.22647019,45.63300358],[-73.23004263,45.63565325],[-73.23216957,45.63593962],[-73.23798558,45.63185308],[-73.24539546,45.63800429],[-73.26816298,45.65453668]]]},"properties":{"ADAIDU":"24570002","IDUGD":"2021S051624570002","SUPTERRE":39.3941,"PRIDU":"24"},"bbox":[-73.2971858,45.55844931,-73.20339646,45.65453668]},{"type":"Feature","geometry":{"type":"Polygon","coordinates":[[[-73.20339646,45.62589729],[-73.20436703,45.61888435],[-73.20452561,45.6109486],[-73.20666587,45.60126555],[-73.21188983,45.6049834],[-73.2138676,45.60414313],[-73.21734295,45.60663495],[-73.2188967,45.60335062],[-73.22220699,45.60572525],[-73.2234525,45.60208716],[-73.22514109,45.6032524],[-73.22957249,45.59340989],[-73.2318697,45.59011299],[-73.23835459,45.57822061],[-73.24355617,45.57110774],[-73.25184595,45.56784632],[-73.25595707,45.56544662],[-73.25949739,45.5642161],[-73.26513298,45.55844931],[-73.24916004,45.54721814],[-73.24397548,45.55287367],[-73.24007267,45.55424944],[-73.23579651,45.5566714],[-73.23178853,45.55792313],[-73.21506036,45.54559596],[-73.21097046,45.5466375],[-73.20917145,45.54927513],[-73.20638975,45.55337756],[-73.20073247,45.56411315],[-73.20539304,45.56395454],[-73.21082235,45.55694519],[-73.22304718,45.56583772],[-73.21852616,45.57441081],[-73.21287057,45.58339601],[-73.21089208,45.5880257],[-73.2089356,45.58762489],[-73.20242877,45.58312837],[-73.20029629,45.58240735],[-73.19338738,45.57776659],[-73.18978022,45.58745701],[-73.18959521,45.59133453],[-73.18738141,45.59853355],[-73.1869818,45.60869208],[-73.18473718,45.62116263],[-73.20126525,45.6332337],[-73.20339646,45.62589729]]]},"properties":{"ADAIDU":"24570003","IDUGD":"2021S051624570003","SUPTERRE":20.2841,"PRIDU":"24"},"bbox":[-73.26513298,45.54559596,-73.18473718,45.6332337]},{"type":"Feature","geometry":{"type":"Polygon","coordinates":[[[-73.13021294,45.58920939],[-73.13812784,45.59484707],[-73.15590273,45.60797267],[-73.17898698,45.62456597],[-73.18564922,45.62964152],[-73.18497316,45.62726793],[-73.18473718,45.62116263],[-73.1869818,45.60869208],[-73.18738141,45.59853355],[-73.18959521,45.59133453],[-73.18978022,45.58745701],[-73.19338738,45.57776659],[-73.19501678,45.57380416],[-73.20073247,45.56411315],[-73.19400723,45.56246801],[-73.18998163,45.56227332],[-73.18676357,45.56340531],[-73.18310887,45.56619609],[-73.17041883,45.57783367],[-73.16354383,45.58018528],[-73.1360667,45.58628859],[-73.13531311,45.58983218],[-73.13152656,45.58764016],[-73.13021294,45.58920939]]]},"properties":{"ADAIDU":"24570004","IDUGD":"2021S051624570004","SUPTERRE":15.5905,"PRIDU":"24"},"bbox":[-73.20073247,45.56227332,-73.13021294,45.62964152]},{"type":"Feature","geometry":{"type":"Polygon","coordinates":[[[-73.1360667,45.58628859],[-73.16354383,45.58018528],[-73.17041883,45.57783367],[-73.18310887,45.56619609],[-73.18676357,45.56340531],[-73.18998163,45.56227332],[-73.19400723,45.56246801],[-73.20073247,45.56411315],[-73.20638975,45.55337756],[-73.20917145,45.54927513],[-73.2066454,45.54810588],[-73.20455335,45.54875857],[-73.20084834,45.55334707],[-73.19684444,45.55073264],[-73.18545471,45.54541375],[-73.1884907,45.54046626],[-73.19325191,45.5366997],[-73.19683913,45.53583893],[-73.20596024,45.5313054],[-73.20949523,45.52849219],[-73.21344087,45.52226761],[-73.19637069,45.51068004],[-73.1946998,45.51380533],[-73.18966606,45.51834363],[-73.18180489,45.5229181],[-73.17549424,45.52578254],[-73.17206835,45.52872261],[-73.16042635,45.52034887],[-73.15337019,45.52562016],[-73.15013315,45.52633441],[-73.15023168,45.52780793],[-73.14609214,45.53018636],[-73.14373185,45.53320551],[-73.14744765,45.53569968],[-73.14062434,45.54123013],[-73.13526267,45.54144788],[-73.12998364,45.547186],[-73.12856131,45.55180463],[-73.12893009,45.55745411],[-73.12985968,45.55883576],[-73.13948463,45.56575805],[-73.13972658,45.56972661],[-73.13876544,45.57439825],[-73.1360667,45.58628859]]]},"properties":{"ADAIDU":"24570005","IDUGD":"2021S051624570005","SUPTERRE":28.4927,"PRIDU":"24"},"bbox":[-73.21344087,45.51068004,-73.12856131,45.58628859]},{"type":"Feature","geometry":{"type":"Polygon","coordinates":[[[-73.13876544,45.57439825],[-73.13972658,45.56972661],[-73.13948463,45.56575805],[-73.12985968,45.55883576],[-73.12893009,45.55745411],[-73.12856131,45.55180463],[-73.12998364,45.547186],[-73.13526267,45.54144788],[-73.14062434,45.54123013],[-73.14744765,45.53569968],[-73.14373185,45.53320551],[-73.14609214,45.53018636],[-73.15023168,45.52780793],[-73.15013315,45.52633441],[-73.15337019,45.52562016],[-73.16042635,45.52034887],[-73.17206835,45.52872261],[-73.17549424,45.52578254],[-73.18180489,45.5229181],[-73.18966606,45.51834363],[-73.1946998,45.51380533],[-73.19637069,45.51068004],[-73.18764698,45.50389936],[-73.16806325,45.49043338],[-73.16398286,45.48741322],[-73.14727794,45.47589388],[-73.11581447,45.45392793],[-73.11193507,45.45457587],[-73.1179354,45.45889989],[-73.11424204,45.46084823],[-73.10678425,45.46290441],[-73.10274725,45.4668476],[-73.10005753,45.46596825],[-73.09383499,45.47680667],[-73.07953267,45.46556728],[-73.07263307,45.47595264],[-73.06226821,45.49356552],[-73.07079883,45.50007014],[-73.07901791,45.50579883],[-73.07335816,45.51667669],[-73.06251203,45.5383109],[-73.0851795,45.55637319],[-73.08528974,45.55693156],[-73.10076657,45.568067],[-73.10142009,45.5600198],[-73.10231139,45.5553258],[-73.10398852,45.55435512],[-73.12009116,45.56566443],[-73.12057801,45.56196076],[-73.13485206,45.572267],[-73.13876544,45.57439825]]]},"properties":{"ADAIDU":"24570006","IDUGD":"2021S051624570006","SUPTERRE":72.3626,"PRIDU":"24"},"bbox":[-73.19637069,45.45392793,-73.06226821,45.57439825]},{"type":"Feature","geometry":{"type":"Polygon","coordinates":[[[-73.20073247,45.56411315],[-73.19501678,45.57380416],[-73.19338738,45.57776659],[-73.20029629,45.58240735],[-73.20242877,45.58312837],[-73.2089356,45.58762489],[-73.21089208,45.5880257],[-73.21287057,45.58339601],[-73.21852616,45.57441081],[-73.22304718,45.56583772],[-73.21082235,45.55694519],[-73.20539304,45.56395454],[-73.20073247,45.56411315]]]},"properties":{"ADAIDU":"24570007","IDUGD":"2021S051624570007","SUPTERRE":4.0931,"PRIDU":"24"},"bbox":[-73.22304718,45.55694519,-73.19338738,45.5880257]},{"type":"Feature","geometry":{"type":"Polygon","coordinates":[[[-73.23175043,45.53506003],[-73.24916004,45.54721814],[-73.26513298,45.55844931],[-73.28892105,45.57518247],[-73.29155658,45.55840058],[-73.29259407,45.55316792],[-73.29459009,45.54036214],[-73.29996707,45.53573575],[-73.28729866,45.52668139],[-73.27137975,45.51547218],[-73.25839744,45.50806274],[-73.25228402,45.50487217],[-73.24506012,45.51174363],[-73.24117417,45.51738168],[-73.2399538,45.52046299],[-73.2349635,45.52991908],[-73.23175043,45.53506003]]]},"properties":{"ADAIDU":"24570008","IDUGD":"2021S051624570008","SUPTERRE":20.1726,"PRIDU":"24"},"bbox":[-73.29996707,45.50487217,-73.23175043,45.57518247]},{"type":"Feature","geometry":{"type":"Polygon","coordinates":[[[-73.21344087,45.52226761],[-73.20949523,45.52849219],[-73.20596024,45.5313054],[-73.19683913,45.53583893],[-73.19325191,45.5366997],[-73.1884907,45.54046626],[-73.18545471,45.54541375],[-73.19684444,45.55073264],[-73.20084834,45.55334707],[-73.20455335,45.54875857],[-73.2066454,45.54810588],[-73.20917145,45.54927513],[-73.21097046,45.5466375],[-73.21506036,45.54559596],[-73.21964513,45.54399898],[-73.22704295,45.54027972],[-73.23175043,45.53506003],[-73.21344087,45.52226761]]]},"properties":{"ADAIDU":"24570009","IDUGD":"2021S051624570009","SUPTERRE":5.3728,"PRIDU":"24"},"bbox":[-73.23175043,45.52226761,-73.18545471,45.55334707]},{"type":"Feature","geometry":{"type":"Polygon","coordinates":[[[-73.24916004,45.54721814],[-73.23175043,45.53506003],[-73.22704295,45.54027972],[-73.21964513,45.54399898],[-73.21506036,45.54559596],[-73.23178853,45.55792313],[-73.23579651,45.5566714],[-73.24007267,45.55424944],[-73.24397548,45.55287367],[-73.24916004,45.54721814]]]},"properties":{"ADAIDU":"24570010","IDUGD":"2021S051624570010","SUPTERRE":3.1175,"PRIDU":"24"},"bbox":[-73.24916004,45.53506003,-73.21506036,45.55792313]},{"type":"Feature","geometry":{"type":"Polygon","coordinates":[[[-73.29996707,45.53573575],[-73.30976411,45.52267384],[-73.31192072,45.52182299],[-73.31287395,45.51971899],[-73.31660366,45.51556189],[-73.3183974,45.51507922],[-73.31389264,45.51481591],[-73.30010673,45.51175687],[-73.2981338,45.51258152],[-73.29162646,45.52096976],[-73.28961446,45.52453225],[-73.28729866,45.52668139],[-73.29996707,45.53573575]]]},"properties":{"ADAIDU":"24570011","IDUGD":"2021S051624570011","SUPTERRE":3.0776,"PRIDU":"24"},"bbox":[-73.3183974,45.51175687,-73.28729866,45.53573575]},{"type":"Feature","geometry":{"type":"Polygon","coordinates":[[[-73.25228402,45.50487217],[-73.25839744,45.50806274],[-73.27137975,45.51547218],[-73.28729866,45.52668139],[-73.28961446,45.52453225],[-73.29162646,45.52096976],[-73.2981338,45.51258152],[-73.30010673,45.51175687],[-73.31389264,45.51481591],[-73.3183974,45.51507922],[-73.32234318,45.51362793],[-73.29929526,45.49742865],[-73.30270576,45.49536587],[-73.28966827,45.48510799],[-73.28812591,45.4863989],[-73.29026848,45.48987361],[-73.27883216,45.48113327],[-73.26758983,45.48382764],[-73.26637481,45.48726361],[-73.2583383,45.49558992],[-73.25626082,45.4996996],[-73.25228402,45.50487217]]]},"properties":{"ADAIDU":"24570012","IDUGD":"2021S051624570012","SUPTERRE":12.5922,"PRIDU":"24"},"bbox":[-73.32234318,45.48113327,-73.25228402,45.52668139]},{"type":"Feature","geometry":{"type":"Polygon","coordinates":[[[-73.28044621,45.46502567],[-73.30518961,45.46157545],[-73.30650951,45.4564126],[-73.30965261,45.4532594],[-73.30936827,45.45154634],[-73.30270607,45.45178404],[-73.29411679,45.44830731],[-73.29948072,45.4474608],[-73.30444163,45.43215226],[-73.2923225,45.43467691],[-73.29064547,45.43632976],[-73.28757407,45.44562203],[-73.28514268,45.44475269],[-73.27187995,45.44189736],[-73.266821,45.43966039],[-73.25786593,45.43856675],[-73.254453,45.43919892],[-73.25969325,45.44503468],[-73.2671622,45.44901814],[-73.27328042,45.45072729],[-73.27425816,45.45704155],[-73.28044621,45.46502567]]]},"properties":{"ADAIDU":"24570014","IDUGD":"2021S051624570014","SUPTERRE":4.8222,"PRIDU":"24"},"bbox":[-73.30965261,45.43215226,-73.254453,45.46502567]},{"type":"Feature","geometry":{"type":"Polygon","coordinates":[[[-73.254453,45.43919892],[-73.25786593,45.43856675],[-73.25383694,45.43420909],[-73.24996812,45.42398063],[-73.24887549,45.42342786],[-73.2482168,45.41980008],[-73.24918473,45.41349408],[-73.26339421,45.4123159],[-73.2662816,45.40988957],[-73.27720988,45.40876598],[-73.28221885,45.40871141],[-73.28406019,45.41072012],[-73.28973372,45.39307756],[-73.27478242,45.38263069],[-73.25747225,45.382246],[-73.25256864,45.38488602],[-73.25338525,45.38841305],[-73.25337648,45.39359846],[-73.25641956,45.39848085],[-73.25688177,45.40196766],[-73.25136215,45.40747992],[-73.24338159,45.41374309],[-73.24273069,45.41521116],[-73.24496975,45.42236211],[-73.24515347,45.42491819],[-73.24790028,45.4314215],[-73.25043467,45.43519585],[-73.254453,45.43919892]]]},"properties":{"ADAIDU":"24570016","IDUGD":"2021S051624570016","SUPTERRE":7.7676,"PRIDU":"24"},"bbox":[-73.28973372,45.382246,-73.24273069,45.43919892]},{"type":"Feature","geometry":{"type":"Polygon","coordinates":[[[-73.28973372,45.39307756],[-73.28406019,45.41072012],[-73.28221885,45.40871141],[-73.27720988,45.40876598],[-73.2662816,45.40988957],[-73.26339421,45.4123159],[-73.24918473,45.41349408],[-73.2482168,45.41980008],[-73.24887549,45.42342786],[-73.24996812,45.42398063],[-73.25383694,45.43420909],[-73.25786593,45.43856675],[-73.266821,45.43966039],[-73.27187995,45.44189736],[-73.28514268,45.44475269],[-73.28757407,45.44562203],[-73.29064547,45.43632976],[-73.2923225,45.43467691],[-73.30444163,45.43215226],[-73.31129567,45.41118424],[-73.31506792,45.41192959],[-73.31514664,45.41084522],[-73.3083434,45.40613117],[-73.28973372,45.39307756]]]},"properties":{"ADAIDU":"24570017","IDUGD":"2021S051624570017","SUPTERRE":16.1432,"PRIDU":"24"},"bbox":[-73.31514664,45.39307756,-73.2482168,45.44562203]},{"type":"Feature","geometry":{"type":"Polygon","coordinates":[[[-73.26758983,45.48382764],[-73.27883216,45.48113327],[-73.29026848,45.48987361],[-73.28812591,45.4863989],[-73.28966827,45.48510799],[-73.30270576,45.49536587],[-73.29929526,45.49742865],[-73.32234318,45.51362793],[-73.32675271,45.51178145],[-73.33211669,45.50855535],[-73.3264449,45.50433672],[-73.33177472,45.487634],[-73.33525158,45.47932801],[-73.33882909,45.48195181],[-73.3462601,45.46698415],[-73.34662679,45.46707054],[-73.36041535,45.44879103],[-73.36312334,45.44471716],[-73.36663507,45.44701247],[-73.37120358,45.44379378],[-73.37560263,45.4420078],[-73.37335173,45.43836741],[-73.37920183,45.4378586],[-73.37747037,45.4365952],[-73.37994958,45.43298269],[-73.38099759,45.43206287],[-73.37636705,45.42892435],[-73.37794051,45.42750883],[-73.38362195,45.42984302],[-73.38701092,45.42755409],[-73.38077144,45.42258923],[-73.38435525,45.41861716],[-73.38337307,45.41572815],[-73.3866519,45.41319994],[-73.37906241,45.40811066],[-73.34868925,45.38608871],[-73.34737847,45.39031505],[-73.33875237,45.38551633],[-73.32678771,45.38320193],[-73.32410375,45.38814599],[-73.32356722,45.39168678],[-73.30994369,45.40273221],[-73.3083434,45.40613117],[-73.31514664,45.41084522],[-73.31587192,45.4113426],[-73.31145844,45.42478887],[-73.3288896,45.4371099],[-73.3230897,45.44104299],[-73.32062332,45.4408862],[-73.31606659,45.44275071],[-73.31521928,45.44389211],[-73.3116558,45.44296841],[-73.3115822,45.44587481],[-73.30897529,45.44557349],[-73.30748799,45.44687589],[-73.31263301,45.448936],[-73.30936827,45.45154634],[-73.30965261,45.4532594],[-73.30650951,45.4564126],[-73.30518961,45.46157545],[-73.28044621,45.46502567],[-73.27652795,45.47104465],[-73.27126071,45.47658343],[-73.26799189,45.48103925],[-73.26758983,45.48382764]]]},"properties":{"ADAIDU":"24570018","IDUGD":"2021S051624570018","SUPTERRE":54.302,"PRIDU":"24"},"bbox":[-73.38701092,45.38320193,-73.26758983,45.51362793]},{"type":"Feature","geometry":{"type":"Polygon","coordinates":[[[-73.30936827,45.45154634],[-73.31263301,45.448936],[-73.30748799,45.44687589],[-73.30897529,45.44557349],[-73.3115822,45.44587481],[-73.3116558,45.44296841],[-73.31521928,45.44389211],[-73.31606659,45.44275071],[-73.32062332,45.4408862],[-73.3230897,45.44104299],[-73.3288896,45.4371099],[-73.31145844,45.42478887],[-73.31587192,45.4113426],[-73.31514664,45.41084522],[-73.31506792,45.41192959],[-73.31129567,45.41118424],[-73.30444163,45.43215226],[-73.29948072,45.4474608],[-73.29411679,45.44830731],[-73.30270607,45.45178404],[-73.30936827,45.45154634]]]},"properties":{"ADAIDU":"24570019","IDUGD":"2021S051624570019","SUPTERRE":4.1155,"PRIDU":"24"},"bbox":[-73.3288896,45.41084522,-73.29411679,45.45178404]},{"type":"Feature","geometry":{"type":"Polygon","coordinates":[[[-73.29259407,45.55316792],[-73.31204738,45.56782255],[-73.3127322,45.56263001],[-73.31448132,45.55715958],[-73.31873078,45.55744629],[-73.32199305,45.55998836],[-73.32368327,45.55891574],[-73.3333037,45.56698439],[-73.33853394,45.56350786],[-73.34885466,45.57114444],[-73.34919344,45.5671875],[-73.35554073,45.57262652],[-73.3553832,45.5715931],[-73.36172802,45.57347721],[-73.3666448,45.56891371],[-73.37172642,45.55607178],[-73.37167444,45.54865002],[-73.3721955,45.54092584],[-73.36950425,45.54044382],[-73.3572435,45.54087906],[-73.35619381,45.53761584],[-73.34536891,45.52989908],[-73.34207357,45.52738854],[-73.3383461,45.53038428],[-73.33443033,45.53629069],[-73.33286533,45.54075151],[-73.32848975,45.53807702],[-73.32833725,45.53628006],[-73.32150206,45.53101612],[-73.31771664,45.52650866],[-73.31340079,45.52421928],[-73.31192072,45.52182299],[-73.30976411,45.52267384],[-73.29996707,45.53573575],[-73.29459009,45.54036214],[-73.29259407,45.55316792]]]},"properties":{"ADAIDU":"24580005","IDUGD":"2021S051624580005","SUPTERRE":19.9751,"PRIDU":"24"},"bbox":[-73.3721955,45.52182299,-73.29259407,45.57347721]},{"type":"Feature","geometry":{"type":"MultiPolygon","coordinates":[[[[-73.48937839,45.57348329],[-73.49255602,45.5726377],[-73.4947855,45.57057719],[-73.4978478,45.56584421],[-73.50053801,45.56343271],[-73.50064051,45.561786],[-73.4973354,45.56362169],[-73.49372241,45.56879561],[-73.48937839,45.57348329]]],[[[-73.48922254,45.58628742],[-73.49167051,45.5826258],[-73.49358001,45.58136621],[-73.49023552,45.58082599],[-73.49018469,45.57824349],[-73.48721221,45.5774784],[-73.48299619,45.57852159],[-73.47892011,45.58218321],[-73.47445801,45.58812121],[-73.47687032,45.58832078],[-73.47922345,45.58674394],[-73.48566589,45.58563266],[-73.48922254,45.58628742]]],[[[-73.4498248,45.5687082],[-73.4707552,45.58496309],[-73.47283352,45.581768],[-73.4868296,45.56991069],[-73.4912889,45.5645392],[-73.4958753,45.56094001],[-73.4977968,45.5584026],[-73.4990779,45.5548303],[-73.5024159,45.55087607],[-73.49791895,45.54999676],[-73.49235594,45.54577771],[-73.48395633,45.55102281],[-73.47589028,45.55517871],[-73.46823479,45.56017535],[-73.4638511,45.56151935],[-73.45032643,45.56189216],[-73.4498248,45.5687082]]]]},"properties":{"ADAIDU":"24580007","IDUGD":"2021S051624580007","SUPTERRE":8.8199,"PRIDU":"24"},"bbox":[-73.5024159,45.54577771,-73.4498248,45.58832078]},{"type":"Feature","geometry":{"type":"Polygon","coordinates":[[[-73.45032643,45.56189216],[-73.4492001,45.551606],[-73.45141602,45.54743683],[-73.45528896,45.54474784],[-73.45635668,45.5385304],[-73.45734248,45.53621372],[-73.46143284,45.53232781],[-73.45503801,45.52952865],[-73.44937483,45.53473468],[-73.44633199,45.54060474],[-73.44136627,45.54385073],[-73.43395865,45.53857463],[-73.42881661,45.5436835],[-73.42441756,45.54878801],[-73.4498248,45.5687082],[-73.45032643,45.56189216]]]},"properties":{"ADAIDU":"24580008","IDUGD":"2021S051624580008","SUPTERRE":4.6768,"PRIDU":"24"},"bbox":[-73.46143284,45.52952865,-73.42441756,45.5687082]},{"type":"Feature","geometry":{"type":"Polygon","coordinates":[[[-73.31192072,45.52182299],[-73.31340079,45.52421928],[-73.31771664,45.52650866],[-73.32150206,45.53101612],[-73.32833725,45.53628006],[-73.32848975,45.53807702],[-73.33286533,45.54075151],[-73.33443033,45.53629069],[-73.3383461,45.53038428],[-73.34207357,45.52738854],[-73.33259272,45.52123366],[-73.32804214,45.51735002],[-73.32979211,45.51532352],[-73.33335754,45.51420444],[-73.36089312,45.51242328],[-73.37164897,45.51109933],[-73.37153063,45.50749737],[-73.35064499,45.49151117],[-73.33882909,45.48195181],[-73.33525158,45.47932801],[-73.33177472,45.487634],[-73.3264449,45.50433672],[-73.33211669,45.50855535],[-73.32675271,45.51178145],[-73.32234318,45.51362793],[-73.3183974,45.51507922],[-73.31660366,45.51556189],[-73.31287395,45.51971899],[-73.31192072,45.52182299]]]},"properties":{"ADAIDU":"24580009","IDUGD":"2021S051624580009","SUPTERRE":11.1345,"PRIDU":"24"},"bbox":[-73.37164897,45.47932801,-73.31192072,45.54075151]},{"type":"Feature","geometry":{"type":"Polygon","coordinates":[[[-73.48395633,45.55102281],[-73.47749043,45.5452268],[-73.4682653,45.540108],[-73.46904642,45.53710382],[-73.46673616,45.53625727],[-73.46143284,45.53232781],[-73.45734248,45.53621372],[-73.45635668,45.5385304],[-73.45528896,45.54474784],[-73.45141602,45.54743683],[-73.4492001,45.551606],[-73.45032643,45.56189216],[-73.4638511,45.56151935],[-73.46823479,45.56017535],[-73.47589028,45.55517871],[-73.48395633,45.55102281]]]},"properties":{"ADAIDU":"24580010","IDUGD":"2021S051624580010","SUPTERRE":5.0593,"PRIDU":"24"},"bbox":[-73.48395633,45.53232781,-73.4492001,45.56189216]},{"type":"Feature","geometry":{"type":"Polygon","coordinates":[[[-73.43395865,45.53857463],[-73.43634343,45.53620007],[-73.42995331,45.53497888],[-73.43079774,45.52795819],[-73.43356858,45.52250231],[-73.44270436,45.5249998],[-73.44657496,45.51855434],[-73.45190304,45.51698198],[-73.43973798,45.51187858],[-73.44275568,45.50749821],[-73.46123882,45.50627655],[-73.46244638,45.50594052],[-73.46041184,45.50497859],[-73.44598169,45.49684835],[-73.43885861,45.49292323],[-73.43586124,45.4970876],[-73.43695451,45.49840642],[-73.43560414,45.5003089],[-73.43359191,45.49959688],[-73.43137849,45.50270445],[-73.43009871,45.50655523],[-73.43113291,45.50771022],[-73.4240517,45.50828553],[-73.39369987,45.51027275],[-73.38585573,45.51863815],[-73.37770181,45.52607804],[-73.37709869,45.52748566],[-73.39014497,45.53736373],[-73.39792638,45.54339315],[-73.41066677,45.55268319],[-73.42028494,45.54603872],[-73.42441756,45.54878801],[-73.42881661,45.5436835],[-73.43395865,45.53857463]]]},"properties":{"ADAIDU":"24580011","IDUGD":"2021S051624580011","SUPTERRE":18.6675,"PRIDU":"24"},"bbox":[-73.46244638,45.49292323,-73.37709869,45.55268319]},{"type":"Feature","geometry":{"type":"Polygon","coordinates":[[[-73.3721955,45.54092584],[-73.37241418,45.53849857],[-73.37508409,45.53295044],[-73.38719893,45.54176598],[-73.39014497,45.53736373],[-73.37709869,45.52748566],[-73.37770181,45.52607804],[-73.38585573,45.51863815],[-73.39369987,45.51027275],[-73.39372573,45.51007234],[-73.3934446,45.5090238],[-73.38096587,45.4990384],[-73.37864522,45.49888727],[-73.37707939,45.49724356],[-73.37196952,45.50784298],[-73.37153063,45.50749737],[-73.37164897,45.51109933],[-73.37189724,45.5204297],[-73.36070447,45.52110944],[-73.35333498,45.52554994],[-73.35053396,45.52643264],[-73.34536891,45.52989908],[-73.35619381,45.53761584],[-73.3572435,45.54087906],[-73.36950425,45.54044382],[-73.3721955,45.54092584]]]},"properties":{"ADAIDU":"24580012","IDUGD":"2021S051624580012","SUPTERRE":7.7905,"PRIDU":"24"},"bbox":[-73.39372573,45.49724356,-73.34536891,45.54176598]},{"type":"Feature","geometry":{"type":"Polygon","coordinates":[[[-73.34536891,45.52989908],[-73.35053396,45.52643264],[-73.35333498,45.52554994],[-73.36070447,45.52110944],[-73.37189724,45.5204297],[-73.37164897,45.51109933],[-73.36089312,45.51242328],[-73.33335754,45.51420444],[-73.32979211,45.51532352],[-73.32804214,45.51735002],[-73.33259272,45.52123366],[-73.34207357,45.52738854],[-73.34536891,45.52989908]]]},"properties":{"ADAIDU":"24580013","IDUGD":"2021S051624580013","SUPTERRE":3.9478,"PRIDU":"24"},"bbox":[-73.37189724,45.51109933,-73.32804214,45.52989908]},{"type":"Feature","geometry":{"type":"Polygon","coordinates":[[[-73.45503801,45.52952865],[-73.44270436,45.5249998],[-73.43356858,45.52250231],[-73.43079774,45.52795819],[-73.42995331,45.53497888],[-73.43634343,45.53620007],[-73.43395865,45.53857463],[-73.44136627,45.54385073],[-73.44633199,45.54060474],[-73.44937483,45.53473468],[-73.45503801,45.52952865]]]},"properties":{"ADAIDU":"24580014","IDUGD":"2021S051624580014","SUPTERRE":2.6387,"PRIDU":"24"},"bbox":[-73.45503801,45.52250231,-73.42995331,45.54385073]},{"type":"Feature","geometry":{"type":"Polygon","coordinates":[[[-73.49235594,45.54577771],[-73.49102197,45.54139087],[-73.48686727,45.54049516],[-73.47727428,45.53747014],[-73.46904642,45.53710382],[-73.4682653,45.540108],[-73.47749043,45.5452268],[-73.48395633,45.55102281],[-73.49235594,45.54577771]]]},"properties":{"ADAIDU":"24580015","IDUGD":"2021S051624580015","SUPTERRE":1.4885,"PRIDU":"24"},"bbox":[-73.49235594,45.53710382,-73.4682653,45.55102281]},{"type":"Feature","geometry":{"type":"Polygon","coordinates":[[[-73.5024159,45.55087607],[-73.50438,45.54973709],[-73.50668489,45.54594871],[-73.50868271,45.5462635],[-73.51322879,45.54320515],[-73.51307253,45.54313691],[-73.51263779,45.54294706],[-73.50173721,45.53773425],[-73.50785721,45.53205067],[-73.49519681,45.52801504],[-73.4909964,45.53326979],[-73.49677018,45.53578071],[-73.49102197,45.54139087],[-73.49235594,45.54577771],[-73.49791895,45.54999676],[-73.5024159,45.55087607]]]},"properties":{"ADAIDU":"24580016","IDUGD":"2021S051624580016","SUPTERRE":2.3833,"PRIDU":"24"},"bbox":[-73.51322879,45.52801504,-73.4909964,45.55087607]},{"type":"Feature","geometry":{"type":"Polygon","coordinates":[[[-73.47727428,45.53747014],[-73.48241382,45.52800484],[-73.48522978,45.52373545],[-73.48606212,45.52248031],[-73.47725437,45.5192304],[-73.47262363,45.52562281],[-73.47327476,45.52589291],[-73.4676472,45.53634758],[-73.46904642,45.53710382],[-73.47727428,45.53747014]]]},"properties":{"ADAIDU":"24580017","IDUGD":"2021S051624580017","SUPTERRE":1.5164,"PRIDU":"24"},"bbox":[-73.48606212,45.5192304,-73.4676472,45.53747014]},{"type":"Feature","geometry":{"type":"Polygon","coordinates":[[[-73.46143284,45.53232781],[-73.46673616,45.53625727],[-73.46904642,45.53710382],[-73.4676472,45.53634758],[-73.47327476,45.52589291],[-73.47262363,45.52562281],[-73.45726765,45.51923374],[-73.45697314,45.52254954],[-73.45565417,45.52507308],[-73.45612382,45.52829278],[-73.45503801,45.52952865],[-73.46143284,45.53232781]]]},"properties":{"ADAIDU":"24580018","IDUGD":"2021S051624580018","SUPTERRE":1.4678,"PRIDU":"24"},"bbox":[-73.47327476,45.51923374,-73.45503801,45.53710382]},{"type":"Feature","geometry":{"type":"Polygon","coordinates":[[[-73.49102197,45.54139087],[-73.49677018,45.53578071],[-73.4909964,45.53326979],[-73.49519681,45.52801504],[-73.49558802,45.52742569],[-73.48522978,45.52373545],[-73.48241382,45.52800484],[-73.47727428,45.53747014],[-73.48686727,45.54049516],[-73.49102197,45.54139087]]]},"properties":{"ADAIDU":"24580019","IDUGD":"2021S051624580019","SUPTERRE":1.7171,"PRIDU":"24"},"bbox":[-73.49677018,45.52373545,-73.47727428,45.54139087]},{"type":"Feature","geometry":{"type":"Polygon","coordinates":[[[-73.51263779,45.54294706],[-73.51201152,45.54188999],[-73.516006,45.53951391],[-73.51828532,45.5395136],[-73.51878381,45.53693999],[-73.52131859,45.53574281],[-73.52323821,45.5332859],[-73.52690011,45.53363591],[-73.52533786,45.52147125],[-73.51946296,45.52196658],[-73.5156358,45.52311895],[-73.50836998,45.5209871],[-73.51018829,45.52446481],[-73.51039137,45.52817135],[-73.50785721,45.53205067],[-73.50173721,45.53773425],[-73.51263779,45.54294706]]]},"properties":{"ADAIDU":"24580020","IDUGD":"2021S051624580020","SUPTERRE":2.6552,"PRIDU":"24"},"bbox":[-73.52690011,45.5209871,-73.50173721,45.54294706]},{"type":"Feature","geometry":{"type":"Polygon","coordinates":[[[-73.44270436,45.5249998],[-73.45503801,45.52952865],[-73.45612382,45.52829278],[-73.45565417,45.52507308],[-73.45697314,45.52254954],[-73.45726765,45.51923374],[-73.45190304,45.51698198],[-73.44657496,45.51855434],[-73.44270436,45.5249998]]]},"properties":{"ADAIDU":"24580021","IDUGD":"2021S051624580021","SUPTERRE":1.0128,"PRIDU":"24"},"bbox":[-73.45726765,45.51698198,-73.44270436,45.52952865]},{"type":"Feature","geometry":{"type":"Polygon","coordinates":[[[-73.33882909,45.48195181],[-73.35064499,45.49151117],[-73.37153063,45.50749737],[-73.37196952,45.50784298],[-73.37707939,45.49724356],[-73.37864522,45.49888727],[-73.38096587,45.4990384],[-73.3934446,45.5090238],[-73.39372573,45.51007234],[-73.3994478,45.50960063],[-73.39929385,45.50846218],[-73.40526768,45.50720752],[-73.40685555,45.50400537],[-73.40422053,45.50335079],[-73.40297838,45.50172558],[-73.40501368,45.50081846],[-73.40657424,45.49826415],[-73.40241833,45.49655547],[-73.3832022,45.48761546],[-73.37777698,45.48490581],[-73.36343104,45.47695288],[-73.35745135,45.47430002],[-73.3462601,45.46698415],[-73.33882909,45.48195181]]]},"properties":{"ADAIDU":"24580022","IDUGD":"2021S051624580022","SUPTERRE":10.1841,"PRIDU":"24"},"bbox":[-73.40685555,45.46698415,-73.33882909,45.51007234]},{"type":"Feature","geometry":{"type":"Polygon","coordinates":[[[-73.43113291,45.50771022],[-73.42775023,45.50677541],[-73.42014173,45.50343058],[-73.40657424,45.49826415],[-73.40501368,45.50081846],[-73.40297838,45.50172558],[-73.40422053,45.50335079],[-73.40685555,45.50400537],[-73.40526768,45.50720752],[-73.39929385,45.50846218],[-73.3994478,45.50960063],[-73.39372573,45.51007234],[-73.39369987,45.51027275],[-73.4240517,45.50828553],[-73.43113291,45.50771022]]]},"properties":{"ADAIDU":"24580023","IDUGD":"2021S051624580023","SUPTERRE":1.427,"PRIDU":"24"},"bbox":[-73.43113291,45.49826415,-73.39369987,45.51027275]},{"type":"Feature","geometry":{"type":"Polygon","coordinates":[[[-73.47725437,45.5192304],[-73.4799237,45.51477667],[-73.47051498,45.51170168],[-73.46943435,45.51090504],[-73.46591998,45.51557881],[-73.45647874,45.51207516],[-73.45358842,45.51623578],[-73.45190304,45.51698198],[-73.45726765,45.51923374],[-73.47262363,45.52562281],[-73.47725437,45.5192304]]]},"properties":{"ADAIDU":"24580024","IDUGD":"2021S051624580024","SUPTERRE":1.8214,"PRIDU":"24"},"bbox":[-73.4799237,45.51090504,-73.45190304,45.52562281]},{"type":"Feature","geometry":{"type":"Polygon","coordinates":[[[-73.50785721,45.53205067],[-73.51039137,45.52817135],[-73.48750792,45.52031184],[-73.48915166,45.51778796],[-73.4799237,45.51477667],[-73.47725437,45.5192304],[-73.48606212,45.52248031],[-73.48522978,45.52373545],[-73.49558802,45.52742569],[-73.49519681,45.52801504],[-73.50785721,45.53205067]]]},"properties":{"ADAIDU":"24580025","IDUGD":"2021S051624580025","SUPTERRE":1.3246,"PRIDU":"24"},"bbox":[-73.51039137,45.51477667,-73.47725437,45.53205067]},{"type":"Feature","geometry":{"type":"Polygon","coordinates":[[[-73.45190304,45.51698198],[-73.45358842,45.51623578],[-73.45647874,45.51207516],[-73.46591998,45.51557881],[-73.46943435,45.51090504],[-73.47212075,45.50771133],[-73.47659991,45.50648623],[-73.47805648,45.50515995],[-73.48217757,45.50488874],[-73.47784463,45.50470463],[-73.46244638,45.50594052],[-73.46123882,45.50627655],[-73.44275568,45.50749821],[-73.43973798,45.51187858],[-73.45190304,45.51698198]]]},"properties":{"ADAIDU":"24580026","IDUGD":"2021S051624580026","SUPTERRE":2.0783,"PRIDU":"24"},"bbox":[-73.48217757,45.50470463,-73.43973798,45.51698198]},{"type":"Feature","geometry":{"type":"Polygon","coordinates":[[[-73.50836998,45.5209871],[-73.49083807,45.51527755],[-73.48915166,45.51778796],[-73.48750792,45.52031184],[-73.51039137,45.52817135],[-73.51018829,45.52446481],[-73.50836998,45.5209871]]]},"properties":{"ADAIDU":"24580027","IDUGD":"2021S051624580027","SUPTERRE":1.1512,"PRIDU":"24"},"bbox":[-73.51039137,45.51527755,-73.48750792,45.52817135]},{"type":"Feature","geometry":{"type":"Polygon","coordinates":[[[-73.43885861,45.49292323],[-73.43592449,45.49126677],[-73.43572039,45.491386],[-73.419664,45.48254841],[-73.41504512,45.48638386],[-73.40885159,45.49503414],[-73.40657424,45.49826415],[-73.42014173,45.50343058],[-73.42775023,45.50677541],[-73.43113291,45.50771022],[-73.43009871,45.50655523],[-73.43137849,45.50270445],[-73.43359191,45.49959688],[-73.43560414,45.5003089],[-73.43695451,45.49840642],[-73.43586124,45.4970876],[-73.43885861,45.49292323]]]},"properties":{"ADAIDU":"24580028","IDUGD":"2021S051624580028","SUPTERRE":3.7619,"PRIDU":"24"},"bbox":[-73.43885861,45.48254841,-73.40657424,45.50771022]},{"type":"Feature","geometry":{"type":"Polygon","coordinates":[[[-73.4799237,45.51477667],[-73.48915166,45.51778796],[-73.49083807,45.51527755],[-73.49396162,45.51055374],[-73.49105648,45.50810016],[-73.48874971,45.50428498],[-73.48217757,45.50488874],[-73.47805648,45.50515995],[-73.47659991,45.50648623],[-73.47212075,45.50771133],[-73.46943435,45.51090504],[-73.47051498,45.51170168],[-73.4799237,45.51477667]]]},"properties":{"ADAIDU":"24580029","IDUGD":"2021S051624580029","SUPTERRE":1.717,"PRIDU":"24"},"bbox":[-73.49396162,45.50428498,-73.46943435,45.51778796]},{"type":"Feature","geometry":{"type":"Polygon","coordinates":[[[-73.52533786,45.52147125],[-73.52417117,45.51848011],[-73.51807673,45.51679274],[-73.50346759,45.51152555],[-73.49802314,45.50961343],[-73.49261005,45.50260134],[-73.48848586,45.5012713],[-73.49012765,45.50403549],[-73.48874971,45.50428498],[-73.49105648,45.50810016],[-73.49396162,45.51055374],[-73.49083807,45.51527755],[-73.50836998,45.5209871],[-73.5156358,45.52311895],[-73.51946296,45.52196658],[-73.52533786,45.52147125]]]},"properties":{"ADAIDU":"24580030","IDUGD":"2021S051624580030","SUPTERRE":2.2155,"PRIDU":"24"},"bbox":[-73.52533786,45.5012713,-73.48848586,45.52311895]},{"type":"Feature","geometry":{"type":"Polygon","coordinates":[[[-73.3462601,45.46698415],[-73.35745135,45.47430002],[-73.36343104,45.47695288],[-73.37777698,45.48490581],[-73.3832022,45.48761546],[-73.40241833,45.49655547],[-73.40657424,45.49826415],[-73.40885159,45.49503414],[-73.40103004,45.49079167],[-73.39432628,45.4842209],[-73.39477449,45.48230869],[-73.39748302,45.47855401],[-73.39869944,45.47911326],[-73.40036385,45.47683807],[-73.40304676,45.47780937],[-73.40535693,45.47474506],[-73.38458471,45.46339116],[-73.36041535,45.44879103],[-73.34662679,45.46707054],[-73.3462601,45.46698415]]]},"properties":{"ADAIDU":"24580031","IDUGD":"2021S051624580031","SUPTERRE":10.458,"PRIDU":"24"},"bbox":[-73.40885159,45.44879103,-73.3462601,45.49826415]},{"type":"Feature","geometry":{"type":"Polygon","coordinates":[[[-73.36041535,45.44879103],[-73.38458471,45.46339116],[-73.40535693,45.47474506],[-73.40304676,45.47780937],[-73.40036385,45.47683807],[-73.39869944,45.47911326],[-73.39748302,45.47855401],[-73.39477449,45.48230869],[-73.39432628,45.4842209],[-73.40103004,45.49079167],[-73.40885159,45.49503414],[-73.41504512,45.48638386],[-73.419664,45.48254841],[-73.42437403,45.47909267],[-73.4284171,45.47733153],[-73.43651803,45.47523522],[-73.4408612,45.47319038],[-73.43418602,45.46873699],[-73.38447481,45.43570367],[-73.37994958,45.43298269],[-73.37747037,45.4365952],[-73.37920183,45.4378586],[-73.37335173,45.43836741],[-73.37560263,45.4420078],[-73.37120358,45.44379378],[-73.36663507,45.44701247],[-73.36312334,45.44471716],[-73.36041535,45.44879103]]]},"properties":{"ADAIDU":"24580032","IDUGD":"2021S051624580032","SUPTERRE":15.2126,"PRIDU":"24"},"bbox":[-73.4408612,45.43298269,-73.36041535,45.49503414]},{"type":"Feature","geometry":{"type":"Polygon","coordinates":[[[-73.46244638,45.50594052],[-73.47784463,45.50470463],[-73.48217757,45.50488874],[-73.48874971,45.50428498],[-73.49012765,45.50403549],[-73.48848586,45.5012713],[-73.47839598,45.49413406],[-73.46075439,45.50474559],[-73.46041184,45.50497859],[-73.46244638,45.50594052]]]},"properties":{"ADAIDU":"24580033","IDUGD":"2021S051624580033","SUPTERRE":1.5297,"PRIDU":"24"},"bbox":[-73.49012765,45.49413406,-73.46041184,45.50594052]},{"type":"Feature","geometry":{"type":"Polygon","coordinates":[[[-73.52417117,45.51848011],[-73.52033478,45.5060482],[-73.51950558,45.50493307],[-73.51827503,45.50497735],[-73.50541758,45.50010124],[-73.50273569,45.50350347],[-73.50202859,45.50844485],[-73.50346759,45.51152555],[-73.51807673,45.51679274],[-73.52417117,45.51848011]]]},"properties":{"ADAIDU":"24580034","IDUGD":"2021S051624580034","SUPTERRE":2.0121,"PRIDU":"24"},"bbox":[-73.52417117,45.50010124,-73.50202859,45.51848011]},{"type":"Feature","geometry":{"type":"Polygon","coordinates":[[[-73.46041184,45.50497859],[-73.46075439,45.50474559],[-73.45614628,45.50239709],[-73.47122392,45.49339011],[-73.46211548,45.48736748],[-73.44598169,45.49684835],[-73.46041184,45.50497859]]]},"properties":{"ADAIDU":"24580035","IDUGD":"2021S051624580035","SUPTERRE":1.5947,"PRIDU":"24"},"bbox":[-73.47122392,45.48736748,-73.44598169,45.50497859]},{"type":"Feature","geometry":{"type":"Polygon","coordinates":[[[-73.47839598,45.49413406],[-73.47921729,45.49353318],[-73.47178922,45.48862505],[-73.48158986,45.48181575],[-73.47501778,45.47714881],[-73.47223732,45.4761253],[-73.46546328,45.48072762],[-73.4656234,45.48127611],[-73.45942833,45.48558487],[-73.46211548,45.48736748],[-73.47122392,45.49339011],[-73.45614628,45.50239709],[-73.46075439,45.50474559],[-73.47839598,45.49413406]]]},"properties":{"ADAIDU":"24580036","IDUGD":"2021S051624580036","SUPTERRE":2.4145,"PRIDU":"24"},"bbox":[-73.48158986,45.4761253,-73.45614628,45.50474559]},{"type":"Feature","geometry":{"type":"MultiPolygon","coordinates":[[[[-73.51552429,45.48655566],[-73.51851981,45.49696003],[-73.51988334,45.49573985],[-73.518872,45.4943685],[-73.51638594,45.48652101],[-73.51552429,45.48655566]]],[[[-73.50346759,45.51152555],[-73.50202859,45.50844485],[-73.50273569,45.50350347],[-73.50541758,45.50010124],[-73.51827503,45.50497735],[-73.51950558,45.50493307],[-73.51731329,45.5016304],[-73.51552072,45.49731139],[-73.51783631,45.4962044],[-73.51622261,45.4911565],[-73.51386891,45.4923896],[-73.50971864,45.48678896],[-73.5019033,45.48641952],[-73.48930566,45.48632669],[-73.48705138,45.48573079],[-73.50045302,45.49529977],[-73.49261005,45.50260134],[-73.49802314,45.50961343],[-73.50346759,45.51152555]]]]},"properties":{"ADAIDU":"24580037","IDUGD":"2021S051624580037","SUPTERRE":3.3265,"PRIDU":"24"},"bbox":[-73.51988334,45.48573079,-73.48705138,45.51152555]},{"type":"Feature","geometry":{"type":"Polygon","coordinates":[[[-73.44598169,45.49684835],[-73.46211548,45.48736748],[-73.45942833,45.48558487],[-73.45268408,45.48117557],[-73.43592449,45.49126677],[-73.43885861,45.49292323],[-73.44598169,45.49684835]]]},"properties":{"ADAIDU":"24580038","IDUGD":"2021S051624580038","SUPTERRE":1.6615,"PRIDU":"24"},"bbox":[-73.46211548,45.48117557,-73.43592449,45.49684835]},{"type":"Feature","geometry":{"type":"Polygon","coordinates":[[[-73.43592449,45.49126677],[-73.45268408,45.48117557],[-73.45168947,45.48051119],[-73.4408612,45.47319038],[-73.43651803,45.47523522],[-73.4284171,45.47733153],[-73.42437403,45.47909267],[-73.419664,45.48254841],[-73.43572039,45.491386],[-73.43592449,45.49126677]]]},"properties":{"ADAIDU":"24580039","IDUGD":"2021S051624580039","SUPTERRE":2.7134,"PRIDU":"24"},"bbox":[-73.45268408,45.47319038,-73.419664,45.491386]},{"type":"Feature","geometry":{"type":"Polygon","coordinates":[[[-73.49261005,45.50260134],[-73.50045302,45.49529977],[-73.48705138,45.48573079],[-73.48158986,45.48181575],[-73.47178922,45.48862505],[-73.47921729,45.49353318],[-73.47839598,45.49413406],[-73.48848586,45.5012713],[-73.49261005,45.50260134]]]},"properties":{"ADAIDU":"24580040","IDUGD":"2021S051624580040","SUPTERRE":2.3996,"PRIDU":"24"},"bbox":[-73.50045302,45.48181575,-73.47178922,45.50260134]},{"type":"Feature","geometry":{"type":"MultiPolygon","coordinates":[[[[-73.51233212,45.4859919],[-73.51036099,45.48052991],[-73.51046389,45.48291449],[-73.51233212,45.4859919]]],[[[-73.51638594,45.48652101],[-73.5154787,45.48422771],[-73.51147731,45.47789839],[-73.51070281,45.47788739],[-73.51544061,45.4856585],[-73.51552429,45.48655566],[-73.51638594,45.48652101]]],[[[-73.48158986,45.48181575],[-73.48705138,45.48573079],[-73.48930566,45.48632669],[-73.5019033,45.48641952],[-73.50971864,45.48678896],[-73.50803299,45.4801612],[-73.50458653,45.4776537],[-73.48643336,45.47717533],[-73.48592692,45.47675912],[-73.47454359,45.4766358],[-73.47501778,45.47714881],[-73.48158986,45.48181575]]]]},"properties":{"ADAIDU":"24580044","IDUGD":"2021S051624580044","SUPTERRE":2.2239,"PRIDU":"24"},"bbox":[-73.51638594,45.4766358,-73.47454359,45.48678896]},{"type":"Feature","geometry":{"type":"Polygon","coordinates":[[[-73.37994958,45.43298269],[-73.38447481,45.43570367],[-73.43418602,45.46873699],[-73.43900113,45.46720985],[-73.44097844,45.46577769],[-73.43770078,45.46356484],[-73.44492068,45.45893877],[-73.44640072,45.45718931],[-73.45294308,45.46219083],[-73.45654978,45.46392448],[-73.45678877,45.46360382],[-73.44627121,45.45620442],[-73.43307568,45.44669168],[-73.42550617,45.44220017],[-73.41763215,45.43638336],[-73.41193507,45.43136734],[-73.38832518,45.41440264],[-73.3866519,45.41319994],[-73.38337307,45.41572815],[-73.38435525,45.41861716],[-73.38077144,45.42258923],[-73.38701092,45.42755409],[-73.38362195,45.42984302],[-73.37794051,45.42750883],[-73.37636705,45.42892435],[-73.38099759,45.43206287],[-73.37994958,45.43298269]]]},"properties":{"ADAIDU":"24580046","IDUGD":"2021S051624580046","SUPTERRE":11.2797,"PRIDU":"24"},"bbox":[-73.45678877,45.41319994,-73.37636705,45.46873699]},{"type":"Feature","geometry":{"type":"Polygon","coordinates":[[[-73.49426784,45.46658375],[-73.47707982,45.46532169],[-73.46600184,45.46494318],[-73.46754753,45.46822434],[-73.46757966,45.47181858],[-73.47201821,45.4749795],[-73.47601709,45.4733111],[-73.48555638,45.47329479],[-73.49167057,45.47108622],[-73.496164,45.47098017],[-73.49426784,45.46658375]]]},"properties":{"ADAIDU":"24580047","IDUGD":"2021S051624580047","SUPTERRE":1.7507,"PRIDU":"24"},"bbox":[-73.496164,45.46494318,-73.46600184,45.4749795]},{"type":"Feature","geometry":{"type":"MultiPolygon","coordinates":[[[[-73.50267314,45.45274918],[-73.50336319,45.46362221],[-73.50459108,45.46742591],[-73.50577253,45.46751916],[-73.50580571,45.46479189],[-73.50390008,45.46245241],[-73.50324216,45.45276696],[-73.50267314,45.45274918]]],[[[-73.49426784,45.46658375],[-73.49742961,45.4668457],[-73.49664951,45.4645581],[-73.49658619,45.4551014],[-73.49238642,45.45543772],[-73.49251182,45.45709892],[-73.46967082,45.45639245],[-73.46514349,45.455167],[-73.46487132,45.4575759],[-73.46600184,45.46494318],[-73.47707982,45.46532169],[-73.49426784,45.46658375]]]]},"properties":{"ADAIDU":"24580048","IDUGD":"2021S051624580048","SUPTERRE":2.6449,"PRIDU":"24"},"bbox":[-73.50580571,45.45274918,-73.46487132,45.46751916]},{"type":"Feature","geometry":{"type":"MultiPolygon","coordinates":[[[[-73.50324216,45.45276696],[-73.50298379,45.44811946],[-73.50229039,45.44810905],[-73.50267314,45.45274918],[-73.50324216,45.45276696]]],[[[-73.49658619,45.4551014],[-73.49598583,45.44800863],[-73.48231028,45.44732009],[-73.47778282,45.45001438],[-73.47441259,45.44994172],[-73.47339945,45.45237103],[-73.46996234,45.45224875],[-73.47136445,45.44959898],[-73.47343737,45.44811475],[-73.46993643,45.4469628],[-73.46514349,45.455167],[-73.46967082,45.45639245],[-73.49251182,45.45709892],[-73.49238642,45.45543772],[-73.49658619,45.4551014]]]]},"properties":{"ADAIDU":"24580050","IDUGD":"2021S051624580050","SUPTERRE":2.0724,"PRIDU":"24"},"bbox":[-73.50324216,45.4469628,-73.46514349,45.45709892]},{"type":"Feature","geometry":{"type":"MultiPolygon","coordinates":[[[[-73.49820122,45.4326874],[-73.49859412,45.4354389],[-73.49996165,45.43327011],[-73.49820122,45.4326874]]],[[[-73.5021983,45.43391314],[-73.50153377,45.43378585],[-73.50199419,45.44361241],[-73.50278061,45.44361926],[-73.5021983,45.43391314]]],[[[-73.47420162,45.43816336],[-73.47620381,45.43891549],[-73.47454107,45.44304439],[-73.47428125,45.4461533],[-73.47562951,45.44518179],[-73.479546,45.44530853],[-73.48092035,45.4463346],[-73.48082975,45.44366643],[-73.48382728,45.44375696],[-73.4822618,45.4413631],[-73.48748704,45.44313198],[-73.48733052,45.44097688],[-73.4905267,45.43998281],[-73.49155919,45.44324484],[-73.49578444,45.4434686],[-73.49412002,45.44087389],[-73.49547509,45.4404871],[-73.49383969,45.43375601],[-73.49110889,45.43161081],[-73.48700507,45.43103656],[-73.48433316,45.43207],[-73.48236658,45.43004679],[-73.47923246,45.43050523],[-73.47420162,45.43816336]]]]},"properties":{"ADAIDU":"24580052","IDUGD":"2021S051624580052","SUPTERRE":1.9952,"PRIDU":"24"},"bbox":[-73.50278061,45.43004679,-73.47420162,45.4463346]},{"type":"Feature","geometry":{"type":"MultiPolygon","coordinates":[[[[-73.47687032,45.58832078],[-73.4724447,45.59056831],[-73.4663407,45.59626249],[-73.46362091,45.60002299],[-73.46227189,45.60454869],[-73.47024779,45.6005468],[-73.4727614,45.59808191],[-73.47912029,45.59547381],[-73.4819786,45.59530329],[-73.48537572,45.5933512],[-73.4874406,45.5873675],[-73.48922254,45.58628742],[-73.48566589,45.58563266],[-73.47922345,45.58674394],[-73.47687032,45.58832078]]],[[[-73.47452619,45.63552401],[-73.47492511,45.6328787],[-73.48033919,45.62823661],[-73.47921159,45.6256719],[-73.48244409,45.623351],[-73.4856389,45.61662969],[-73.48955031,45.61378672],[-73.49217918,45.6103946],[-73.49098721,45.60863079],[-73.4914878,45.60506751],[-73.49351371,45.60119841],[-73.49369382,45.5951696],[-73.49014391,45.5920199],[-73.48807998,45.59442219],[-73.48896349,45.5987505],[-73.48633371,45.6072356],[-73.4815224,45.6182128],[-73.47444361,45.6197411],[-73.47382671,45.6225485],[-73.47730321,45.61975981],[-73.47971411,45.61935531],[-73.47517299,45.6233856],[-73.47332362,45.62901799],[-73.4733977,45.63503789],[-73.47452619,45.63552401]]],[[[-73.45561359,45.64321179],[-73.45688309,45.6439141],[-73.46382461,45.64200889],[-73.46649421,45.6398501],[-73.47005152,45.63208559],[-73.4736615,45.61959699],[-73.46504549,45.61770509],[-73.4621596,45.6188829],[-73.46151601,45.62254491],[-73.45984651,45.62608069],[-73.4580716,45.6329817],[-73.45412821,45.64000781],[-73.45561359,45.64321179]]],[[[-73.46190462,45.6167952],[-73.46201889,45.61845089],[-73.46543049,45.61730919],[-73.4742131,45.61913819],[-73.47852198,45.6181403],[-73.48021521,45.61621501],[-73.48093479,45.61190489],[-73.48309061,45.6053905],[-73.4856304,45.6000459],[-73.48604182,45.59506091],[-73.47979928,45.59615771],[-73.4734149,45.59866689],[-73.47181171,45.60049321],[-73.47976019,45.5979574],[-73.48206661,45.6007023],[-73.47909311,45.59936101],[-73.47067021,45.60185171],[-73.46500209,45.60501751],[-73.47491088,45.6071257],[-73.46493771,45.60554839],[-73.4621419,45.60718511],[-73.4615102,45.61228699],[-73.46190462,45.6167952]]],[[[-73.4498248,45.5687082],[-73.44723844,45.57474935],[-73.44366585,45.57361842],[-73.44115879,45.57160604],[-73.4319035,45.56963922],[-73.42695683,45.56921325],[-73.41628017,45.56988082],[-73.41391137,45.57316791],[-73.43008523,45.58574514],[-73.43471482,45.59010306],[-73.44904402,45.60071176],[-73.45683097,45.6068283],[-73.45931481,45.5986988],[-73.4626772,45.59266209],[-73.4696016,45.58652731],[-73.4707552,45.58496309],[-73.4498248,45.5687082]]]]},"properties":{"ADAIDU":"24580055","IDUGD":"2021S051624580055","SUPTERRE":17.7666,"PRIDU":"24"},"bbox":[-73.49369382,45.5687082,-73.41391137,45.6439141]},{"type":"Feature","geometry":{"type":"Polygon","coordinates":[[[-73.44904402,45.60071176],[-73.44325018,45.60500524],[-73.44237785,45.60967706],[-73.42610227,45.62850052],[-73.42403581,45.63253739],[-73.42305645,45.63967808],[-73.43522424,45.64930727],[-73.4415979,45.65404229],[-73.444978,45.65725329],[-73.44586889,45.65146789],[-73.44478149,45.6481741],[-73.44515691,45.6448358],[-73.4475618,45.63847531],[-73.4519404,45.6333662],[-73.45341781,45.63032541],[-73.45728701,45.6189351],[-73.45663828,45.61209621],[-73.45683097,45.6068283],[-73.44904402,45.60071176]]]},"properties":{"ADAIDU":"24580056","IDUGD":"2021S051624580056","SUPTERRE":8.6627,"PRIDU":"24"},"bbox":[-73.45728701,45.60071176,-73.42305645,45.65725329]},{"type":"Feature","geometry":{"type":"Polygon","coordinates":[[[-73.36172802,45.57347721],[-73.36180224,45.57541996],[-73.35973458,45.5864003],[-73.36016045,45.58997886],[-73.37577761,45.60237929],[-73.38343938,45.60844853],[-73.4159347,45.63397058],[-73.42305645,45.63967808],[-73.42403581,45.63253739],[-73.42610227,45.62850052],[-73.44237785,45.60967706],[-73.44325018,45.60500524],[-73.44904402,45.60071176],[-73.43471482,45.59010306],[-73.43008523,45.58574514],[-73.41391137,45.57316791],[-73.41628017,45.56988082],[-73.42695683,45.56921325],[-73.4319035,45.56963922],[-73.44115879,45.57160604],[-73.44366585,45.57361842],[-73.44723844,45.57474935],[-73.4498248,45.5687082],[-73.42441756,45.54878801],[-73.42028494,45.54603872],[-73.41066677,45.55268319],[-73.39792638,45.54339315],[-73.39014497,45.53736373],[-73.38719893,45.54176598],[-73.37508409,45.53295044],[-73.37241418,45.53849857],[-73.3721955,45.54092584],[-73.37167444,45.54865002],[-73.37172642,45.55607178],[-73.3666448,45.56891371],[-73.36172802,45.57347721]]]},"properties":{"ADAIDU":"24580057","IDUGD":"2021S051624580057","SUPTERRE":44.5922,"PRIDU":"24"},"bbox":[-73.4498248,45.53295044,-73.35973458,45.63967808]},{"type":"Feature","geometry":{"type":"MultiPolygon","coordinates":[[[[-73.50298379,45.44811946],[-73.50278061,45.44361926],[-73.50199419,45.44361241],[-73.50229039,45.44810905],[-73.50298379,45.44811946]]],[[[-73.49598583,45.44800863],[-73.49578444,45.4434686],[-73.49155919,45.44324484],[-73.4905267,45.43998281],[-73.48733052,45.44097688],[-73.48748704,45.44313198],[-73.4822618,45.4413631],[-73.48382728,45.44375696],[-73.48082975,45.44366643],[-73.48092035,45.4463346],[-73.479546,45.44530853],[-73.47562951,45.44518179],[-73.47428125,45.4461533],[-73.47454107,45.44304439],[-73.47620381,45.43891549],[-73.47420162,45.43816336],[-73.47075645,45.43788729],[-73.47205805,45.43575946],[-73.46681711,45.43322494],[-73.46535234,45.43352146],[-73.46383571,45.43630611],[-73.46777204,45.43691015],[-73.46745395,45.43845782],[-73.46285902,45.43759705],[-73.46144261,45.43641777],[-73.45869493,45.43867544],[-73.46109992,45.4399631],[-73.45928034,45.44173964],[-73.46045419,45.44359825],[-73.46993643,45.4469628],[-73.47343737,45.44811475],[-73.47136445,45.44959898],[-73.46996234,45.45224875],[-73.47339945,45.45237103],[-73.47441259,45.44994172],[-73.47778282,45.45001438],[-73.48231028,45.44732009],[-73.49598583,45.44800863]]]]},"properties":{"ADAIDU":"24580058","IDUGD":"2021S051624580058","SUPTERRE":2.3453,"PRIDU":"24"},"bbox":[-73.50298379,45.43322494,-73.45869493,45.45237103]},{"type":"Feature","geometry":{"type":"Polygon","coordinates":[[[-73.45678877,45.46360382],[-73.46109331,45.46475077],[-73.46600184,45.46494318],[-73.46487132,45.4575759],[-73.46514349,45.455167],[-73.46993643,45.4469628],[-73.46045419,45.44359825],[-73.45579418,45.4428812],[-73.45267688,45.44640202],[-73.44627121,45.45620442],[-73.45678877,45.46360382]]]},"properties":{"ADAIDU":"24580059","IDUGD":"2021S051624580059","SUPTERRE":2.7205,"PRIDU":"24"},"bbox":[-73.46993643,45.4428812,-73.44627121,45.46494318]},{"type":"Feature","geometry":{"type":"Polygon","coordinates":[[[-73.4408612,45.47319038],[-73.45168947,45.48051119],[-73.45598886,45.47692698],[-73.46548905,45.47037098],[-73.45654978,45.46392448],[-73.45294308,45.46219083],[-73.44640072,45.45718931],[-73.44492068,45.45893877],[-73.43770078,45.46356484],[-73.44097844,45.46577769],[-73.43900113,45.46720985],[-73.43418602,45.46873699],[-73.4408612,45.47319038]]]},"properties":{"ADAIDU":"24580062","IDUGD":"2021S051624580062","SUPTERRE":3.0535,"PRIDU":"24"},"bbox":[-73.46548905,45.45718931,-73.43418602,45.48051119]},{"type":"Feature","geometry":{"type":"MultiPolygon","coordinates":[[[[-73.50883583,45.4778161],[-73.50381121,45.470902],[-73.50455321,45.47398851],[-73.50822856,45.47779291],[-73.50883583,45.4778161]]],[[[-73.51147731,45.47789839],[-73.50712359,45.47101879],[-73.50577253,45.46751916],[-73.50459108,45.46742591],[-73.50551211,45.4696421],[-73.51070281,45.47788739],[-73.51147731,45.47789839]]],[[[-73.47501778,45.47714881],[-73.47454359,45.4766358],[-73.48592692,45.47675912],[-73.48643336,45.47717533],[-73.50458653,45.4776537],[-73.50152211,45.47592319],[-73.49948841,45.47319662],[-73.49742961,45.4668457],[-73.49426784,45.46658375],[-73.496164,45.47098017],[-73.49167057,45.47108622],[-73.48555638,45.47329479],[-73.47601709,45.4733111],[-73.47201821,45.4749795],[-73.46757966,45.47181858],[-73.46754753,45.46822434],[-73.46600184,45.46494318],[-73.46109331,45.46475077],[-73.45678877,45.46360382],[-73.45654978,45.46392448],[-73.46548905,45.47037098],[-73.45598886,45.47692698],[-73.45168947,45.48051119],[-73.45268408,45.48117557],[-73.45942833,45.48558487],[-73.4656234,45.48127611],[-73.46546328,45.48072762],[-73.47223732,45.4761253],[-73.47501778,45.47714881]]]]},"properties":{"ADAIDU":"24580063","IDUGD":"2021S051624580063","SUPTERRE":2.9683,"PRIDU":"24"},"bbox":[-73.51147731,45.46360382,-73.45168947,45.48558487]},{"type":"Feature","geometry":{"type":"Polygon","coordinates":[[[-73.44627121,45.45620442],[-73.45267688,45.44640202],[-73.45579418,45.4428812],[-73.46045419,45.44359825],[-73.45928034,45.44173964],[-73.46109992,45.4399631],[-73.45869493,45.43867544],[-73.46144261,45.43641777],[-73.46285902,45.43759705],[-73.46745395,45.43845782],[-73.46777204,45.43691015],[-73.46383571,45.43630611],[-73.46535234,45.43352146],[-73.46681711,45.43322494],[-73.47205805,45.43575946],[-73.47075645,45.43788729],[-73.47420162,45.43816336],[-73.47923246,45.43050523],[-73.47438197,45.42670832],[-73.47223087,45.42676135],[-73.47084078,45.42519807],[-73.46467419,45.42323885],[-73.46426805,45.42174021],[-73.45641062,45.42117672],[-73.45549749,45.42232697],[-73.44936029,45.42205668],[-73.43787134,45.42186782],[-73.43838281,45.41701485],[-73.42063654,45.41587796],[-73.38832518,45.41440264],[-73.41193507,45.43136734],[-73.41763215,45.43638336],[-73.42550617,45.44220017],[-73.43307568,45.44669168],[-73.44627121,45.45620442]]]},"properties":{"ADAIDU":"24580064","IDUGD":"2021S051624580064","SUPTERRE":14.3608,"PRIDU":"24"},"bbox":[-73.47923246,45.41440264,-73.38832518,45.45620442]},{"type":"Feature","geometry":{"type":"MultiPolygon","coordinates":[[[[-73.24451261,45.86495219],[-73.2447903,45.86338719],[-73.24238101,45.86357081],[-73.24451261,45.86495219]]],[[[-73.23322611,45.871225],[-73.23072441,45.87183089],[-73.2298855,45.87480731],[-73.2350364,45.8724528],[-73.23322611,45.871225]]],[[[-73.25119628,45.8535487],[-73.24816829,45.85398291],[-73.24563289,45.8565327],[-73.25165389,45.85489939],[-73.25119628,45.8535487]]],[[[-73.248338,45.8706114],[-73.25213371,45.8686402],[-73.25120551,45.8659478],[-73.24898169,45.86783239],[-73.24999401,45.8690134],[-73.248338,45.8706114]]],[[[-73.225786,45.89116449],[-73.2249697,45.89467169],[-73.22999761,45.88889809],[-73.23260788,45.8873386],[-73.23023719,45.887315],[-73.2267613,45.88935831],[-73.225786,45.89116449]]],[[[-73.22679501,45.882466],[-73.22505081,45.88346959],[-73.2225724,45.88959111],[-73.226783,45.88492241],[-73.22955071,45.88273349],[-73.22679501,45.882466]]],[[[-73.24456741,45.85862679],[-73.2402186,45.8605515],[-73.23825291,45.86228369],[-73.24256291,45.8632383],[-73.24595221,45.86277801],[-73.2474825,45.8604149],[-73.24456741,45.85862679]]],[[[-73.23318361,45.8693622],[-73.23771249,45.8703895],[-73.2441252,45.86519429],[-73.24199489,45.86352491],[-73.2381202,45.8631202],[-73.23628388,45.86469059],[-73.23318361,45.8693622]]],[[[-73.22013531,45.92588231],[-73.21993268,45.9225616],[-73.22494849,45.91461969],[-73.22665871,45.91026002],[-73.22768169,45.9040179],[-73.2223454,45.9067224],[-73.21922399,45.9122754],[-73.2207916,45.91583339],[-73.22027221,45.91914331],[-73.21893761,45.92049869],[-73.21875051,45.9243673],[-73.22013531,45.92588231]]],[[[-73.2542139,45.8613204],[-73.2516094,45.86492281],[-73.2527603,45.8667609],[-73.255316,45.86549771],[-73.25983181,45.8606575],[-73.25731519,45.8589066],[-73.2589716,45.8570745],[-73.25966819,45.8538008],[-73.26399302,45.85118239],[-73.26181902,45.850683],[-73.2551273,45.8527473],[-73.25278948,45.8543619],[-73.25213721,45.85625911],[-73.24957078,45.85710831],[-73.25103861,45.8600448],[-73.24855519,45.8595984],[-73.24999811,45.862328],[-73.25267108,45.8607412],[-73.2542139,45.8613204]]],[[[-73.2541958,45.85081081],[-73.25063901,45.85150491],[-73.2518314,45.85262331],[-73.26447951,45.84878101],[-73.26975361,45.84372589],[-73.26946211,45.84260951],[-73.2735564,45.8393605],[-73.268866,45.84043089],[-73.26543259,45.84257439],[-73.26118081,45.84338441],[-73.25528158,45.846917],[-73.25208359,45.84803489],[-73.24972699,45.85100809],[-73.2541958,45.85081081]]],[[[-73.16487429,45.96883662],[-73.18109445,45.98070168],[-73.18466409,45.97388279],[-73.18984771,45.96767051],[-73.19136021,45.9648494],[-73.1972492,45.9590886],[-73.20347021,45.9489285],[-73.20685808,45.9350807],[-73.20705432,45.9321119],[-73.20954341,45.9221577],[-73.2090608,45.91336569],[-73.20771611,45.90923229],[-73.20837679,45.90366439],[-73.20804431,45.8982648],[-73.20966419,45.89406689],[-73.2096647,45.89643339],[-73.21158831,45.8957634],[-73.2127382,45.89265311],[-73.21741751,45.88471071],[-73.21864899,45.88067371],[-73.22233871,45.8770116],[-73.2230954,45.87511479],[-73.22594991,45.87353811],[-73.22715161,45.87014891],[-73.23313989,45.86232581],[-73.23965209,45.85774289],[-73.24540971,45.85466071],[-73.24679079,45.8510916],[-73.24941591,45.848596],[-73.25875841,45.8438291],[-73.26531781,45.8423402],[-73.2686479,45.84027741],[-73.27348199,45.83865849],[-73.27869659,45.8351686],[-73.2799901,45.83358741],[-73.28334009,45.83273909],[-73.2858284,45.82832581],[-73.29195928,45.8237122],[-73.29565851,45.82218021],[-73.29992942,45.8190925],[-73.30329111,45.81826141],[-73.3072106,45.81250272],[-73.3041713,45.81084038],[-73.27590387,45.79010207],[-73.26365832,45.78114141],[-73.2621439,45.78353156],[-73.26002868,45.78194353],[-73.2577827,45.78338627],[-73.2685931,45.79120255],[-73.26462472,45.79294951],[-73.26020912,45.78966865],[-73.25402537,45.79294092],[-73.2582056,45.795726],[-73.25376795,45.79760195],[-73.24873077,45.8020719],[-73.24609631,45.80018228],[-73.24047847,45.80483561],[-73.24206429,45.80610767],[-73.23819112,45.81027889],[-73.22681737,45.81740282],[-73.22507204,45.81603686],[-73.21799803,45.82548085],[-73.21195912,45.83620539],[-73.20582494,45.84332493],[-73.19395518,45.85132599],[-73.19116627,45.85394277],[-73.18854924,45.85940123],[-73.18470164,45.8618592],[-73.20387871,45.87540224],[-73.19557057,45.88432951],[-73.19171694,45.89329769],[-73.18749721,45.89199557],[-73.18738229,45.89978113],[-73.18865218,45.91201077],[-73.18810247,45.92282649],[-73.18418529,45.93771885],[-73.1834206,45.942148],[-73.17967381,45.95083499],[-73.17557309,45.95503372],[-73.16847815,45.96088108],[-73.16487429,45.96883662]]]]},"properties":{"ADAIDU":"24590001","IDUGD":"2021S051624590001","SUPTERRE":62.1981,"PRIDU":"24"},"bbox":[-73.3072106,45.78114141,-73.16487429,45.98070168]},{"type":"Feature","geometry":{"type":"MultiPolygon","coordinates":[[[[-73.342662,45.79331711],[-73.34159921,45.79611399],[-73.34580341,45.79224171],[-73.342662,45.79331711]]],[[[-73.39636368,45.7588982],[-73.39647599,45.76075191],[-73.40443782,45.7581763],[-73.40321892,45.7568436],[-73.39636368,45.7588982]]],[[[-73.40484981,45.75782581],[-73.41000872,45.75521149],[-73.41273778,45.7526312],[-73.4150441,45.74899771],[-73.4151634,45.74660441],[-73.4092995,45.7486874],[-73.40687671,45.75255461],[-73.4036085,45.75453141],[-73.40292429,45.75620451],[-73.40484981,45.75782581]]],[[[-73.36157641,45.78566629],[-73.356491,45.78770259],[-73.35586771,45.79004131],[-73.3598066,45.78877751],[-73.36493231,45.78602129],[-73.37196941,45.78508461],[-73.3744099,45.78649101],[-73.37833171,45.7868731],[-73.3817596,45.7836914],[-73.3785916,45.78564971],[-73.38114369,45.78298901],[-73.38723521,45.7787481],[-73.38776549,45.777273],[-73.39108659,45.7754675],[-73.39468401,45.77030611],[-73.39798159,45.76690779],[-73.40157298,45.7644905],[-73.4024009,45.76157589],[-73.40464181,45.75913931],[-73.39954818,45.76086261],[-73.3931307,45.7622874],[-73.39138841,45.7657321],[-73.39015349,45.76609979],[-73.38543881,45.77055809],[-73.37847332,45.77501389],[-73.3765785,45.77709049],[-73.3680788,45.7824348],[-73.36157641,45.78566629]]],[[[-73.26185188,45.71109636],[-73.29282444,45.73551067],[-73.30157892,45.7415339],[-73.30093659,45.7420777],[-73.30696611,45.74842311],[-73.29972885,45.75312155],[-73.30940455,45.76076457],[-73.30537989,45.76292105],[-73.30120689,45.76670775],[-73.3029279,45.76803376],[-73.30141944,45.76901227],[-73.29871391,45.76707321],[-73.29632741,45.76796834],[-73.30302754,45.77293938],[-73.29982274,45.77332875],[-73.30177252,45.77485242],[-73.2997381,45.77542471],[-73.298298,45.77897617],[-73.29470223,45.7813005],[-73.29258594,45.77978492],[-73.28892551,45.78210885],[-73.28614151,45.78014252],[-73.28154685,45.78423698],[-73.28295874,45.78528284],[-73.28078783,45.78769927],[-73.28236601,45.78890849],[-73.28055757,45.79071277],[-73.27744057,45.78853854],[-73.27590387,45.79010207],[-73.3041713,45.81084038],[-73.3072106,45.81250272],[-73.30966629,45.80917529],[-73.31233529,45.8074971],[-73.3227446,45.7991637],[-73.33042268,45.79551311],[-73.33468339,45.79021959],[-73.34190209,45.78456111],[-73.35011682,45.78099099],[-73.36045188,45.7775758],[-73.36510019,45.77504391],[-73.36810261,45.77235709],[-73.37110811,45.7682034],[-73.37517871,45.7646987],[-73.37887301,45.76262409],[-73.39396985,45.74895712],[-73.39324661,45.74755958],[-73.38753948,45.74376432],[-73.37078913,45.72967986],[-73.35978004,45.72142549],[-73.33566497,45.702237],[-73.3225571,45.69211328],[-73.31035318,45.68262795],[-73.29338102,45.69305319],[-73.28812172,45.69614403],[-73.28417164,45.69856687],[-73.28022303,45.69570202],[-73.26185188,45.71109636]]]]},"properties":{"ADAIDU":"24590002","IDUGD":"2021S051624590002","SUPTERRE":72.6326,"PRIDU":"24"},"bbox":[-73.4151634,45.68262795,-73.26185188,45.81250272]},{"type":"Feature","geometry":{"type":"Polygon","coordinates":[[[-73.26365832,45.78114141],[-73.27590387,45.79010207],[-73.27744057,45.78853854],[-73.28055757,45.79071277],[-73.28236601,45.78890849],[-73.28078783,45.78769927],[-73.28295874,45.78528284],[-73.28154685,45.78423698],[-73.28614151,45.78014252],[-73.28892551,45.78210885],[-73.29258594,45.77978492],[-73.29470223,45.7813005],[-73.298298,45.77897617],[-73.2997381,45.77542471],[-73.30177252,45.77485242],[-73.29982274,45.77332875],[-73.30302754,45.77293938],[-73.29632741,45.76796834],[-73.29871391,45.76707321],[-73.30141944,45.76901227],[-73.3029279,45.76803376],[-73.30120689,45.76670775],[-73.30537989,45.76292105],[-73.30940455,45.76076457],[-73.29972885,45.75312155],[-73.30696611,45.74842311],[-73.30093659,45.7420777],[-73.30157892,45.7415339],[-73.29282444,45.73551067],[-73.26185188,45.71109636],[-73.25455194,45.71727023],[-73.239542,45.73123626],[-73.24152388,45.73298755],[-73.23767216,45.73481912],[-73.23302904,45.73800378],[-73.22515763,45.74508843],[-73.21937061,45.74892497],[-73.23696068,45.76143922],[-73.26365832,45.78114141]]]},"properties":{"ADAIDU":"24590003","IDUGD":"2021S051624590003","SUPTERRE":32.2045,"PRIDU":"24"},"bbox":[-73.30940455,45.71109636,-73.21937061,45.79071277]},{"type":"Feature","geometry":{"type":"MultiPolygon","coordinates":[[[[-73.44296242,45.70874869],[-73.43879679,45.7127147],[-73.43991199,45.71482079],[-73.44296242,45.70874869]]],[[[-73.44989739,45.70929181],[-73.45097619,45.70925629],[-73.45401008,45.7058743],[-73.45469409,45.70168141],[-73.4501561,45.70726741],[-73.44989739,45.70929181]]],[[[-73.4763238,45.66162819],[-73.47792751,45.66246539],[-73.4807513,45.66094521],[-73.47941791,45.65743569],[-73.4778657,45.65658051],[-73.4763238,45.66162819]]],[[[-73.46414599,45.70126189],[-73.46254011,45.70219719],[-73.46560889,45.70280999],[-73.4696937,45.70105651],[-73.46749909,45.69880639],[-73.46414599,45.70126189]]],[[[-73.47064491,45.6993202],[-73.47322588,45.69953671],[-73.47641138,45.69762981],[-73.4767974,45.69538939],[-73.4724189,45.69525349],[-73.46940009,45.69772719],[-73.47064491,45.6993202]]],[[[-73.46758282,45.66518039],[-73.46668312,45.66743869],[-73.46993069,45.6661258],[-73.47578519,45.6606023],[-73.47611981,45.65868571],[-73.4724742,45.66113249],[-73.46640271,45.6642082],[-73.46758282,45.66518039]]],[[[-73.4550097,45.66047009],[-73.45218361,45.6639872],[-73.45008701,45.66943919],[-73.44999389,45.67297539],[-73.4520098,45.6722564],[-73.45357749,45.6699536],[-73.45703089,45.66874019],[-73.46084789,45.66113811],[-73.46342859,45.6591143],[-73.46522761,45.6550477],[-73.46825621,45.65413081],[-73.46954279,45.6480393],[-73.46804141,45.64849781],[-73.46696199,45.651278],[-73.46517991,45.64921681],[-73.46070141,45.6504842],[-73.45752831,45.655837],[-73.45861531,45.66090329],[-73.45611451,45.65896781],[-73.4550097,45.66047009]]],[[[-73.43522424,45.64930727],[-73.43326414,45.66369629],[-73.43364966,45.67119715],[-73.43655831,45.67044031],[-73.4411009,45.67131551],[-73.44208549,45.6748883],[-73.44267619,45.6620302],[-73.444978,45.65725329],[-73.4415979,45.65404229],[-73.43522424,45.64930727]]],[[[-73.45904229,45.69119131],[-73.45965559,45.69534859],[-73.4582767,45.70212371],[-73.4634022,45.699822],[-73.46751339,45.6961699],[-73.4722012,45.6941736],[-73.4768494,45.6939227],[-73.4822321,45.6855914],[-73.48277268,45.6810564],[-73.4824163,45.67136531],[-73.4831992,45.67127549],[-73.48277712,45.66668639],[-73.4809951,45.6610892],[-73.46933951,45.6677723],[-73.46313788,45.67186471],[-73.46002982,45.674869],[-73.45799741,45.68064509],[-73.45802009,45.6846673],[-73.4591484,45.68662021],[-73.45904229,45.69119131]]],[[[-73.39396985,45.74895712],[-73.39905028,45.7447106],[-73.40567712,45.7398664],[-73.41213739,45.73381579],[-73.41924159,45.72588479],[-73.42686749,45.72023911],[-73.43257749,45.71492469],[-73.43286458,45.71121761],[-73.4308559,45.70882981],[-73.43488961,45.70382239],[-73.43568829,45.7016723],[-73.44012579,45.69508809],[-73.44169889,45.68871819],[-73.44355122,45.68517389],[-73.44257819,45.682609],[-73.44200681,45.67656191],[-73.44095951,45.67148641],[-73.4362628,45.670791],[-73.4347209,45.6722388],[-73.4334513,45.67129329],[-73.43270659,45.67162579],[-73.4315134,45.6711842],[-73.4309486,45.67121089],[-73.4308454,45.6717057],[-73.43094719,45.67247059],[-73.43066461,45.67265939],[-73.4295736,45.6725327],[-73.42882971,45.6721454],[-73.42795688,45.67216281],[-73.4274694,45.67199151],[-73.42739259,45.67188351],[-73.4272013,45.67094751],[-73.42666222,45.67093829],[-73.42540371,45.6714233],[-73.4242487,45.67134161],[-73.42307911,45.67251059],[-73.42082011,45.67253601],[-73.41907498,45.6722649],[-73.41559319,45.67453889],[-73.41215251,45.67503119],[-73.4112491,45.6781348],[-73.40874499,45.67874469],[-73.40306638,45.68308637],[-73.41914496,45.69162734],[-73.42252044,45.69152769],[-73.42591024,45.68991234],[-73.42726323,45.69063274],[-73.42951046,45.68797462],[-73.4225132,45.68889829],[-73.42261097,45.68659016],[-73.42509777,45.68366733],[-73.42338486,45.68299134],[-73.4210539,45.68573821],[-73.41629593,45.68363513],[-73.41906633,45.68133393],[-73.42342874,45.68084696],[-73.42637276,45.67784683],[-73.42208871,45.67502181],[-73.42850626,45.67806843],[-73.43405913,45.67772396],[-73.43204424,45.67451835],[-73.43417995,45.67395234],[-73.43676833,45.67900679],[-73.43661035,45.68252497],[-73.42934825,45.68960228],[-73.41887934,45.71088489],[-73.41766935,45.71276458],[-73.38753948,45.74376432],[-73.39324661,45.74755958],[-73.39396985,45.74895712]]]]},"properties":{"ADAIDU":"24590004","IDUGD":"2021S051624590004","SUPTERRE":19.9308,"PRIDU":"24"},"bbox":[-73.4831992,45.6480393,-73.38753948,45.74895712]},{"type":"Feature","geometry":{"type":"Polygon","coordinates":[[[-73.42305645,45.63967808],[-73.4159347,45.63397058],[-73.38343938,45.60844853],[-73.3757727,45.61881249],[-73.37423657,45.61955682],[-73.3767871,45.6213998],[-73.37450569,45.62295987],[-73.37658068,45.62450922],[-73.37527015,45.62541664],[-73.37068702,45.62215433],[-73.37164347,45.62438655],[-73.370128,45.62543847],[-73.37211173,45.62689747],[-73.3748471,45.63207928],[-73.36850321,45.63534935],[-73.37271,45.63843153],[-73.37207263,45.63905388],[-73.36602785,45.63461179],[-73.3656411,45.63512419],[-73.35747354,45.62905782],[-73.35626916,45.63377218],[-73.3576955,45.63786807],[-73.35000523,45.63192326],[-73.33965138,45.64527596],[-73.34569388,45.64991858],[-73.34513497,45.65078988],[-73.33151374,45.67238576],[-73.33775073,45.67724389],[-73.3225571,45.69211328],[-73.33566497,45.702237],[-73.35978004,45.72142549],[-73.37078913,45.72967986],[-73.38753948,45.74376432],[-73.41766935,45.71276458],[-73.41887934,45.71088489],[-73.42934825,45.68960228],[-73.43661035,45.68252497],[-73.43676833,45.67900679],[-73.43417995,45.67395234],[-73.43204424,45.67451835],[-73.43405913,45.67772396],[-73.42850626,45.67806843],[-73.42208871,45.67502181],[-73.42637276,45.67784683],[-73.42342874,45.68084696],[-73.41906633,45.68133393],[-73.41629593,45.68363513],[-73.4210539,45.68573821],[-73.42338486,45.68299134],[-73.42509777,45.68366733],[-73.42261097,45.68659016],[-73.4225132,45.68889829],[-73.42951046,45.68797462],[-73.42726323,45.69063274],[-73.42591024,45.68991234],[-73.42252044,45.69152769],[-73.41914496,45.69162734],[-73.40306638,45.68308637],[-73.40874499,45.67874469],[-73.4112491,45.6781348],[-73.41215251,45.67503119],[-73.41559319,45.67453889],[-73.41907498,45.6722649],[-73.4229123,45.67250141],[-73.42428739,45.6712156],[-73.42542949,45.67128841],[-73.4265852,45.67087521],[-73.42723982,45.6708576],[-73.42739359,45.67101071],[-73.42753399,45.6717396],[-73.42768751,45.6720367],[-73.42876561,45.67203741],[-73.43069031,45.6725244],[-73.43067901,45.67130959],[-73.43109,45.67105791],[-73.43156491,45.6710672],[-73.43256551,45.67149981],[-73.43364966,45.67119715],[-73.43326414,45.66369629],[-73.43522424,45.64930727],[-73.42305645,45.63967808]]]},"properties":{"ADAIDU":"24590005","IDUGD":"2021S051624590005","SUPTERRE":74.8678,"PRIDU":"24"},"bbox":[-73.43676833,45.60844853,-73.3225571,45.74376432]},{"type":"Feature","geometry":{"type":"Polygon","coordinates":[[[-73.28812172,45.69614403],[-73.29338102,45.69305319],[-73.27079211,45.67510354],[-73.28756882,45.66467391],[-73.28536177,45.66285712],[-73.29607784,45.65197792],[-73.29400942,45.65026449],[-73.29670425,45.64793276],[-73.29866312,45.6493787],[-73.30387769,45.64420028],[-73.30945902,45.64082007],[-73.30913559,45.63921268],[-73.30318877,45.63544655],[-73.29837725,45.63652858],[-73.29532345,45.63430582],[-73.29950611,45.63008228],[-73.29187644,45.62315611],[-73.2833873,45.61875285],[-73.27610989,45.62759661],[-73.2748802,45.62650775],[-73.27251263,45.63308959],[-73.2647125,45.63784432],[-73.26191727,45.63884094],[-73.27596147,45.64955083],[-73.26816298,45.65453668],[-73.263077,45.65769645],[-73.2586357,45.66692384],[-73.25808147,45.67466892],[-73.28812172,45.69614403]]]},"properties":{"ADAIDU":"24590006","IDUGD":"2021S051624590006","SUPTERRE":13.8711,"PRIDU":"24"},"bbox":[-73.30945902,45.61875285,-73.25808147,45.69614403]},{"type":"Feature","geometry":{"type":"Polygon","coordinates":[[[-73.3225571,45.69211328],[-73.33775073,45.67724389],[-73.33151374,45.67238576],[-73.34513497,45.65078988],[-73.32665078,45.63693646],[-73.31941303,45.63130184],[-73.31885626,45.63224305],[-73.30500525,45.62196261],[-73.29950611,45.63008228],[-73.29532345,45.63430582],[-73.29837725,45.63652858],[-73.30318877,45.63544655],[-73.30913559,45.63921268],[-73.30945902,45.64082007],[-73.30387769,45.64420028],[-73.29866312,45.6493787],[-73.29670425,45.64793276],[-73.29400942,45.65026449],[-73.29607784,45.65197792],[-73.28536177,45.66285712],[-73.28756882,45.66467391],[-73.27079211,45.67510354],[-73.29338102,45.69305319],[-73.31035318,45.68262795],[-73.3225571,45.69211328]]]},"properties":{"ADAIDU":"24590007","IDUGD":"2021S051624590007","SUPTERRE":22.9002,"PRIDU":"24"},"bbox":[-73.34513497,45.62196261,-73.27079211,45.69305319]},{"type":"Feature","geometry":{"type":"Polygon","coordinates":[[[-73.2833873,45.61875285],[-73.29187644,45.62315611],[-73.29950611,45.63008228],[-73.30500525,45.62196261],[-73.31885626,45.63224305],[-73.31941303,45.63130184],[-73.32665078,45.63693646],[-73.34513497,45.65078988],[-73.34569388,45.64991858],[-73.33965138,45.64527596],[-73.35000523,45.63192326],[-73.3576955,45.63786807],[-73.35626916,45.63377218],[-73.35747354,45.62905782],[-73.3656411,45.63512419],[-73.36602785,45.63461179],[-73.37207263,45.63905388],[-73.37271,45.63843153],[-73.36850321,45.63534935],[-73.3748471,45.63207928],[-73.37211173,45.62689747],[-73.370128,45.62543847],[-73.37164347,45.62438655],[-73.37068702,45.62215433],[-73.37527015,45.62541664],[-73.37658068,45.62450922],[-73.37450569,45.62295987],[-73.3767871,45.6213998],[-73.37423657,45.61955682],[-73.3757727,45.61881249],[-73.38343938,45.60844853],[-73.37577761,45.60237929],[-73.37088667,45.60774364],[-73.36641225,45.61387686],[-73.35619667,45.60655284],[-73.35025473,45.6016634],[-73.35228289,45.59920651],[-73.3550925,45.59839138],[-73.35521637,45.59604668],[-73.34925948,45.59201503],[-73.35007369,45.59149498],[-73.34443185,45.58692788],[-73.34441422,45.58428472],[-73.34252111,45.58231056],[-73.34111333,45.58366513],[-73.34105894,45.58631379],[-73.33781551,45.58549416],[-73.33312595,45.58659108],[-73.32978083,45.58411771],[-73.32670122,45.5851851],[-73.3271751,45.58041681],[-73.29119774,45.586215],[-73.28120621,45.59156779],[-73.27639439,45.59333103],[-73.29251303,45.60514951],[-73.28215165,45.61783679],[-73.2833873,45.61875285]]]},"properties":{"ADAIDU":"24590008","IDUGD":"2021S051624590008","SUPTERRE":32.5662,"PRIDU":"24"},"bbox":[-73.38343938,45.58041681,-73.27639439,45.65078988]},{"type":"Feature","geometry":{"type":"Polygon","coordinates":[[[-73.36180224,45.57541996],[-73.33983836,45.57838718],[-73.3271751,45.58041681],[-73.32670122,45.5851851],[-73.32978083,45.58411771],[-73.33312595,45.58659108],[-73.33781551,45.58549416],[-73.34105894,45.58631379],[-73.34111333,45.58366513],[-73.34252111,45.58231056],[-73.34441422,45.58428472],[-73.34443185,45.58692788],[-73.35007369,45.59149498],[-73.34925948,45.59201503],[-73.35521637,45.59604668],[-73.3550925,45.59839138],[-73.35228289,45.59920651],[-73.35025473,45.6016634],[-73.35619667,45.60655284],[-73.36641225,45.61387686],[-73.37088667,45.60774364],[-73.37577761,45.60237929],[-73.36016045,45.58997886],[-73.35973458,45.5864003],[-73.36180224,45.57541996]]]},"properties":{"ADAIDU":"24590009","IDUGD":"2021S051624590009","SUPTERRE":5.6936,"PRIDU":"24"},"bbox":[-73.37577761,45.57541996,-73.32670122,45.61387686]},{"type":"Feature","geometry":{"type":"Polygon","coordinates":[[[-73.29119774,45.586215],[-73.3271751,45.58041681],[-73.33983836,45.57838718],[-73.36180224,45.57541996],[-73.36172802,45.57347721],[-73.3553832,45.5715931],[-73.35554073,45.57262652],[-73.34919344,45.5671875],[-73.34885466,45.57114444],[-73.33853394,45.56350786],[-73.3333037,45.56698439],[-73.32368327,45.55891574],[-73.32199305,45.55998836],[-73.31873078,45.55744629],[-73.31448132,45.55715958],[-73.3127322,45.56263001],[-73.31204738,45.56782255],[-73.29259407,45.55316792],[-73.29155658,45.55840058],[-73.28892105,45.57518247],[-73.2971858,45.58084798],[-73.29053401,45.58560159],[-73.29119774,45.586215]]]},"properties":{"ADAIDU":"24590010","IDUGD":"2021S051624590010","SUPTERRE":10.2322,"PRIDU":"24"},"bbox":[-73.36180224,45.55316792,-73.28892105,45.586215]},{"type":"Feature","geometry":{"type":"MultiPolygon","coordinates":[[[[-73.34676379,45.81261429],[-73.34276221,45.81712579],[-73.3489029,45.81620731],[-73.356751,45.81171851],[-73.35909789,45.80970589],[-73.3619922,45.80476061],[-73.36053871,45.8046598],[-73.35465299,45.8070279],[-73.35123591,45.8099119],[-73.34676379,45.81261429]]],[[[-73.2852803,45.84370211],[-73.29151138,45.8402675],[-73.29756819,45.83857781],[-73.30056641,45.8389339],[-73.30812481,45.83467289],[-73.31175869,45.8297031],[-73.32134161,45.82357291],[-73.32642971,45.82211401],[-73.33426531,45.8184096],[-73.3362468,45.8185294],[-73.3423643,45.81679239],[-73.34446991,45.8138529],[-73.34766861,45.8111039],[-73.3567151,45.80567179],[-73.36014061,45.80439831],[-73.36228939,45.80426599],[-73.36697598,45.7973431],[-73.36924291,45.796086],[-73.37120558,45.79284901],[-73.37547122,45.78927249],[-73.3761571,45.78735671],[-73.37097719,45.7859293],[-73.36570218,45.78673309],[-73.36098832,45.7894358],[-73.35491148,45.79168671],[-73.35079991,45.7948937],[-73.34100551,45.80135901],[-73.33764398,45.80268601],[-73.3329902,45.80587361],[-73.32608579,45.8127107],[-73.32146149,45.81426021],[-73.31624828,45.818715],[-73.311401,45.82129839],[-73.30603438,45.8250056],[-73.3040701,45.8273147],[-73.29275939,45.83701249],[-73.29243111,45.83873949],[-73.2879292,45.8411426],[-73.2852803,45.84370211]]],[[[-73.34483387,45.87134436],[-73.36273051,45.85559004],[-73.3636657,45.85598584],[-73.37963471,45.84725909],[-73.37824316,45.84598212],[-73.38054091,45.84437045],[-73.38209329,45.84541578],[-73.38631175,45.84336878],[-73.39130622,45.84706332],[-73.39444497,45.84504591],[-73.38950338,45.8408214],[-73.39003606,45.84009324],[-73.38679593,45.83769307],[-73.39052457,45.83473891],[-73.38932854,45.83391465],[-73.39391199,45.82888599],[-73.39623284,45.82253394],[-73.39778115,45.82174214],[-73.39506512,45.81987391],[-73.39933912,45.81424575],[-73.39826693,45.81365709],[-73.4010768,45.81188236],[-73.4080668,45.81740807],[-73.40920481,45.81662191],[-73.40670969,45.81455117],[-73.40784409,45.81382039],[-73.40210715,45.80976134],[-73.40540344,45.80378125],[-73.4115563,45.79850368],[-73.41304304,45.79855591],[-73.41600521,45.79546241],[-73.40751333,45.78912345],[-73.39931116,45.78375824],[-73.39455721,45.78984071],[-73.38863219,45.79404611],[-73.38218048,45.7975668],[-73.37944831,45.79985841],[-73.37749709,45.80386941],[-73.37403811,45.80881459],[-73.37165389,45.81050349],[-73.3671957,45.81855149],[-73.36346791,45.82213729],[-73.35996191,45.8243196],[-73.34951301,45.82855341],[-73.34604811,45.82953851],[-73.337987,45.830796],[-73.33131408,45.83264],[-73.32584871,45.8351062],[-73.31790929,45.84208519],[-73.3164739,45.8440444],[-73.31200665,45.84772433],[-73.31492182,45.8495903],[-73.32852194,45.86001203],[-73.34483387,45.87134436]]]]},"properties":{"ADAIDU":"24600003","IDUGD":"2021S051624600003","SUPTERRE":36.1721,"PRIDU":"24"},"bbox":[-73.41600521,45.78375824,-73.2852803,45.87134436]},{"type":"Feature","geometry":{"type":"Polygon","coordinates":[[[-73.48163241,45.89637607],[-73.48056819,45.89294949],[-73.48496281,45.8912586],[-73.4900778,45.89355349],[-73.48716409,45.9000317],[-73.49144251,45.9019037],[-73.4956441,45.89909659],[-73.50074749,45.9009412],[-73.50135575,45.89805363],[-73.51393274,45.88965317],[-73.53251306,45.87657594],[-73.5246977,45.87105018],[-73.52833012,45.86959408],[-73.52858721,45.87125228],[-73.53181927,45.87250497],[-73.53348089,45.87195483],[-73.52862294,45.86890051],[-73.53094001,45.86724579],[-73.53707322,45.87153573],[-73.53801436,45.87081714],[-73.53542557,45.86895795],[-73.53562912,45.86725705],[-73.53845551,45.86636498],[-73.53184623,45.86187191],[-73.53537951,45.86079506],[-73.53871248,45.84207338],[-73.54251628,45.84348545],[-73.54602602,45.8433683],[-73.54901837,45.84041738],[-73.55711264,45.83635131],[-73.55942037,45.82492262],[-73.56254285,45.82635261],[-73.57703762,45.82769706],[-73.57857016,45.82128453],[-73.54946725,45.81632482],[-73.55047604,45.79340777],[-73.54414308,45.79316684],[-73.52612016,45.79374793],[-73.52417025,45.81401402],[-73.51580666,45.81345689],[-73.51318361,45.81090206],[-73.50978213,45.81283252],[-73.51133945,45.81474728],[-73.50832689,45.81939411],[-73.50449174,45.8172196],[-73.50375795,45.81790522],[-73.49751493,45.81312717],[-73.48894373,45.81396269],[-73.47979071,45.80756483],[-73.47822135,45.8085005],[-73.48954155,45.81687677],[-73.48426819,45.82116116],[-73.48024856,45.82331476],[-73.48041272,45.82497643],[-73.47830316,45.82628712],[-73.47713858,45.82500421],[-73.4734172,45.8269761],[-73.47415237,45.82770476],[-73.46944542,45.83080029],[-73.47558427,45.83553451],[-73.47483841,45.83669471],[-73.47995549,45.84014031],[-73.47859278,45.84141923],[-73.48146827,45.84389326],[-73.48500896,45.84324273],[-73.48794071,45.84604351],[-73.49317391,45.84646491],[-73.49493482,45.84549196],[-73.50060155,45.8492729],[-73.49179183,45.85528866],[-73.48913866,45.85345056],[-73.48245983,45.85808276],[-73.47255796,45.85100689],[-73.46928108,45.84981233],[-73.46741057,45.84795433],[-73.46590421,45.84783955],[-73.46164575,45.85161026],[-73.45540978,45.85084269],[-73.4529064,45.8492279],[-73.44583743,45.84764968],[-73.44509021,45.84438398],[-73.44563668,45.8404868],[-73.44071408,45.84599826],[-73.44011828,45.84893229],[-73.44455928,45.85176419],[-73.44536611,45.85797417],[-73.44291325,45.86115334],[-73.44678318,45.86276806],[-73.44979673,45.86227887],[-73.45107236,45.8641952],[-73.45280733,45.86333929],[-73.45063695,45.86174415],[-73.45461898,45.86184244],[-73.45414811,45.85989391],[-73.45582652,45.85815365],[-73.45724816,45.85873992],[-73.45604675,45.86155863],[-73.46156627,45.86241335],[-73.45915577,45.86457113],[-73.44765591,45.87258576],[-73.44814094,45.87325238],[-73.48163241,45.89637607]]]},"properties":{"ADAIDU":"24600004","IDUGD":"2021S051624600004","SUPTERRE":54.2898,"PRIDU":"24"},"bbox":[-73.57857016,45.79316684,-73.44011828,45.9019037]},{"type":"Feature","geometry":{"type":"Polygon","coordinates":[[[-73.47859278,45.84141923],[-73.46741057,45.84795433],[-73.46928108,45.84981233],[-73.47255796,45.85100689],[-73.48245983,45.85808276],[-73.48913866,45.85345056],[-73.49179183,45.85528866],[-73.50060155,45.8492729],[-73.49493482,45.84549196],[-73.49317391,45.84646491],[-73.48794071,45.84604351],[-73.48500896,45.84324273],[-73.48146827,45.84389326],[-73.47859278,45.84141923]]]},"properties":{"ADAIDU":"24600005","IDUGD":"2021S051624600005","SUPTERRE":2.2758,"PRIDU":"24"},"bbox":[-73.50060155,45.84141923,-73.46741057,45.85808276]},{"type":"Feature","geometry":{"type":"Polygon","coordinates":[[[-73.42560785,45.81165197],[-73.42311273,45.81510439],[-73.42270244,45.81846848],[-73.42349882,45.8232494],[-73.41608947,45.82648678],[-73.41299899,45.82897986],[-73.4118049,45.83186879],[-73.4136161,45.83516277],[-73.41735338,45.83657531],[-73.42465883,45.83555712],[-73.42730977,45.83336472],[-73.42747293,45.83079948],[-73.42623725,45.82774671],[-73.42659979,45.82573837],[-73.42865796,45.82412311],[-73.43253544,45.82334822],[-73.43170727,45.82192956],[-73.43485237,45.82030287],[-73.43519145,45.81799827],[-73.42626448,45.81126703],[-73.42560785,45.81165197]]]},"properties":{"ADAIDU":"24600006","IDUGD":"2021S051624600006","SUPTERRE":2.0142,"PRIDU":"24"},"bbox":[-73.43519145,45.81126703,-73.4118049,45.83657531]},{"type":"Feature","geometry":{"type":"Polygon","coordinates":[[[-73.40751333,45.78912345],[-73.4312136,45.76314897],[-73.42859304,45.7621191],[-73.42634892,45.76273592],[-73.4205982,45.7603292],[-73.41801709,45.7637746],[-73.41713932,45.7662575],[-73.41346979,45.76971],[-73.4140387,45.7675689],[-73.4082702,45.7728103],[-73.41075231,45.77257831],[-73.40627352,45.77511209],[-73.40410969,45.7770989],[-73.39931116,45.78375824],[-73.40751333,45.78912345]]]},"properties":{"ADAIDU":"24600011","IDUGD":"2021S051624600011","SUPTERRE":2.8165,"PRIDU":"24"},"bbox":[-73.4312136,45.7603292,-73.39931116,45.78912345]},{"type":"Feature","geometry":{"type":"Polygon","coordinates":[[[-73.44082898,45.76653502],[-73.44376368,45.76692106],[-73.45036221,45.76968913],[-73.45660452,45.76172986],[-73.46054471,45.7571522],[-73.46824582,45.7509261],[-73.47227785,45.74684748],[-73.47706446,45.74410974],[-73.48061454,45.73896415],[-73.48143949,45.73533715],[-73.4722594,45.73603856],[-73.46894864,45.73680544],[-73.46472397,45.73941279],[-73.45895328,45.74539479],[-73.44082898,45.76653502]]]},"properties":{"ADAIDU":"24600012","IDUGD":"2021S051624600012","SUPTERRE":3.411,"PRIDU":"24"},"bbox":[-73.48143949,45.73533715,-73.44082898,45.76968913]},{"type":"Feature","geometry":{"type":"Polygon","coordinates":[[[-73.46894864,45.73680544],[-73.46789808,45.73330227],[-73.46041211,45.73114575],[-73.45022567,45.74235825],[-73.4312136,45.76314897],[-73.43665633,45.76564582],[-73.44082898,45.76653502],[-73.45895328,45.74539479],[-73.46472397,45.73941279],[-73.46894864,45.73680544]]]},"properties":{"ADAIDU":"24600013","IDUGD":"2021S051624600013","SUPTERRE":3.3535,"PRIDU":"24"},"bbox":[-73.46894864,45.73114575,-73.4312136,45.76653502]},{"type":"Feature","geometry":{"type":"Polygon","coordinates":[[[-73.45036221,45.76968913],[-73.44986581,45.77402445],[-73.45813417,45.78123206],[-73.4644838,45.77122452],[-73.46855098,45.77136835],[-73.47002572,45.7682494],[-73.47687174,45.76639698],[-73.47637245,45.7639516],[-73.47211537,45.7646823],[-73.47027872,45.7635469],[-73.47222131,45.76042359],[-73.46300089,45.7562914],[-73.46081207,45.7587804],[-73.46666137,45.76168793],[-73.46186541,45.7640539],[-73.45660452,45.76172986],[-73.45036221,45.76968913]]]},"properties":{"ADAIDU":"24600014","IDUGD":"2021S051624600014","SUPTERRE":2.3752,"PRIDU":"24"},"bbox":[-73.47687174,45.7562914,-73.44986581,45.78123206]},{"type":"Feature","geometry":{"type":"Polygon","coordinates":[[[-73.45660452,45.76172986],[-73.46186541,45.7640539],[-73.46666137,45.76168793],[-73.46081207,45.7587804],[-73.46300089,45.7562914],[-73.47222131,45.76042359],[-73.47027872,45.7635469],[-73.47211537,45.7646823],[-73.47637245,45.7639516],[-73.47486928,45.76127185],[-73.47615636,45.75930297],[-73.47979103,45.75706771],[-73.49310302,45.76358424],[-73.49582771,45.76442794],[-73.50589925,45.76630743],[-73.52171219,45.77427747],[-73.52606077,45.77736772],[-73.5294795,45.75423463],[-73.52012083,45.74901596],[-73.51918958,45.74671912],[-73.51674149,45.74547752],[-73.51568131,45.74343331],[-73.50186918,45.7364759],[-73.50110528,45.73788177],[-73.48349408,45.7295184],[-73.48143949,45.73533715],[-73.48061454,45.73896415],[-73.47706446,45.74410974],[-73.47227785,45.74684748],[-73.46824582,45.7509261],[-73.46054471,45.7571522],[-73.45660452,45.76172986]]]},"properties":{"ADAIDU":"24600015","IDUGD":"2021S051624600015","SUPTERRE":13.039,"PRIDU":"24"},"bbox":[-73.5294795,45.7295184,-73.45660452,45.77736772]},{"type":"Feature","geometry":{"type":"Polygon","coordinates":[[[-73.4312136,45.76314897],[-73.45022567,45.74235825],[-73.44521386,45.74005243],[-73.44386316,45.73842198],[-73.4346886,45.74403469],[-73.4322539,45.74891931],[-73.42932091,45.7509151],[-73.42187901,45.7601242],[-73.4205982,45.7603292],[-73.42634892,45.76273592],[-73.42859304,45.7621191],[-73.4312136,45.76314897]]]},"properties":{"ADAIDU":"24600016","IDUGD":"2021S051624600016","SUPTERRE":2.3856,"PRIDU":"24"},"bbox":[-73.45022567,45.73842198,-73.4205982,45.76314897]},{"type":"Feature","geometry":{"type":"Polygon","coordinates":[[[-73.48143949,45.73533715],[-73.48349408,45.7295184],[-73.48140104,45.72211965],[-73.48129541,45.7145828],[-73.4779403,45.71294081],[-73.46838252,45.71845615],[-73.47060339,45.71984781],[-73.46041211,45.73114575],[-73.46789808,45.73330227],[-73.46894864,45.73680544],[-73.4722594,45.73603856],[-73.48143949,45.73533715]]]},"properties":{"ADAIDU":"24600017","IDUGD":"2021S051624600017","SUPTERRE":2.6344,"PRIDU":"24"},"bbox":[-73.48349408,45.71294081,-73.46041211,45.73680544]},{"type":"Feature","geometry":{"type":"Polygon","coordinates":[[[-73.50186918,45.7364759],[-73.50042398,45.72902368],[-73.49698708,45.7257126],[-73.49733435,45.72154159],[-73.49304038,45.71848744],[-73.49254771,45.72046429],[-73.48843892,45.71755736],[-73.48755538,45.71390031],[-73.48129541,45.7145828],[-73.48140104,45.72211965],[-73.48349408,45.7295184],[-73.50110528,45.73788177],[-73.50186918,45.7364759]]]},"properties":{"ADAIDU":"24600018","IDUGD":"2021S051624600018","SUPTERRE":2.1686,"PRIDU":"24"},"bbox":[-73.50186918,45.71390031,-73.48129541,45.73788177]},{"type":"Feature","geometry":{"type":"MultiPolygon","coordinates":[[[[-73.46293152,45.71244609],[-73.46156819,45.71504621],[-73.4660272,45.7118892],[-73.46293152,45.71244609]]],[[[-73.45231711,45.71830901],[-73.45018409,45.71894699],[-73.4441144,45.72559371],[-73.4475575,45.72555039],[-73.4515442,45.72095409],[-73.4541794,45.71875959],[-73.45231711,45.71830901]]],[[[-73.45942639,45.7105554],[-73.45554611,45.71244351],[-73.4535527,45.7153581],[-73.45394969,45.7168429],[-73.45797109,45.7157378],[-73.46238028,45.7106643],[-73.45942639,45.7105554]]],[[[-73.45980009,45.7087559],[-73.46475749,45.7090814],[-73.46845711,45.70780471],[-73.47141208,45.70582591],[-73.47273699,45.7016332],[-73.46994951,45.7030452],[-73.46443929,45.70460031],[-73.46111299,45.70473409],[-73.45909498,45.70708201],[-73.45980009,45.7087559]]],[[[-73.48227509,45.71211789],[-73.4902259,45.7102652],[-73.49509399,45.7070172],[-73.49071469,45.7064141],[-73.48880141,45.70473119],[-73.48498701,45.70532459],[-73.48082508,45.7079605],[-73.4785508,45.71046149],[-73.48227509,45.71211789]]],[[[-73.46041211,45.73114575],[-73.47060339,45.71984781],[-73.46838252,45.71845615],[-73.4779403,45.71294081],[-73.47578861,45.71229669],[-73.47153679,45.71311449],[-73.46743769,45.71606471],[-73.46351741,45.71988769],[-73.46031738,45.72194731],[-73.45260401,45.72842291],[-73.4502371,45.7316073],[-73.4478984,45.73195711],[-73.44370689,45.73465449],[-73.44515909,45.7345383],[-73.4386134,45.7393849],[-73.43918991,45.74105891],[-73.44386316,45.73842198],[-73.44521386,45.74005243],[-73.45022567,45.74235825],[-73.46041211,45.73114575]]]]},"properties":{"ADAIDU":"24600019","IDUGD":"2021S051624600019","SUPTERRE":3.8297,"PRIDU":"24"},"bbox":[-73.49509399,45.7016332,-73.4386134,45.74235825]},{"type":"Feature","geometry":{"type":"Polygon","coordinates":[[[-73.44011828,45.84893229],[-73.43951636,45.84907444],[-73.433633,45.84446711],[-73.42734149,45.84904193],[-73.42426901,45.85222431],[-73.42689972,45.85422563],[-73.42707518,45.85576852],[-73.42468793,45.85755575],[-73.42739979,45.85923765],[-73.42525756,45.85996578],[-73.42099583,45.86512912],[-73.42170778,45.86557123],[-73.41600725,45.87677013],[-73.41719969,45.87756416],[-73.4080871,45.8834578],[-73.41164901,45.88629858],[-73.41211207,45.88767489],[-73.4096445,45.88930035],[-73.41157928,45.89542094],[-73.40663948,45.89818858],[-73.40121361,45.90008887],[-73.40308039,45.90148535],[-73.40159753,45.9037569],[-73.39661063,45.9002407],[-73.39618733,45.90298506],[-73.39204339,45.9052348],[-73.42125848,45.92619717],[-73.42490541,45.92838669],[-73.4252563,45.92624561],[-73.42837951,45.92403409],[-73.42991706,45.92442249],[-73.45054192,45.93964063],[-73.45637002,45.94375996],[-73.45772945,45.93500294],[-73.45965969,45.92575637],[-73.46083897,45.91594301],[-73.46280144,45.90468562],[-73.46548449,45.90473311],[-73.4699319,45.90306971],[-73.47239519,45.8998402],[-73.47858181,45.89838382],[-73.48163241,45.89637607],[-73.44814094,45.87325238],[-73.44765591,45.87258576],[-73.45915577,45.86457113],[-73.46156627,45.86241335],[-73.45604675,45.86155863],[-73.45724816,45.85873992],[-73.45582652,45.85815365],[-73.45414811,45.85989391],[-73.45461898,45.86184244],[-73.45063695,45.86174415],[-73.45280733,45.86333929],[-73.45107236,45.8641952],[-73.44979673,45.86227887],[-73.44678318,45.86276806],[-73.44291325,45.86115334],[-73.44536611,45.85797417],[-73.44455928,45.85176419],[-73.44011828,45.84893229]]]},"properties":{"ADAIDU":"24600020","IDUGD":"2021S051624600020","SUPTERRE":32.784,"PRIDU":"24"},"bbox":[-73.48163241,45.84446711,-73.39204339,45.94375996]},{"type":"Feature","geometry":{"type":"Polygon","coordinates":[[[-73.39204339,45.9052348],[-73.39618733,45.90298506],[-73.39661063,45.9002407],[-73.40159753,45.9037569],[-73.40308039,45.90148535],[-73.40121361,45.90008887],[-73.40663948,45.89818858],[-73.41157928,45.89542094],[-73.4096445,45.88930035],[-73.41211207,45.88767489],[-73.41164901,45.88629858],[-73.4080871,45.8834578],[-73.41719969,45.87756416],[-73.41600725,45.87677013],[-73.42170778,45.86557123],[-73.42099583,45.86512912],[-73.42525756,45.85996578],[-73.42739979,45.85923765],[-73.42468793,45.85755575],[-73.42707518,45.85576852],[-73.42689972,45.85422563],[-73.42426901,45.85222431],[-73.42734149,45.84904193],[-73.433633,45.84446711],[-73.43951636,45.84907444],[-73.44011828,45.84893229],[-73.44071408,45.84599826],[-73.44563668,45.8404868],[-73.44509021,45.84438398],[-73.44583743,45.84764968],[-73.4529064,45.8492279],[-73.45540978,45.85084269],[-73.46164575,45.85161026],[-73.46590421,45.84783955],[-73.46741057,45.84795433],[-73.47859278,45.84141923],[-73.47995549,45.84014031],[-73.47483841,45.83669471],[-73.47558427,45.83553451],[-73.46944542,45.83080029],[-73.47415237,45.82770476],[-73.4734172,45.8269761],[-73.47713858,45.82500421],[-73.47830316,45.82628712],[-73.48041272,45.82497643],[-73.48024856,45.82331476],[-73.48426819,45.82116116],[-73.48954155,45.81687677],[-73.47822135,45.8085005],[-73.47979071,45.80756483],[-73.48894373,45.81396269],[-73.49751493,45.81312717],[-73.49441288,45.80998626],[-73.47417776,45.79315786],[-73.45813417,45.78123206],[-73.44986581,45.77402445],[-73.45052237,45.78226495],[-73.44829463,45.78382871],[-73.44328877,45.78481324],[-73.4390943,45.789185],[-73.4259947,45.78385264],[-73.42342957,45.78640493],[-73.42519977,45.78715057],[-73.42413065,45.78909733],[-73.42577327,45.79008937],[-73.42438425,45.7931765],[-73.42247111,45.79153068],[-73.42079948,45.7934567],[-73.42404768,45.79499126],[-73.4215709,45.79768435],[-73.41600521,45.79546241],[-73.41304304,45.79855591],[-73.4115563,45.79850368],[-73.40540344,45.80378125],[-73.40210715,45.80976134],[-73.40784409,45.81382039],[-73.40670969,45.81455117],[-73.40920481,45.81662191],[-73.4080668,45.81740807],[-73.4010768,45.81188236],[-73.39826693,45.81365709],[-73.39933912,45.81424575],[-73.39506512,45.81987391],[-73.39778115,45.82174214],[-73.39623284,45.82253394],[-73.39391199,45.82888599],[-73.38932854,45.83391465],[-73.39052457,45.83473891],[-73.38679593,45.83769307],[-73.39003606,45.84009324],[-73.38950338,45.8408214],[-73.39444497,45.84504591],[-73.39130622,45.84706332],[-73.38631175,45.84336878],[-73.38209329,45.84541578],[-73.38054091,45.84437045],[-73.37824316,45.84598212],[-73.37963471,45.84725909],[-73.3636657,45.85598584],[-73.36273051,45.85559004],[-73.34483387,45.87134436],[-73.37348778,45.89130116],[-73.39204339,45.9052348]],[[-73.42560785,45.81165197],[-73.42626448,45.81126703],[-73.43519145,45.81799827],[-73.43485237,45.82030287],[-73.43170727,45.82192956],[-73.43253544,45.82334822],[-73.42865796,45.82412311],[-73.42659979,45.82573837],[-73.42623725,45.82774671],[-73.42747293,45.83079948],[-73.42730977,45.83336472],[-73.42465883,45.83555712],[-73.41735338,45.83657531],[-73.4136161,45.83516277],[-73.4118049,45.83186879],[-73.41299899,45.82897986],[-73.41608947,45.82648678],[-73.42349882,45.8232494],[-73.42270244,45.81846848],[-73.42311273,45.81510439],[-73.42560785,45.81165197]]]},"properties":{"ADAIDU":"24600021","IDUGD":"2021S051624600021","SUPTERRE":63.9384,"PRIDU":"24"},"bbox":[-73.49751493,45.77402445,-73.34483387,45.9052348]},{"type":"Feature","geometry":{"type":"Polygon","coordinates":[[[-73.52612016,45.79374793],[-73.52606077,45.77736772],[-73.52171219,45.77427747],[-73.50589925,45.76630743],[-73.49582771,45.76442794],[-73.49310302,45.76358424],[-73.47979103,45.75706771],[-73.47615636,45.75930297],[-73.47486928,45.76127185],[-73.47637245,45.7639516],[-73.47687174,45.76639698],[-73.47002572,45.7682494],[-73.46855098,45.77136835],[-73.4644838,45.77122452],[-73.45813417,45.78123206],[-73.47417776,45.79315786],[-73.49441288,45.80998626],[-73.49751493,45.81312717],[-73.50375795,45.81790522],[-73.50449174,45.8172196],[-73.50832689,45.81939411],[-73.51133945,45.81474728],[-73.50978213,45.81283252],[-73.51318361,45.81090206],[-73.51580666,45.81345689],[-73.52417025,45.81401402],[-73.52612016,45.79374793]]]},"properties":{"ADAIDU":"24600022","IDUGD":"2021S051624600022","SUPTERRE":21.4835,"PRIDU":"24"},"bbox":[-73.52612016,45.75706771,-73.45813417,45.81939411]},{"type":"Feature","geometry":{"type":"Polygon","coordinates":[[[-73.41600521,45.79546241],[-73.4215709,45.79768435],[-73.42404768,45.79499126],[-73.42079948,45.7934567],[-73.42247111,45.79153068],[-73.42438425,45.7931765],[-73.42577327,45.79008937],[-73.42413065,45.78909733],[-73.42519977,45.78715057],[-73.42342957,45.78640493],[-73.4259947,45.78385264],[-73.44082898,45.76653502],[-73.43665633,45.76564582],[-73.4312136,45.76314897],[-73.40751333,45.78912345],[-73.41600521,45.79546241]]]},"properties":{"ADAIDU":"24600023","IDUGD":"2021S051624600023","SUPTERRE":3.5065,"PRIDU":"24"},"bbox":[-73.44082898,45.76314897,-73.40751333,45.79768435]},{"type":"Feature","geometry":{"type":"Polygon","coordinates":[[[-73.44082898,45.76653502],[-73.4259947,45.78385264],[-73.4390943,45.789185],[-73.44328877,45.78481324],[-73.44829463,45.78382871],[-73.45052237,45.78226495],[-73.44986581,45.77402445],[-73.45036221,45.76968913],[-73.44376368,45.76692106],[-73.44082898,45.76653502]]]},"properties":{"ADAIDU":"24600024","IDUGD":"2021S051624600024","SUPTERRE":2.682,"PRIDU":"24"},"bbox":[-73.45052237,45.76653502,-73.4259947,45.789185]},{"type":"Feature","geometry":{"type":"Polygon","coordinates":[[[-73.4074627,46.1200949],[-73.41807443,46.12007492],[-73.41821689,46.11515519],[-73.46864101,46.11479044],[-73.46744438,46.11617616],[-73.46609622,46.12467508],[-73.45995711,46.12974394],[-73.45435753,46.12937717],[-73.45188693,46.13026957],[-73.44794893,46.13384401],[-73.44570554,46.13397176],[-73.44314637,46.13165883],[-73.446508,46.12800578],[-73.44449336,46.12528397],[-73.43984279,46.12641699],[-73.43540934,46.12524155],[-73.43436399,46.12684012],[-73.43572964,46.13264855],[-73.44477128,46.14098207],[-73.44606977,46.1408549],[-73.44901316,46.13762173],[-73.45390703,46.13766088],[-73.45866518,46.14147588],[-73.45893214,46.14517154],[-73.46249394,46.14495829],[-73.46464291,46.14835709],[-73.4685295,46.14798434],[-73.47374813,46.14644283],[-73.4729689,46.14518444],[-73.46754907,46.14408771],[-73.46401595,46.14097282],[-73.46468667,46.13801551],[-73.46741883,46.13718114],[-73.47453827,46.13714898],[-73.47893863,46.13855553],[-73.48252546,46.14128863],[-73.48653469,46.14134974],[-73.48693485,46.14325995],[-73.48888681,46.14400482],[-73.48850725,46.14616026],[-73.49079619,46.14725346],[-73.4936186,46.15238424],[-73.49290458,46.15379146],[-73.4844361,46.15741208],[-73.48237773,46.16230421],[-73.48416875,46.16498228],[-73.48755048,46.16369781],[-73.4894908,46.16431114],[-73.49036075,46.16726339],[-73.48917744,46.16839469],[-73.48358988,46.16743796],[-73.47979916,46.16753241],[-73.48188905,46.170166],[-73.48034138,46.17302598],[-73.48058053,46.17906446],[-73.48390647,46.17938397],[-73.48584824,46.17695148],[-73.48932152,46.17786613],[-73.49275783,46.18023677],[-73.50000056,46.18225096],[-73.50741517,46.18585203],[-73.52005235,46.18858366],[-73.52627309,46.19111129],[-73.52127203,46.19335072],[-73.52483881,46.19471212],[-73.52769653,46.19316897],[-73.53281688,46.19516686],[-73.54044057,46.19557676],[-73.54850708,46.19460799],[-73.55352548,46.2002994],[-73.55530727,46.20006087],[-73.55974919,46.20525877],[-73.56223226,46.20610037],[-73.56721607,46.20367105],[-73.5641997,46.20131302],[-73.58472923,46.18922316],[-73.57455395,46.18106712],[-73.56259615,46.17272135],[-73.59773786,46.14804938],[-73.58634514,46.13993608],[-73.56688805,46.12545404],[-73.57692372,46.11900666],[-73.60263474,46.10194477],[-73.62904825,46.08489694],[-73.63771659,46.07902428],[-73.62183256,46.06778545],[-73.61029114,46.05934485],[-73.59495978,46.04834243],[-73.5821318,46.03967988],[-73.56868079,46.03015545],[-73.54964093,46.04261583],[-73.53434106,46.03294846],[-73.53006587,46.03556181],[-73.51733647,46.02607955],[-73.48518496,46.04830804],[-73.49780045,46.05793595],[-73.49971603,46.0585612],[-73.51253592,46.06800678],[-73.49913585,46.07743554],[-73.50437473,46.08088363],[-73.50406159,46.08485183],[-73.50071555,46.08472141],[-73.49834403,46.08202966],[-73.49797549,46.07907437],[-73.49428559,46.07779953],[-73.4913423,46.07306339],[-73.48216521,46.07277206],[-73.45675349,46.07259645],[-73.45518132,46.0712493],[-73.44445511,46.0678165],[-73.4377882,46.06511381],[-73.43256629,46.0649399],[-73.4260241,46.06628539],[-73.42218478,46.06639091],[-73.41658409,46.06888821],[-73.4137797,46.06844529],[-73.41164501,46.0695413],[-73.41288849,46.08322994],[-73.40201125,46.08317952],[-73.39626462,46.0789385],[-73.39748853,46.10082315],[-73.40265646,46.10453849],[-73.39982373,46.10637865],[-73.40090533,46.10720817],[-73.40177963,46.11331732],[-73.40391251,46.11552129],[-73.4039993,46.11776181],[-73.4074627,46.1200949]]]},"properties":{"ADAIDU":"24610001","IDUGD":"2021S051624610001","SUPTERRE":179.4292,"PRIDU":"24"},"bbox":[-73.63771659,46.02607955,-73.39626462,46.20610037]},{"type":"Feature","geometry":{"type":"Polygon","coordinates":[[[-73.3288475,45.95272111],[-73.32864729,45.95488019],[-73.33194009,45.95808829],[-73.3332853,45.96122151],[-73.33201319,45.96374811],[-73.32872539,45.96718929],[-73.32157378,45.97228901],[-73.31337233,45.97605127],[-73.32194269,45.98236565],[-73.3128042,45.98647546],[-73.31415594,45.98752018],[-73.30057598,45.99743701],[-73.2997793,45.99855022],[-73.28631497,46.01240973],[-73.2849561,46.01352805],[-73.2802414,46.01305124],[-73.27880862,46.01393371],[-73.2726641,46.02492431],[-73.26857224,46.02428895],[-73.26872995,46.03247421],[-73.26688478,46.03209857],[-73.26679329,46.03430777],[-73.26155187,46.04323481],[-73.26135956,46.04496324],[-73.24939948,46.04580035],[-73.2478728,46.0501326],[-73.24477341,46.0525281],[-73.24088969,46.05399489],[-73.23370926,46.05508122],[-73.23527846,46.05603445],[-73.25579463,46.07065856],[-73.26140959,46.0724756],[-73.26304978,46.07008088],[-73.28233224,46.07528898],[-73.28224972,46.07352141],[-73.28652437,46.07486672],[-73.28619147,46.07304661],[-73.29063114,46.07400593],[-73.29084897,46.06663582],[-73.29144471,46.06500215],[-73.29668816,46.06506721],[-73.2969286,46.05980454],[-73.29861569,46.05996638],[-73.29857789,46.06374252],[-73.30334066,46.06265642],[-73.30367711,46.06935749],[-73.30489114,46.06932123],[-73.30483943,46.06632825],[-73.30776,46.06632102],[-73.3079098,46.06156657],[-73.31212805,46.0608428],[-73.31243963,46.07692259],[-73.31515525,46.07699314],[-73.31517832,46.06713689],[-73.31719791,46.06843798],[-73.32033615,46.06844187],[-73.32086619,46.05320284],[-73.32033979,46.0505845],[-73.32224569,46.05259389],[-73.3219136,46.05540959],[-73.33008561,46.05822921],[-73.33623699,46.05840019],[-73.34295349,46.0598492],[-73.344086,46.05698961],[-73.35123511,46.0561803],[-73.3568024,46.0572851],[-73.36021539,46.05683951],[-73.3641817,46.05736611],[-73.36519981,46.05858201],[-73.3680435,46.05845041],[-73.3738946,46.0600136],[-73.3747318,46.0612651],[-73.3788546,46.0613685],[-73.3820546,46.06391821],[-73.38414788,46.06423521],[-73.38818899,46.0665516],[-73.3915486,46.06714869],[-73.39028247,46.05986529],[-73.38719806,46.03734027],[-73.38958024,46.03694331],[-73.38851929,46.03115739],[-73.39212142,46.03080718],[-73.39268622,46.03204831],[-73.40349063,46.03332813],[-73.40107823,46.01770509],[-73.40586827,46.00763919],[-73.40602707,46.00735437],[-73.39553633,45.99953489],[-73.37149928,45.98204061],[-73.37989026,45.97706148],[-73.38295475,45.97491743],[-73.38129148,45.97267352],[-73.37648507,45.97278066],[-73.37626325,45.97113024],[-73.38103888,45.97081154],[-73.38175413,45.96997285],[-73.38009075,45.96554109],[-73.38268599,45.9650737],[-73.38483572,45.96224335],[-73.38576332,45.96508723],[-73.38780913,45.96515274],[-73.38853358,45.96293131],[-73.38703343,45.95943953],[-73.38518171,45.95921823],[-73.38388017,45.96131532],[-73.38137988,45.96111421],[-73.37992894,45.95861147],[-73.36166483,45.94706369],[-73.35903077,45.94992452],[-73.36077101,45.95117649],[-73.35762375,45.95411267],[-73.35346909,45.9519095],[-73.35110273,45.95437936],[-73.35462502,45.95779651],[-73.3602745,45.96186738],[-73.35093386,45.96848964],[-73.3288475,45.95272111]]]},"properties":{"ADAIDU":"24610002","IDUGD":"2021S051624610002","SUPTERRE":94.5705,"PRIDU":"24"},"bbox":[-73.40602707,45.94706369,-73.23370926,46.07699314]},{"type":"Feature","geometry":{"type":"Polygon","coordinates":[[[-73.41164501,46.0695413],[-73.4137797,46.06844529],[-73.41658409,46.06888821],[-73.42218478,46.06639091],[-73.4260241,46.06628539],[-73.43256629,46.0649399],[-73.4377882,46.06511381],[-73.44445511,46.0678165],[-73.45518132,46.0712493],[-73.45675349,46.07259645],[-73.48216521,46.07277206],[-73.4913423,46.07306339],[-73.48445914,46.06877889],[-73.48161154,46.06819837],[-73.4757019,46.06927776],[-73.47331824,46.07041961],[-73.46941608,46.06894844],[-73.46979621,46.06603917],[-73.4716291,46.06407617],[-73.47691314,46.06243891],[-73.47848244,46.06040807],[-73.47392492,46.05670628],[-73.46948419,46.05466371],[-73.46761508,46.05724665],[-73.47034964,46.05919666],[-73.46957441,46.06065376],[-73.4658733,46.06072679],[-73.46236599,46.05878001],[-73.45894328,46.0607183],[-73.45938748,46.05639901],[-73.45681543,46.05438946],[-73.45247741,46.05368884],[-73.45342957,46.05055789],[-73.46084154,46.04935429],[-73.45902638,46.04701549],[-73.45241742,46.04864182],[-73.44955611,46.05294147],[-73.44936426,46.05609757],[-73.44460031,46.05709116],[-73.44228272,46.05836441],[-73.43999753,46.05765223],[-73.44074189,46.05548254],[-73.44481502,46.05153494],[-73.444878,46.05047689],[-73.44083159,46.04880707],[-73.43902092,46.04611848],[-73.43589775,46.04519161],[-73.43113217,46.04704004],[-73.43070378,46.04523147],[-73.43995949,46.04282124],[-73.44361585,46.04312485],[-73.44524158,46.04096483],[-73.44203378,46.03835421],[-73.43667041,46.03769644],[-73.43666669,46.03645836],[-73.4395804,46.03346308],[-73.43899506,46.03127232],[-73.43341986,46.03354813],[-73.41737694,46.04449117],[-73.41530182,46.03960248],[-73.40680345,46.03314198],[-73.40349063,46.03332813],[-73.39268622,46.03204831],[-73.39212142,46.03080718],[-73.38851929,46.03115739],[-73.38958024,46.03694331],[-73.38719806,46.03734027],[-73.39028247,46.05986529],[-73.3915486,46.06714869],[-73.39534651,46.0684119],[-73.39710592,46.0676937],[-73.40038701,46.0688753],[-73.40391769,46.0678885],[-73.40890391,46.0699441],[-73.41164501,46.0695413]]]},"properties":{"ADAIDU":"24610003","IDUGD":"2021S051624610003","SUPTERRE":18.103,"PRIDU":"24"},"bbox":[-73.4913423,46.03080718,-73.38719806,46.07306339]},{"type":"Feature","geometry":{"type":"Polygon","coordinates":[[[-73.51733647,46.02607955],[-73.52218757,46.02277668],[-73.51649233,46.01877467],[-73.50787356,46.01345972],[-73.49972516,46.01885695],[-73.47794605,46.03369115],[-73.47591357,46.03218857],[-73.4737943,46.03361719],[-73.47029689,46.02857464],[-73.46839328,46.02687767],[-73.463512,46.02649112],[-73.46714995,46.02898188],[-73.45531315,46.03700094],[-73.44959866,46.03314212],[-73.44203378,46.03835421],[-73.44524158,46.04096483],[-73.44361585,46.04312485],[-73.43995949,46.04282124],[-73.43070378,46.04523147],[-73.43113217,46.04704004],[-73.43589775,46.04519161],[-73.43902092,46.04611848],[-73.44083159,46.04880707],[-73.444878,46.05047689],[-73.44481502,46.05153494],[-73.44074189,46.05548254],[-73.43999753,46.05765223],[-73.44228272,46.05836441],[-73.44460031,46.05709116],[-73.44936426,46.05609757],[-73.44955611,46.05294147],[-73.45241742,46.04864182],[-73.45902638,46.04701549],[-73.46084154,46.04935429],[-73.45342957,46.05055789],[-73.45247741,46.05368884],[-73.45681543,46.05438946],[-73.45938748,46.05639901],[-73.45894328,46.0607183],[-73.46236599,46.05878001],[-73.4658733,46.06072679],[-73.46957441,46.06065376],[-73.47034964,46.05919666],[-73.46761508,46.05724665],[-73.46948419,46.05466371],[-73.47392492,46.05670628],[-73.47848244,46.06040807],[-73.47691314,46.06243891],[-73.4716291,46.06407617],[-73.46979621,46.06603917],[-73.46941608,46.06894844],[-73.47331824,46.07041961],[-73.4757019,46.06927776],[-73.48161154,46.06819837],[-73.48445914,46.06877889],[-73.4913423,46.07306339],[-73.49428559,46.07779953],[-73.49797549,46.07907437],[-73.49834403,46.08202966],[-73.50071555,46.08472141],[-73.50406159,46.08485183],[-73.50437473,46.08088363],[-73.49913585,46.07743554],[-73.51253592,46.06800678],[-73.49971603,46.0585612],[-73.49780045,46.05793595],[-73.48518496,46.04830804],[-73.51733647,46.02607955]]]},"properties":{"ADAIDU":"24610004","IDUGD":"2021S051624610004","SUPTERRE":18.4833,"PRIDU":"24"},"bbox":[-73.52218757,46.01345972,-73.43070378,46.08485183]},{"type":"Feature","geometry":{"type":"Polygon","coordinates":[[[-73.40349063,46.03332813],[-73.40680345,46.03314198],[-73.41530182,46.03960248],[-73.41737694,46.04449117],[-73.43341986,46.03354813],[-73.43899506,46.03127232],[-73.4395804,46.03346308],[-73.43666669,46.03645836],[-73.43667041,46.03769644],[-73.44203378,46.03835421],[-73.44959866,46.03314212],[-73.45531315,46.03700094],[-73.46714995,46.02898188],[-73.463512,46.02649112],[-73.46839328,46.02687767],[-73.47242348,46.02373836],[-73.46148528,46.01621246],[-73.4590285,46.01785971],[-73.45426978,46.01452612],[-73.45322549,46.01828936],[-73.44790237,46.02189897],[-73.44901285,46.02268387],[-73.44538205,46.02512958],[-73.44350325,46.02385524],[-73.44144832,46.02522929],[-73.43941265,46.02373515],[-73.43690673,46.02501507],[-73.43209362,46.02232774],[-73.4257637,46.02149774],[-73.42371492,46.02015946],[-73.42451476,46.01578844],[-73.42824219,46.01324274],[-73.42223083,46.01600073],[-73.41657505,46.01528686],[-73.40586827,46.00763919],[-73.40107823,46.01770509],[-73.40349063,46.03332813]]]},"properties":{"ADAIDU":"24610005","IDUGD":"2021S051624610005","SUPTERRE":9.9093,"PRIDU":"24"},"bbox":[-73.47242348,46.00763919,-73.40107823,46.04449117]},{"type":"Feature","geometry":{"type":"Polygon","coordinates":[[[-73.45054192,45.93964063],[-73.44556494,45.9434955],[-73.4476202,45.94499817],[-73.43765507,45.95143503],[-73.43545861,45.95330955],[-73.43024695,45.95107257],[-73.4281548,45.95254488],[-73.43308683,45.95560807],[-73.43619668,45.95634735],[-73.44277773,45.95358669],[-73.4489972,45.95472071],[-73.45340957,45.95728885],[-73.44179878,45.96467374],[-73.4453057,45.97008509],[-73.44895371,45.9726536],[-73.45341929,45.97351873],[-73.4550606,45.97261092],[-73.46069497,45.97620276],[-73.46031099,45.97750938],[-73.45631593,45.98036352],[-73.45786857,45.9828086],[-73.4611743,45.98031072],[-73.46566625,45.98405236],[-73.46612358,45.98570807],[-73.47666713,45.98786375],[-73.4822743,45.99262177],[-73.48183556,45.99317837],[-73.45466689,46.01307264],[-73.45426978,46.01452612],[-73.4590285,46.01785971],[-73.46148528,46.01621246],[-73.47242348,46.02373836],[-73.46839328,46.02687767],[-73.47029689,46.02857464],[-73.4737943,46.03361719],[-73.47591357,46.03218857],[-73.47794605,46.03369115],[-73.49972516,46.01885695],[-73.50787356,46.01345972],[-73.52201989,46.00420742],[-73.52495706,46.00202703],[-73.51033445,45.99219287],[-73.51288813,45.9902684],[-73.51523696,45.99116465],[-73.52043458,45.98718601],[-73.54069533,45.97237478],[-73.53692184,45.97097415],[-73.51832415,45.96312703],[-73.51602095,45.96486547],[-73.50383686,45.95937905],[-73.49051558,45.95676398],[-73.48539742,45.95624828],[-73.48006862,45.95663559],[-73.47298519,45.9587216],[-73.47094618,45.9600257],[-73.46630689,45.95612395],[-73.46027144,45.95181198],[-73.46020442,45.9486144],[-73.4559755,45.94581698],[-73.45637002,45.94375996],[-73.45054192,45.93964063]]]},"properties":{"ADAIDU":"24610006","IDUGD":"2021S051624610006","SUPTERRE":34.7415,"PRIDU":"24"},"bbox":[-73.54069533,45.93964063,-73.4281548,46.03369115]},{"type":"Feature","geometry":{"type":"Polygon","coordinates":[[[-73.36166483,45.94706369],[-73.37992894,45.95861147],[-73.38137988,45.96111421],[-73.38388017,45.96131532],[-73.38518171,45.95921823],[-73.38703343,45.95943953],[-73.38853358,45.96293131],[-73.38780913,45.96515274],[-73.38576332,45.96508723],[-73.38483572,45.96224335],[-73.38268599,45.9650737],[-73.38009075,45.96554109],[-73.38175413,45.96997285],[-73.38103888,45.97081154],[-73.37626325,45.97113024],[-73.37648507,45.97278066],[-73.38129148,45.97267352],[-73.38295475,45.97491743],[-73.37989026,45.97706148],[-73.38213402,45.97878476],[-73.38589479,45.97961485],[-73.38998073,45.98281534],[-73.38871227,45.98625524],[-73.38969212,45.98720152],[-73.39404553,45.98663061],[-73.39486107,45.98561077],[-73.39209868,45.98449247],[-73.39360219,45.98219628],[-73.39570576,45.98280933],[-73.39664088,45.98507083],[-73.39940462,45.98796159],[-73.40379614,45.98870743],[-73.40791879,45.98642593],[-73.40679748,45.98194894],[-73.40909761,45.98159995],[-73.4104846,45.98446115],[-73.41476529,45.98558815],[-73.41576501,45.98384923],[-73.42101406,45.98395718],[-73.42041412,45.98624224],[-73.41539963,45.98813314],[-73.41446051,45.99097318],[-73.42009729,45.99273934],[-73.42330854,45.99034558],[-73.42676924,45.9927871],[-73.42573996,45.99369695],[-73.43025748,45.99684315],[-73.42964468,45.99732409],[-73.43746084,46.00158252],[-73.43794934,46.00122622],[-73.44365496,46.00459373],[-73.4448216,46.00596336],[-73.45481681,45.99857025],[-73.45775183,46.00057501],[-73.45428993,46.01334124],[-73.45466689,46.01307264],[-73.48183556,45.99317837],[-73.4822743,45.99262177],[-73.47666713,45.98786375],[-73.46612358,45.98570807],[-73.46566625,45.98405236],[-73.4611743,45.98031072],[-73.45786857,45.9828086],[-73.45631593,45.98036352],[-73.46031099,45.97750938],[-73.46069497,45.97620276],[-73.4550606,45.97261092],[-73.45341929,45.97351873],[-73.44895371,45.9726536],[-73.4453057,45.97008509],[-73.44179878,45.96467374],[-73.45340957,45.95728885],[-73.4489972,45.95472071],[-73.44277773,45.95358669],[-73.43619668,45.95634735],[-73.43308683,45.95560807],[-73.4281548,45.95254488],[-73.43024695,45.95107257],[-73.43545861,45.95330955],[-73.43765507,45.95143503],[-73.4476202,45.94499817],[-73.44556494,45.9434955],[-73.45054192,45.93964063],[-73.42991706,45.92442249],[-73.42837951,45.92403409],[-73.4252563,45.92624561],[-73.42490541,45.92838669],[-73.42125848,45.92619717],[-73.39204339,45.9052348],[-73.38898959,45.90811059],[-73.39099454,45.90983731],[-73.3893219,45.91077325],[-73.38718554,45.90950968],[-73.38303725,45.91294273],[-73.38467689,45.91489714],[-73.3796536,45.91806588],[-73.36927747,45.92546926],[-73.36021462,45.93523909],[-73.36661963,45.9395511],[-73.35966158,45.94550455],[-73.36166483,45.94706369]]]},"properties":{"ADAIDU":"24610008","IDUGD":"2021S051624610008","SUPTERRE":49.1138,"PRIDU":"24"},"bbox":[-73.4822743,45.9052348,-73.35966158,46.01334124]},{"type":"Feature","geometry":{"type":"Polygon","coordinates":[[[-73.40586827,46.00763919],[-73.41657505,46.01528686],[-73.42223083,46.01600073],[-73.42824219,46.01324274],[-73.42451476,46.01578844],[-73.42371492,46.02015946],[-73.4257637,46.02149774],[-73.43209362,46.02232774],[-73.43690673,46.02501507],[-73.43941265,46.02373515],[-73.44144832,46.02522929],[-73.44350325,46.02385524],[-73.44538205,46.02512958],[-73.44901285,46.02268387],[-73.44790237,46.02189897],[-73.45322549,46.01828936],[-73.45426978,46.01452612],[-73.45466689,46.01307264],[-73.45428993,46.01334124],[-73.45775183,46.00057501],[-73.45481681,45.99857025],[-73.4448216,46.00596336],[-73.44365496,46.00459373],[-73.43794934,46.00122622],[-73.43746084,46.00158252],[-73.42964468,45.99732409],[-73.43025748,45.99684315],[-73.42573996,45.99369695],[-73.42676924,45.9927871],[-73.42330854,45.99034558],[-73.42009729,45.99273934],[-73.41446051,45.99097318],[-73.41539963,45.98813314],[-73.42041412,45.98624224],[-73.42101406,45.98395718],[-73.41576501,45.98384923],[-73.41476529,45.98558815],[-73.4104846,45.98446115],[-73.40909761,45.98159995],[-73.40679748,45.98194894],[-73.40791879,45.98642593],[-73.40379614,45.98870743],[-73.39940462,45.98796159],[-73.39664088,45.98507083],[-73.39570576,45.98280933],[-73.39360219,45.98219628],[-73.39209868,45.98449247],[-73.39486107,45.98561077],[-73.39404553,45.98663061],[-73.38969212,45.98720152],[-73.38871227,45.98625524],[-73.38998073,45.98281534],[-73.38589479,45.97961485],[-73.38213402,45.97878476],[-73.37989026,45.97706148],[-73.37149928,45.98204061],[-73.39553633,45.99953489],[-73.40602707,46.00735437],[-73.40586827,46.00763919]]]},"properties":{"ADAIDU":"24610009","IDUGD":"2021S051624610009","SUPTERRE":13.0554,"PRIDU":"24"},"bbox":[-73.45775183,45.97706148,-73.37149928,46.02522929]},{"type":"Feature","geometry":{"type":"Polygon","coordinates":[[[-73.95625329,47.3884889],[-73.99999999,47.41757451],[-74.01649478,47.42827228],[-74.04734988,47.44914035],[-74.13984026,47.51066531],[-74.19283222,47.54537516],[-74.24947622,47.58410889],[-74.30965462,47.62564112],[-74.38543236,47.67653614],[-74.48283816,47.74171422],[-74.51234203,47.76148207],[-74.53774003,47.76154865],[-74.59312093,47.7627086],[-74.60652314,47.76306464],[-74.65906526,47.76177289],[-74.74791889,47.76147944],[-74.88863101,47.76085465],[-74.82272089,47.71651305],[-74.77558385,47.68471151],[-74.71292948,47.64233772],[-74.69855292,47.6334262],[-74.69099651,47.63632215],[-74.69151304,47.6350537],[-74.68997995,47.62994468],[-74.68731987,47.62736403],[-74.68113197,47.62496261],[-74.67536099,47.6240916],[-74.67156546,47.62236225],[-74.66551912,47.62091412],[-74.66074229,47.61871366],[-74.65595593,47.61803355],[-74.65463274,47.61666611],[-74.65387783,47.61231365],[-74.6511734,47.6096316],[-74.64140669,47.60302558],[-74.6387504,47.60045292],[-74.63791741,47.59777795],[-74.63079449,47.58918024],[-74.63003541,47.58609379],[-74.61531356,47.57610783],[-74.60904069,47.56946401],[-74.6066411,47.56849781],[-74.60465792,47.5639383],[-74.60259299,47.56306761],[-74.6008679,47.56002579],[-74.59757802,47.5564862],[-74.59072109,47.5532773],[-74.58937568,47.55439651],[-74.58764562,47.5517053],[-74.58383202,47.54846719],[-74.58262889,47.543594],[-74.58041099,47.54169],[-74.5785686,47.54189611],[-74.5750661,47.5401749],[-74.5672389,47.54003221],[-74.564234,47.53792821],[-74.56139109,47.5379276],[-74.5581489,47.53523201],[-74.5607711,47.53418231],[-74.5555343,47.5320267],[-74.5534533,47.52959011],[-74.55518882,47.52751162],[-74.55557211,47.52419275],[-74.55179481,47.52014228],[-74.54332184,47.51615954],[-74.5401838,47.51310529],[-74.53930289,47.5098125],[-74.53604701,47.5110023],[-74.53514378,47.5096252],[-74.53145641,47.50912769],[-74.52068119,47.5052932],[-74.51535471,47.5016883],[-74.50992389,47.5009177],[-74.50773993,47.49844105],[-74.50606352,47.49905626],[-74.50774229,47.50275399],[-74.50374438,47.50000492],[-74.49296874,47.50624711],[-74.4831401,47.50964211],[-74.47931671,47.5060856],[-74.47613351,47.50624779],[-74.47249798,47.5092291],[-74.47100121,47.5086931],[-74.47194269,47.5064812],[-74.46781672,47.50510088],[-74.46124658,47.50195784],[-74.4561758,47.5016124],[-74.45288178,47.5059036],[-74.44881669,47.50722369],[-74.4452462,47.51022159],[-74.44513112,47.5156378],[-74.44359899,47.51683781],[-74.4395093,47.51683529],[-74.43723849,47.5190578],[-74.4357314,47.51719899],[-74.43284258,47.51678181],[-74.4334263,47.5145013],[-74.44098588,47.51476331],[-74.44171382,47.51314719],[-74.4405463,47.51096189],[-74.44545588,47.5093293],[-74.43995431,47.50829511],[-74.438328,47.50643739],[-74.4359452,47.50830989],[-74.4267469,47.50691839],[-74.4239258,47.5103234],[-74.42284248,47.5129048],[-74.417525,47.51480951],[-74.4152408,47.51707661],[-74.4146963,47.5155427],[-74.42258719,47.51272691],[-74.42251549,47.50863461],[-74.4242865,47.5059128],[-74.4265267,47.50647941],[-74.42592529,47.50473909],[-74.42987741,47.49925591],[-74.43314679,47.4964858],[-74.43476788,47.4928475],[-74.43873071,47.4895588],[-74.43985831,47.4865541],[-74.44246869,47.48336621],[-74.44413009,47.4827769],[-74.44642329,47.4774687],[-74.4441296,47.4746001],[-74.44124572,47.47432689],[-74.44146109,47.47302079],[-74.44554922,47.4672031],[-74.4519991,47.46368649],[-74.45714731,47.4557276],[-74.46156181,47.45124689],[-74.4617954,47.44878031],[-74.4637578,47.44877271],[-74.46546541,47.44642859],[-74.470202,47.4444006],[-74.47263348,47.44035889],[-74.47454461,47.4390204],[-74.4779817,47.43846939],[-74.47846261,47.43580259],[-74.48592901,47.4309531],[-74.4904859,47.426533],[-74.496451,47.42584259],[-74.50018761,47.42226581],[-74.50447729,47.4164442],[-74.50818549,47.41352409],[-74.5099863,47.409982],[-74.5136412,47.40639651],[-74.51577551,47.3988663],[-74.5179994,47.39739839],[-74.5209884,47.39095791],[-74.52198319,47.39033729],[-74.52380288,47.3851217],[-74.52335752,47.3819592],[-74.52527119,47.3809256],[-74.52570441,47.3766308],[-74.52845289,47.3742763],[-74.52905419,47.37114949],[-74.52847929,47.36405709],[-74.530367,47.35832791],[-74.53373219,47.35711021],[-74.5387236,47.34770059],[-74.54123181,47.34601361],[-74.54087811,47.34350711],[-74.54412381,47.33763041],[-74.54434169,47.3392836],[-74.54845279,47.3357107],[-74.54738932,47.33479399],[-74.548725,47.33141741],[-74.55202458,47.32699721],[-74.55163702,47.32479689],[-74.54921619,47.3214727],[-74.54468209,47.32098339],[-74.54154961,47.31977949],[-74.54049519,47.31795389],[-74.54211669,47.31565419],[-74.54261701,47.3188972],[-74.54745971,47.31961761],[-74.5546836,47.3229877],[-74.55749889,47.3235195],[-74.55904532,47.32579654],[-74.56548388,47.32114022],[-74.57049031,47.31368349],[-74.5733863,47.31234309],[-74.573247,47.31068921],[-74.5760394,47.30490579],[-74.58039439,47.3024989],[-74.5839598,47.302888],[-74.58329549,47.30468439],[-74.58467309,47.30866551],[-74.58414241,47.31246669],[-74.58585741,47.3161207],[-74.5871328,47.3163875],[-74.58970469,47.31152341],[-74.58843361,47.30501359],[-74.5892488,47.29770129],[-74.58579669,47.29830981],[-74.58764869,47.29383029],[-74.59237368,47.2889188],[-74.59647209,47.28890659],[-74.59859578,47.28739291],[-74.60142249,47.2885442],[-74.6048444,47.2871619],[-74.605989,47.28308489],[-74.60420538,47.2818697],[-74.60726929,47.28045471],[-74.60877039,47.27638311],[-74.61140739,47.2722735],[-74.61318988,47.2709338],[-74.61555091,47.2650456],[-74.61368779,47.2619062],[-74.61687759,47.25712541],[-74.61822639,47.2508961],[-74.62460232,47.2512655],[-74.62617391,47.24937001],[-74.63001749,47.2480817],[-74.6344922,47.2485232],[-74.6365848,47.24999999],[-74.65191498,47.25098735],[-74.65989826,47.24483812],[-74.65809642,47.24076755],[-74.65720733,47.23304103],[-74.63893498,47.23155034],[-74.62962087,47.23106441],[-74.60153085,47.22996558],[-74.48597669,47.22202414],[-74.43046443,47.15696993],[-74.45927888,47.13602849],[-74.41170477,47.10399566],[-74.46278882,47.07106139],[-74.52994429,47.02765375],[-74.57592812,46.99785739],[-74.5675584,46.99241198],[-74.5,46.94537684],[-74.4306648,46.89697793],[-74.44128268,46.89347158],[-74.44446109,46.88726601],[-74.44951213,46.87235585],[-74.4527737,46.86645718],[-74.45584136,46.86516249],[-74.46102037,46.87007562],[-74.46675069,46.87364408],[-74.46973952,46.87305888],[-74.47133445,46.86915981],[-74.47272111,46.85956484],[-74.47469508,46.85008333],[-74.47397897,46.83580691],[-74.4687059,46.79288756],[-74.47033963,46.79095511],[-74.47756789,46.7866934],[-74.48146845,46.78179069],[-74.48028339,46.77228454],[-74.47605049,46.75784255],[-74.47760764,46.75712792],[-74.48090819,46.75834373],[-74.48537491,46.75876935],[-74.48805908,46.75580751],[-74.49069285,46.7498646],[-74.49320485,46.74266649],[-74.49427012,46.7322914],[-74.49123738,46.72938829],[-74.47968547,46.72411828],[-74.47860811,46.72159157],[-74.4939709,46.69991619],[-74.50039309,46.68724285],[-74.50846817,46.68343741],[-74.51155992,46.67997598],[-74.50830153,46.66419989],[-74.49979509,46.64051632],[-74.49267065,46.63138405],[-74.49064307,46.62483672],[-74.49284002,46.61326964],[-74.49203569,46.60649927],[-74.48966051,46.60409095],[-74.48686248,46.60302133],[-74.47135747,46.61003877],[-74.44821269,46.61297153],[-74.4384455,46.61458772],[-74.34483754,46.54784551],[-74.38090612,46.5224363],[-74.46334716,46.46418251],[-74.47774462,46.45415542],[-74.44778788,46.43230467],[-74.37077111,46.37834916],[-74.33400992,46.35246223],[-74.28940471,46.38286346],[-74.26826736,46.39810578],[-74.26107951,46.40192806],[-74.2521068,46.40742505],[-74.21104799,46.43491367],[-74.19051081,46.44850038],[-74.15127157,46.42282786],[-74.09912055,46.38597918],[-74.07594251,46.37169121],[-74.0560503,46.35971907],[-74.04008205,46.34938845],[-74.00728579,46.32788839],[-73.99666322,46.32134023],[-73.97864816,46.30986613],[-73.93639819,46.28152632],[-73.9104908,46.26391917],[-73.8835604,46.24585689],[-73.84016077,46.21812883],[-73.80018162,46.19168703],[-73.75252825,46.2261296],[-73.7232873,46.24653878],[-73.69854264,46.26365338],[-73.67766075,46.2784755],[-73.66491937,46.28679113],[-73.64048969,46.26589724],[-73.6306932,46.27124062],[-73.62787413,46.26880193],[-73.61468262,46.27919593],[-73.61058846,46.27615962],[-73.60005537,46.28285785],[-73.5893953,46.27516464],[-73.58065573,46.28148568],[-73.57677906,46.27851371],[-73.56849994,46.28436152],[-73.57410728,46.28832605],[-73.55617716,46.2999601],[-73.54314471,46.29106926],[-73.53185761,46.28414911],[-73.52232895,46.29196066],[-73.51572013,46.28726778],[-73.51023046,46.28396935],[-73.50704648,46.28350254],[-73.49604178,46.29075254],[-73.47844627,46.30159291],[-73.45326584,46.28249926],[-73.4370148,46.29409526],[-73.42659918,46.30129583],[-73.44047532,46.31091095],[-73.42505455,46.32207659],[-73.42927902,46.32507531],[-73.4139375,46.33527953],[-73.39449157,46.34807756],[-73.43180914,46.3745316],[-73.45394761,46.39088112],[-73.47007659,46.40223587],[-73.44017068,46.42323057],[-73.49980041,46.46459712],[-73.49194275,46.46968288],[-73.51799679,46.48753923],[-73.52789763,46.49389707],[-73.56293555,46.51784942],[-73.45538462,46.58621207],[-73.36824362,46.52328441],[-73.36502003,46.52087365],[-73.36153476,46.5200437],[-73.33336478,46.49844115],[-73.28944227,46.52896759],[-73.28319772,46.5334319],[-73.29141023,46.53945734],[-73.29882859,46.54623493],[-73.30303075,46.55062005],[-73.30785215,46.55890278],[-73.31022789,46.56706203],[-73.32803183,46.59087344],[-73.33303234,46.59791351],[-73.33765989,46.60347042],[-73.34090961,46.60580319],[-73.36140956,46.61815015],[-73.39909003,46.60074712],[-73.43569304,46.59863117],[-73.43552573,46.6294587],[-73.43756718,46.66981136],[-73.4522981,46.69354541],[-73.46273919,46.70709968],[-73.45231529,46.74231691],[-73.45085758,46.74604249],[-73.4488459,46.74799765],[-73.44395835,46.75064384],[-73.44317571,46.75365252],[-73.44458533,46.7592718],[-73.44193362,46.76354799],[-73.44143121,46.76645913],[-73.44477797,46.77735224],[-73.45389017,46.78373442],[-73.43101399,46.83055755],[-73.44207061,46.84339365],[-73.42905765,46.87061842],[-73.41971071,46.88532514],[-73.42307962,46.8908855],[-73.42876718,46.89271347],[-73.44048842,46.89512161],[-73.44879279,46.89907076],[-73.45382874,46.90401364],[-73.46009355,46.90761885],[-73.4628518,46.9080093],[-73.47139842,46.90652741],[-73.47989349,46.90603138],[-73.48275438,46.90651599],[-73.49061238,46.90943395],[-73.49455826,46.91197303],[-73.49619686,46.91138359],[-73.49850875,46.90692489],[-73.4975085,46.90400753],[-73.49805299,46.90061373],[-73.50310237,46.89825975],[-73.50649758,46.89852803],[-73.51369886,46.89690816],[-73.5157139,46.89177377],[-73.52112483,46.88798175],[-73.52362814,46.88372304],[-73.52629472,46.88213905],[-73.52792189,46.87960541],[-73.52633297,46.87604368],[-73.52672855,46.8743326],[-73.5296073,46.8705968],[-73.52866922,46.86752194],[-73.52391856,46.86294302],[-73.52783801,46.86127967],[-73.53136717,46.86225566],[-73.5333631,46.86486416],[-73.53768746,46.8657828],[-73.54287252,46.86534068],[-73.54532391,46.86596093],[-73.551756,46.87184363],[-73.5549472,46.87350227],[-73.55727878,46.87697761],[-73.55638591,46.87891242],[-73.55890107,46.88167761],[-73.56297832,46.88235861],[-73.56700768,46.88111199],[-73.57016514,46.87737909],[-73.56973624,46.87348337],[-73.57220118,46.87018958],[-73.57492553,46.8694875],[-73.57938928,46.8699426],[-73.58725177,46.87245804],[-73.59167746,46.87216489],[-73.59640853,46.87362837],[-73.60214854,46.87169504],[-73.60368572,46.86902485],[-73.60405615,46.8660151],[-73.60273196,46.86229319],[-73.60388484,46.85986511],[-73.60607118,46.85825149],[-73.6101265,46.85736069],[-73.61862634,46.85810727],[-73.62166697,46.86037547],[-73.62316329,46.8636003],[-73.62857769,46.8656203],[-73.63319852,46.86440333],[-73.64010041,46.86332915],[-73.64466943,46.86371138],[-73.64699132,46.86314753],[-73.65013015,46.86476257],[-73.65626409,46.86339723],[-73.66009991,46.86043579],[-73.65989141,46.86532109],[-73.66167988,46.86687491],[-73.66536199,46.86562821],[-73.66513441,46.86414411],[-73.66987559,46.87028159],[-73.67352852,46.8721833],[-73.67376469,46.87852647],[-73.66992719,46.88245349],[-73.66587071,46.88275698],[-73.66285461,46.8821288],[-73.66295469,46.8846035],[-73.66590569,46.88531689],[-73.66630882,46.88770893],[-73.66825086,46.88698285],[-73.66928422,46.88838776],[-73.66621229,46.8904206],[-73.66258871,46.8900904],[-73.658929,46.89139465],[-73.66068848,46.89613384],[-73.6627288,46.89756616],[-73.6648197,46.90137391],[-73.66491924,46.92762762],[-73.6499675,46.93783587],[-73.64611151,46.93506021],[-73.64592079,46.93739949],[-73.64885971,46.9409852],[-73.65189561,46.94239345],[-73.67655656,46.97348616],[-73.71940447,47.02094418],[-73.75064784,47.05098043],[-73.75808003,47.05762187],[-73.75434049,47.06123879],[-73.76765036,47.07584401],[-73.7779274,47.08643212],[-73.80660319,47.10922189],[-73.82408271,47.12250167],[-73.85796349,47.14187915],[-73.91576113,47.09961716],[-73.93114122,47.11033396],[-74.0284761,47.17613164],[-74.01535356,47.2479312],[-74.00128583,47.33357966],[-73.99857102,47.3460247],[-73.9960392,47.34703409],[-73.99637712,47.3505949],[-73.99456561,47.35363419],[-73.98995951,47.35368999],[-73.98720251,47.35615749],[-73.9878887,47.35736011],[-73.98478351,47.35942421],[-73.9853089,47.36042951],[-73.98230282,47.36179151],[-73.9779808,47.36258319],[-73.97942191,47.3638186],[-73.97628721,47.36417349],[-73.97431471,47.3656749],[-73.97181091,47.37145141],[-73.96748249,47.37462651],[-73.96921521,47.37589679],[-73.96826289,47.37752891],[-73.96447468,47.3789566],[-73.95853238,47.37942131],[-73.95995498,47.38157451],[-73.9632045,47.38362139],[-73.95994741,47.38678291],[-73.95625329,47.3884889]],[[-74.3892249,47.22618481],[-74.38822779,47.22263021],[-74.38411969,47.2217443],[-74.38462091,47.2209219],[-74.37329909,47.21895771],[-74.3710039,47.21989271],[-74.3675963,47.21578949],[-74.37195441,47.2174657],[-74.37155338,47.214752],[-74.36755751,47.21502519],[-74.3667464,47.21386191],[-74.36940141,47.21233049],[-74.36995019,47.2103742],[-74.368053,47.2097949],[-74.36548891,47.20635979],[-74.36931319,47.20451381],[-74.36510791,47.20404181],[-74.36273129,47.20155901],[-74.3647629,47.20068],[-74.36199921,47.1995493],[-74.36269299,47.19838369],[-74.35903968,47.19528061],[-74.35909067,47.19290706],[-74.37054919,47.18752655],[-74.39786127,47.20837736],[-74.41215946,47.2197157],[-74.39806602,47.22690409],[-74.39478801,47.22561971],[-74.39228471,47.22674569],[-74.3892249,47.22618481]]]},"properties":{"ADAIDU":"24620001","IDUGD":"2021S051624620001","SUPTERRE":7883.3193,"PRIDU":"24"},"bbox":[-74.88863101,46.19168703,-73.28319772,47.76306464]},{"type":"Feature","geometry":{"type":"Polygon","coordinates":[[[-74.3892249,47.22618481],[-74.39228471,47.22674569],[-74.39478801,47.22561971],[-74.39806602,47.22690409],[-74.41215946,47.2197157],[-74.39786127,47.20837736],[-74.37054919,47.18752655],[-74.35909067,47.19290706],[-74.35903968,47.19528061],[-74.36269299,47.19838369],[-74.36199921,47.1995493],[-74.3647629,47.20068],[-74.36273129,47.20155901],[-74.36510791,47.20404181],[-74.36931319,47.20451381],[-74.36548891,47.20635979],[-74.368053,47.2097949],[-74.36995019,47.2103742],[-74.36940141,47.21233049],[-74.3667464,47.21386191],[-74.36755751,47.21502519],[-74.37155338,47.214752],[-74.37195441,47.2174657],[-74.3675963,47.21578949],[-74.3710039,47.21989271],[-74.37329909,47.21895771],[-74.38462091,47.2209219],[-74.38411969,47.2217443],[-74.38822779,47.22263021],[-74.3892249,47.22618481]]]},"properties":{"ADAIDU":"24620002","IDUGD":"2021S051624620002","SUPTERRE":8.0262,"PRIDU":"24"},"bbox":[-74.41215946,47.18752655,-74.35903968,47.22690409]},{"type":"Feature","geometry":{"type":"Polygon","coordinates":[[[-74.33400992,46.35246223],[-74.37737166,46.32190581],[-74.41182411,46.29769846],[-74.37752537,46.27461773],[-74.34413795,46.25008003],[-74.32328066,46.23687701],[-74.29318947,46.21649196],[-74.26657035,46.19765903],[-74.25821761,46.19800735],[-74.23807702,46.21242487],[-74.2283425,46.21882548],[-74.2155133,46.22804156],[-74.18409664,46.25005129],[-74.14374887,46.22392063],[-74.12574562,46.21136247],[-74.11352906,46.20344171],[-74.03338363,46.15062559],[-74.04695234,46.14025703],[-74.0552806,46.13440178],[-74.07615946,46.11785743],[-74.06211768,46.10608716],[-74.05281642,46.0992716],[-74.04454279,46.09412423],[-74.02719775,46.07946033],[-74.01756844,46.08652203],[-74.01321326,46.08816487],[-74.01272524,46.08944752],[-74.00266801,46.09577595],[-73.98780409,46.08479579],[-73.96347179,46.09924979],[-73.9759864,46.10849233],[-73.94930581,46.12727971],[-73.97612776,46.14604066],[-73.95494943,46.1613439],[-73.97969119,46.17931682],[-73.93168371,46.2126462],[-73.92342109,46.21784711],[-73.91682526,46.22267942],[-73.8835604,46.24585689],[-73.9104908,46.26391917],[-73.93639819,46.28152632],[-73.97864816,46.30986613],[-73.99666322,46.32134023],[-74.00728579,46.32788839],[-74.04008205,46.34938845],[-74.0560503,46.35971907],[-74.07594251,46.37169121],[-74.09912055,46.38597918],[-74.15127157,46.42282786],[-74.19051081,46.44850038],[-74.21104799,46.43491367],[-74.2521068,46.40742505],[-74.26107951,46.40192806],[-74.26826736,46.39810578],[-74.28940471,46.38286346],[-74.33400992,46.35246223]]]},"properties":{"ADAIDU":"24620003","IDUGD":"2021S051624620003","SUPTERRE":647.4524,"PRIDU":"24"},"bbox":[-74.41182411,46.07946033,-73.8835604,46.44850038]},{"type":"Feature","geometry":{"type":"Polygon","coordinates":[[[-73.45326584,46.28249926],[-73.47844627,46.30159291],[-73.49604178,46.29075254],[-73.50704648,46.28350254],[-73.51023046,46.28396935],[-73.51572013,46.28726778],[-73.52232895,46.29196066],[-73.53185761,46.28414911],[-73.54314471,46.29106926],[-73.55617716,46.2999601],[-73.57410728,46.28832605],[-73.56849994,46.28436152],[-73.57677906,46.27851371],[-73.58065573,46.28148568],[-73.5893953,46.27516464],[-73.60005537,46.28285785],[-73.61058846,46.27615962],[-73.61468262,46.27919593],[-73.62787413,46.26880193],[-73.6306932,46.27124062],[-73.64048969,46.26589724],[-73.66491937,46.28679113],[-73.67766075,46.2784755],[-73.69854264,46.26365338],[-73.7232873,46.24653878],[-73.71264183,46.2381296],[-73.68472435,46.21544444],[-73.6700467,46.20464589],[-73.65280947,46.1912862],[-73.64854758,46.18894206],[-73.64217633,46.18413611],[-73.63912204,46.17929596],[-73.62755115,46.17167031],[-73.63016738,46.16985189],[-73.62668753,46.16726254],[-73.6288458,46.16574864],[-73.63236461,46.16832054],[-73.63834646,46.16411833],[-73.62489683,46.15445059],[-73.62727813,46.15286847],[-73.61894975,46.14656755],[-73.60688397,46.15455072],[-73.59773786,46.14804938],[-73.56259615,46.17272135],[-73.57455395,46.18106712],[-73.58472923,46.18922316],[-73.5641997,46.20131302],[-73.56721607,46.20367105],[-73.56223226,46.20610037],[-73.55974919,46.20525877],[-73.55530727,46.20006087],[-73.55352548,46.2002994],[-73.54850708,46.19460799],[-73.54044057,46.19557676],[-73.53281688,46.19516686],[-73.52769653,46.19316897],[-73.52483881,46.19471212],[-73.52127203,46.19335072],[-73.52627309,46.19111129],[-73.52005235,46.18858366],[-73.50741517,46.18585203],[-73.50000001,46.19092596],[-73.48926997,46.1991607],[-73.46972403,46.21199785],[-73.45744508,46.22050008],[-73.46569478,46.22666385],[-73.47494357,46.23344917],[-73.47432781,46.23421838],[-73.44328414,46.25436331],[-73.45688008,46.26441721],[-73.45799872,46.2637549],[-73.46966163,46.27188962],[-73.45326584,46.28249926]]]},"properties":{"ADAIDU":"24620004","IDUGD":"2021S051624620004","SUPTERRE":192.4552,"PRIDU":"24"},"bbox":[-73.7232873,46.14656755,-73.44328414,46.30159291]},{"type":"Feature","geometry":{"type":"Polygon","coordinates":[[[-73.46569478,46.22666385],[-73.45744508,46.22050008],[-73.46972403,46.21199785],[-73.48926997,46.1991607],[-73.50000001,46.19092596],[-73.50741517,46.18585203],[-73.50000056,46.18225096],[-73.49275783,46.18023677],[-73.48932152,46.17786613],[-73.48584824,46.17695148],[-73.48390647,46.17938397],[-73.48058053,46.17906446],[-73.48034138,46.17302598],[-73.48188905,46.170166],[-73.47979916,46.16753241],[-73.48358988,46.16743796],[-73.48917744,46.16839469],[-73.49036075,46.16726339],[-73.4894908,46.16431114],[-73.48755048,46.16369781],[-73.48416875,46.16498228],[-73.48237773,46.16230421],[-73.4844361,46.15741208],[-73.49290458,46.15379146],[-73.4936186,46.15238424],[-73.49079619,46.14725346],[-73.48850725,46.14616026],[-73.48888681,46.14400482],[-73.48693485,46.14325995],[-73.48653469,46.14134974],[-73.48252546,46.14128863],[-73.47893863,46.13855553],[-73.47453827,46.13714898],[-73.46741883,46.13718114],[-73.46468667,46.13801551],[-73.46401595,46.14097282],[-73.46754907,46.14408771],[-73.4729689,46.14518444],[-73.47374813,46.14644283],[-73.4685295,46.14798434],[-73.46464291,46.14835709],[-73.46249394,46.14495829],[-73.45893214,46.14517154],[-73.45866518,46.14147588],[-73.45390703,46.13766088],[-73.44901316,46.13762173],[-73.44606977,46.1408549],[-73.44477128,46.14098207],[-73.43572964,46.13264855],[-73.43436399,46.12684012],[-73.43540934,46.12524155],[-73.43984279,46.12641699],[-73.44449336,46.12528397],[-73.446508,46.12800578],[-73.44314637,46.13165883],[-73.44570554,46.13397176],[-73.44794893,46.13384401],[-73.45188693,46.13026957],[-73.45435753,46.12937717],[-73.45995711,46.12974394],[-73.46609622,46.12467508],[-73.46744438,46.11617616],[-73.46864101,46.11479044],[-73.41821689,46.11515519],[-73.41807443,46.12007492],[-73.4074627,46.1200949],[-73.41001378,46.12189522],[-73.41185361,46.12650325],[-73.39737124,46.13771043],[-73.39589141,46.13605541],[-73.38322875,46.14554743],[-73.37659103,46.14521918],[-73.37515279,46.14278044],[-73.3716076,46.14331871],[-73.37125062,46.14105748],[-73.36840379,46.14118714],[-73.36896225,46.15174615],[-73.36252784,46.1709962],[-73.36482276,46.17264854],[-73.35477279,46.1904049],[-73.38410532,46.21085624],[-73.39412797,46.21830834],[-73.40408969,46.21247514],[-73.41604781,46.20468281],[-73.44254804,46.22376498],[-73.44017953,46.22527511],[-73.4383745,46.2232887],[-73.43655859,46.22422349],[-73.43967898,46.22814829],[-73.4509897,46.23585268],[-73.46569478,46.22666385]]]},"properties":{"ADAIDU":"24620005","IDUGD":"2021S051624620005","SUPTERRE":88.3997,"PRIDU":"24"},"bbox":[-73.50741517,46.11479044,-73.35477279,46.23585268]},{"type":"Feature","geometry":{"type":"Polygon","coordinates":[[[-73.59773786,46.14804938],[-73.60688397,46.15455072],[-73.61894975,46.14656755],[-73.62727813,46.15286847],[-73.62489683,46.15445059],[-73.63834646,46.16411833],[-73.63236461,46.16832054],[-73.6288458,46.16574864],[-73.62668753,46.16726254],[-73.63016738,46.16985189],[-73.62755115,46.17167031],[-73.63912204,46.17929596],[-73.64217633,46.18413611],[-73.64854758,46.18894206],[-73.65280947,46.1912862],[-73.6700467,46.20464589],[-73.68472435,46.21544444],[-73.71264183,46.2381296],[-73.7232873,46.24653878],[-73.75252825,46.2261296],[-73.80018162,46.19168703],[-73.84016077,46.21812883],[-73.8835604,46.24585689],[-73.91682526,46.22267942],[-73.92342109,46.21784711],[-73.93168371,46.2126462],[-73.97969119,46.17931682],[-73.95494943,46.1613439],[-73.97612776,46.14604066],[-73.94930581,46.12727971],[-73.9759864,46.10849233],[-73.96347179,46.09924979],[-73.98780409,46.08479579],[-73.97430444,46.07462828],[-73.96050325,46.06501447],[-73.96625696,46.06099203],[-73.99227482,46.04192289],[-74.00431124,46.03274562],[-73.97965919,46.01479906],[-74.00212522,45.99776529],[-73.97577535,45.97910312],[-73.94828179,46.00085044],[-73.93927544,46.00717681],[-73.92714535,46.01487775],[-73.92085608,46.01936454],[-73.91859757,46.0177247],[-73.91811432,46.01917077],[-73.91037559,46.01407347],[-73.90763697,46.01596142],[-73.89820529,46.01027161],[-73.87308821,46.02812661],[-73.86486475,46.0238597],[-73.84055941,46.01168565],[-73.83933354,46.01250615],[-73.85857752,46.02481749],[-73.88190518,46.04047868],[-73.87730286,46.04447559],[-73.86046121,46.05605089],[-73.83697101,46.07330314],[-73.82301194,46.0826193],[-73.77976699,46.11225332],[-73.73257693,46.14509626],[-73.71565129,46.13249608],[-73.69161819,46.11493341],[-73.67843472,46.10651204],[-73.65170447,46.08799666],[-73.63771659,46.07902428],[-73.62904825,46.08489694],[-73.60263474,46.10194477],[-73.57692372,46.11900666],[-73.56688805,46.12545404],[-73.58634514,46.13993608],[-73.59773786,46.14804938]]]},"properties":{"ADAIDU":"24620006","IDUGD":"2021S051624620006","SUPTERRE":418.1194,"PRIDU":"24"},"bbox":[-74.00431124,45.97910312,-73.56688805,46.24653878]},{"type":"Feature","geometry":{"type":"Polygon","coordinates":[[[-73.63771659,46.07902428],[-73.65170447,46.08799666],[-73.67843472,46.10651204],[-73.69161819,46.11493341],[-73.71565129,46.13249608],[-73.73257693,46.14509626],[-73.77976699,46.11225332],[-73.82301194,46.0826193],[-73.83697101,46.07330314],[-73.86046121,46.05605089],[-73.87730286,46.04447559],[-73.88190518,46.04047868],[-73.85857752,46.02481749],[-73.83933354,46.01250615],[-73.82385329,46.0026351],[-73.79876381,45.98575781],[-73.78801039,45.97785857],[-73.7345248,46.01314338],[-73.71589095,46.0250399],[-73.71171259,46.02904185],[-73.7080541,46.03136815],[-73.7054119,46.0309745],[-73.70456997,46.02862183],[-73.70360869,46.03035371],[-73.69903947,46.03119649],[-73.69879588,46.03468404],[-73.69683224,46.03551359],[-73.69180219,46.03230081],[-73.68756863,46.03149568],[-73.68702398,46.03433307],[-73.68396535,46.03199794],[-73.68259268,46.03271848],[-73.68011266,46.03086318],[-73.67747544,46.02689785],[-73.67803483,46.02403008],[-73.67676,46.02129826],[-73.677812,46.0180745],[-73.67626352,46.01637403],[-73.67152509,46.01354434],[-73.66865255,46.01296861],[-73.66579394,46.01443649],[-73.65824876,46.00979072],[-73.63644912,46.02458619],[-73.62231739,46.03454368],[-73.63459513,46.04331334],[-73.61029114,46.05934485],[-73.62183256,46.06778545],[-73.63771659,46.07902428]]]},"properties":{"ADAIDU":"24620007","IDUGD":"2021S051624620007","SUPTERRE":185.3817,"PRIDU":"24"},"bbox":[-73.88190518,45.97785857,-73.61029114,46.14509626]},{"type":"Feature","geometry":{"type":"Polygon","coordinates":[[[-73.48163241,45.89637607],[-73.47858181,45.89838382],[-73.47239519,45.8998402],[-73.4699319,45.90306971],[-73.46548449,45.90473311],[-73.46280144,45.90468562],[-73.46083897,45.91594301],[-73.45965969,45.92575637],[-73.45772945,45.93500294],[-73.45637002,45.94375996],[-73.4559755,45.94581698],[-73.46020442,45.9486144],[-73.46027144,45.95181198],[-73.46630689,45.95612395],[-73.47094618,45.9600257],[-73.47298519,45.9587216],[-73.48006862,45.95663559],[-73.48539742,45.95624828],[-73.49051558,45.95676398],[-73.50383686,45.95937905],[-73.51602095,45.96486547],[-73.51832415,45.96312703],[-73.53692184,45.97097415],[-73.54069533,45.97237478],[-73.52043458,45.98718601],[-73.51523696,45.99116465],[-73.51288813,45.9902684],[-73.51033445,45.99219287],[-73.52495706,46.00202703],[-73.52201989,46.00420742],[-73.50787356,46.01345972],[-73.51649233,46.01877467],[-73.52218757,46.02277668],[-73.51733647,46.02607955],[-73.53006587,46.03556181],[-73.53434106,46.03294846],[-73.54964093,46.04261583],[-73.56868079,46.03015545],[-73.5821318,46.03967988],[-73.59495978,46.04834243],[-73.61029114,46.05934485],[-73.63459513,46.04331334],[-73.62231739,46.03454368],[-73.63644912,46.02458619],[-73.65824876,46.00979072],[-73.65668432,46.00931086],[-73.65071827,46.00976131],[-73.64628298,46.01112781],[-73.63202752,46.01136312],[-73.63000727,46.01043268],[-73.63354023,46.00749807],[-73.66085325,45.98828459],[-73.59722911,45.943963],[-73.58927504,45.93855479],[-73.59041131,45.93452096],[-73.5639879,45.93039699],[-73.56188728,45.92808719],[-73.55815713,45.92790285],[-73.56239421,45.91302865],[-73.56370896,45.91288564],[-73.56602546,45.90040844],[-73.56444952,45.8989659],[-73.55003491,45.88895351],[-73.53251306,45.87657594],[-73.51393274,45.88965317],[-73.50135575,45.89805363],[-73.50074749,45.9009412],[-73.4956441,45.89909659],[-73.49144251,45.9019037],[-73.48716409,45.9000317],[-73.4900778,45.89355349],[-73.48496281,45.8912586],[-73.48056819,45.89294949],[-73.48163241,45.89637607]]]},"properties":{"ADAIDU":"24630001","IDUGD":"2021S051624630001","SUPTERRE":151.8442,"PRIDU":"24"},"bbox":[-73.66085325,45.87657594,-73.4559755,46.05934485]},{"type":"Feature","geometry":{"type":"Polygon","coordinates":[[[-73.79876381,45.98575781],[-73.82738856,45.96654134],[-73.80726308,45.95254714],[-73.79880018,45.94737042],[-73.76087551,45.9206439],[-73.77065507,45.91278665],[-73.77602519,45.91196574],[-73.7550057,45.8976154],[-73.75656969,45.8964409],[-73.74674839,45.889324],[-73.74303045,45.89526894],[-73.74174125,45.89425068],[-73.73703742,45.90061263],[-73.73401412,45.90296825],[-73.73926631,45.90630414],[-73.72951413,45.90965074],[-73.72875276,45.91838236],[-73.71303564,45.92353934],[-73.71090301,45.92361073],[-73.7008407,45.92581476],[-73.701452,45.93087919],[-73.70292509,45.9317044],[-73.6997184,45.9364519],[-73.70047143,45.94087256],[-73.69843346,45.94086505],[-73.69872548,45.93841359],[-73.69605945,45.93683058],[-73.67790763,45.9361727],[-73.67687902,45.93998013],[-73.6812963,45.94384974],[-73.67948003,45.94598948],[-73.6969258,45.95783198],[-73.70004808,45.96056261],[-73.68659457,45.97025251],[-73.66085325,45.98828459],[-73.63354023,46.00749807],[-73.63000727,46.01043268],[-73.63202752,46.01136312],[-73.64628298,46.01112781],[-73.65071827,46.00976131],[-73.65668432,46.00931086],[-73.65824876,46.00979072],[-73.66579394,46.01443649],[-73.66865255,46.01296861],[-73.67152509,46.01354434],[-73.67626352,46.01637403],[-73.677812,46.0180745],[-73.67676,46.02129826],[-73.67803483,46.02403008],[-73.67747544,46.02689785],[-73.68011266,46.03086318],[-73.68259268,46.03271848],[-73.68396535,46.03199794],[-73.68702398,46.03433307],[-73.68756863,46.03149568],[-73.69180219,46.03230081],[-73.69683224,46.03551359],[-73.69879588,46.03468404],[-73.69903947,46.03119649],[-73.70360869,46.03035371],[-73.70456997,46.02862183],[-73.7054119,46.0309745],[-73.7080541,46.03136815],[-73.71171259,46.02904185],[-73.71589095,46.0250399],[-73.7345248,46.01314338],[-73.78801039,45.97785857],[-73.79876381,45.98575781]]]},"properties":{"ADAIDU":"24630002","IDUGD":"2021S051624630002","SUPTERRE":99.4203,"PRIDU":"24"},"bbox":[-73.82738856,45.889324,-73.63000727,46.03551359]},{"type":"Feature","geometry":{"type":"Polygon","coordinates":[[[-73.97577535,45.97910312],[-73.97721936,45.97793197],[-73.94761172,45.95851105],[-73.95377034,45.95423561],[-73.94483126,45.95012374],[-73.93575747,45.94532927],[-73.95084735,45.9340241],[-73.9498668,45.93361225],[-73.93618361,45.92411379],[-73.91719631,45.91169637],[-73.91099388,45.9070629],[-73.88338656,45.88952571],[-73.88085209,45.88870179],[-73.86541747,45.8921877],[-73.8292611,45.90073827],[-73.79234385,45.90739638],[-73.78565456,45.90881337],[-73.78349702,45.91045966],[-73.77602519,45.91196574],[-73.77065507,45.91278665],[-73.76087551,45.9206439],[-73.79880018,45.94737042],[-73.80726308,45.95254714],[-73.82738856,45.96654134],[-73.79876381,45.98575781],[-73.82385329,46.0026351],[-73.83933354,46.01250615],[-73.84055941,46.01168565],[-73.86486475,46.0238597],[-73.87308821,46.02812661],[-73.89820529,46.01027161],[-73.90763697,46.01596142],[-73.91037559,46.01407347],[-73.91811432,46.01917077],[-73.91859757,46.0177247],[-73.92085608,46.01936454],[-73.92714535,46.01487775],[-73.93927544,46.00717681],[-73.94828179,46.00085044],[-73.97577535,45.97910312]]]},"properties":{"ADAIDU":"24630004","IDUGD":"2021S051624630004","SUPTERRE":142.6259,"PRIDU":"24"},"bbox":[-73.97721936,45.88870179,-73.76087551,46.02812661]},{"type":"Feature","geometry":{"type":"Polygon","coordinates":[[[-73.66085325,45.98828459],[-73.68659457,45.97025251],[-73.70004808,45.96056261],[-73.6969258,45.95783198],[-73.67948003,45.94598948],[-73.6812963,45.94384974],[-73.67687902,45.93998013],[-73.67790763,45.9361727],[-73.69605945,45.93683058],[-73.69872548,45.93841359],[-73.69843346,45.94086505],[-73.70047143,45.94087256],[-73.6997184,45.9364519],[-73.70292509,45.9317044],[-73.701452,45.93087919],[-73.7008407,45.92581476],[-73.71090301,45.92361073],[-73.71303564,45.92353934],[-73.72875276,45.91838236],[-73.72951413,45.90965074],[-73.73926631,45.90630414],[-73.73401412,45.90296825],[-73.73703742,45.90061263],[-73.74174125,45.89425068],[-73.74303045,45.89526894],[-73.74674839,45.889324],[-73.72658022,45.87476765],[-73.72334428,45.87737094],[-73.71643507,45.87377939],[-73.70529269,45.87566246],[-73.69579459,45.87775035],[-73.68987184,45.88134643],[-73.68623339,45.88266283],[-73.67109319,45.8717372],[-73.6745758,45.87059213],[-73.67288089,45.86915105],[-73.67294478,45.8664016],[-73.67652326,45.86753737],[-73.67921911,45.86536389],[-73.68136735,45.8671005],[-73.68626543,45.8664188],[-73.69185982,45.86344247],[-73.70419039,45.8634159],[-73.70552351,45.85855946],[-73.68753943,45.84594335],[-73.67689147,45.83490897],[-73.67376037,45.83269085],[-73.67313671,45.83605355],[-73.65951193,45.83940419],[-73.65661243,45.8393607],[-73.65408638,45.84158511],[-73.64769719,45.84385182],[-73.64137381,45.84811568],[-73.63248171,45.8399219],[-73.6272324,45.8412686],[-73.6260349,45.84348492],[-73.6245284,45.85799638],[-73.62823682,45.85702469],[-73.63451292,45.85795312],[-73.63670788,45.85906252],[-73.64275007,45.85840707],[-73.64476292,45.86018178],[-73.64966235,45.85943032],[-73.64952615,45.86076218],[-73.6466667,45.86076761],[-73.64670045,45.86259571],[-73.64922277,45.86514443],[-73.64911743,45.87572074],[-73.64462803,45.87624032],[-73.6447769,45.8727182],[-73.64170229,45.87252632],[-73.64255793,45.87573519],[-73.63902585,45.87451529],[-73.6345508,45.87479166],[-73.62802796,45.87330264],[-73.62534342,45.87482444],[-73.61893179,45.87650589],[-73.63540454,45.88854026],[-73.61834804,45.89517089],[-73.61274457,45.89072592],[-73.6109001,45.89270685],[-73.60770854,45.89174756],[-73.60600186,45.89255116],[-73.60782204,45.8940316],[-73.60536022,45.89457907],[-73.60299248,45.89218188],[-73.59991282,45.89436013],[-73.59366688,45.89432777],[-73.5911176,45.8957612],[-73.58964831,45.89430248],[-73.58718756,45.89620625],[-73.59255542,45.90012631],[-73.59072967,45.90060893],[-73.58796779,45.8988379],[-73.58543968,45.8998081],[-73.58420314,45.89835319],[-73.58008109,45.89786609],[-73.57786059,45.89670448],[-73.57550324,45.89707155],[-73.57190059,45.8960212],[-73.56637349,45.89188821],[-73.5662541,45.8889909],[-73.55619955,45.88884614],[-73.55484418,45.89021914],[-73.55283011,45.88811825],[-73.55003491,45.88895351],[-73.56444952,45.8989659],[-73.56602546,45.90040844],[-73.56370896,45.91288564],[-73.56239421,45.91302865],[-73.55815713,45.92790285],[-73.56188728,45.92808719],[-73.5639879,45.93039699],[-73.59041131,45.93452096],[-73.58927504,45.93855479],[-73.59722911,45.943963],[-73.66085325,45.98828459]]]},"properties":{"ADAIDU":"24630005","IDUGD":"2021S051624630005","SUPTERRE":117.3405,"PRIDU":"24"},"bbox":[-73.74674839,45.83269085,-73.55003491,45.98828459]},{"type":"Feature","geometry":{"type":"Polygon","coordinates":[[[-73.53251306,45.87657594],[-73.55003491,45.88895351],[-73.55283011,45.88811825],[-73.55484418,45.89021914],[-73.55619955,45.88884614],[-73.5662541,45.8889909],[-73.56637349,45.89188821],[-73.57190059,45.8960212],[-73.57550324,45.89707155],[-73.57786059,45.89670448],[-73.58008109,45.89786609],[-73.58420314,45.89835319],[-73.58543968,45.8998081],[-73.58796779,45.8988379],[-73.59072967,45.90060893],[-73.59255542,45.90012631],[-73.58718756,45.89620625],[-73.58964831,45.89430248],[-73.5911176,45.8957612],[-73.59366688,45.89432777],[-73.59991282,45.89436013],[-73.60299248,45.89218188],[-73.60536022,45.89457907],[-73.60782204,45.8940316],[-73.60600186,45.89255116],[-73.60770854,45.89174756],[-73.6109001,45.89270685],[-73.61274457,45.89072592],[-73.61834804,45.89517089],[-73.63540454,45.88854026],[-73.61893179,45.87650589],[-73.62534342,45.87482444],[-73.62802796,45.87330264],[-73.6345508,45.87479166],[-73.63902585,45.87451529],[-73.64255793,45.87573519],[-73.64170229,45.87252632],[-73.6447769,45.8727182],[-73.64462803,45.87624032],[-73.64911743,45.87572074],[-73.64922277,45.86514443],[-73.64670045,45.86259571],[-73.6466667,45.86076761],[-73.64952615,45.86076218],[-73.64966235,45.85943032],[-73.64476292,45.86018178],[-73.64275007,45.85840707],[-73.63670788,45.85906252],[-73.63451292,45.85795312],[-73.62823682,45.85702469],[-73.6245284,45.85799638],[-73.6260349,45.84348492],[-73.6272324,45.8412686],[-73.63248171,45.8399219],[-73.64137381,45.84811568],[-73.64769719,45.84385182],[-73.65408638,45.84158511],[-73.65661243,45.8393607],[-73.65951193,45.83940419],[-73.67313671,45.83605355],[-73.67376037,45.83269085],[-73.67689147,45.83490897],[-73.67783037,45.83191126],[-73.67391001,45.83007431],[-73.67441272,45.82673503],[-73.67620886,45.8255364],[-73.67649512,45.81743989],[-73.68350971,45.81349224],[-73.682855,45.81287001],[-73.69759679,45.8045086],[-73.69853347,45.8045374],[-73.70088635,45.79742411],[-73.69002404,45.79441363],[-73.68731892,45.79476622],[-73.68556339,45.79290087],[-73.67752158,45.79029197],[-73.67076636,45.78764399],[-73.67052503,45.78673972],[-73.66048065,45.79202277],[-73.65801112,45.79403397],[-73.65145825,45.79848508],[-73.6511542,45.80568022],[-73.64489517,45.81416379],[-73.61830442,45.79638623],[-73.60907091,45.80329526],[-73.5944841,45.81327599],[-73.59127976,45.81219369],[-73.5908628,45.81713891],[-73.58035828,45.81605065],[-73.57857016,45.82128453],[-73.57703762,45.82769706],[-73.56254285,45.82635261],[-73.55942037,45.82492262],[-73.55711264,45.83635131],[-73.54901837,45.84041738],[-73.54602602,45.8433683],[-73.54251628,45.84348545],[-73.53871248,45.84207338],[-73.53537951,45.86079506],[-73.53184623,45.86187191],[-73.53845551,45.86636498],[-73.53562912,45.86725705],[-73.53542557,45.86895795],[-73.53801436,45.87081714],[-73.53707322,45.87153573],[-73.53094001,45.86724579],[-73.52862294,45.86890051],[-73.53348089,45.87195483],[-73.53181927,45.87250497],[-73.52858721,45.87125228],[-73.52833012,45.86959408],[-73.5246977,45.87105018],[-73.53251306,45.87657594]]]},"properties":{"ADAIDU":"24630006","IDUGD":"2021S051624630006","SUPTERRE":80.0608,"PRIDU":"24"},"bbox":[-73.70088635,45.78673972,-73.5246977,45.90060893]},{"type":"Feature","geometry":{"type":"Polygon","coordinates":[[[-73.77602519,45.91196574],[-73.78349702,45.91045966],[-73.78565456,45.90881337],[-73.79234385,45.90739638],[-73.8292611,45.90073827],[-73.86541747,45.8921877],[-73.88085209,45.88870179],[-73.88338656,45.88952571],[-73.89333807,45.88698918],[-73.90160358,45.88540045],[-73.87688463,45.8691778],[-73.83098209,45.83769984],[-73.80677512,45.82083972],[-73.79727304,45.826807],[-73.78043999,45.81570003],[-73.77663724,45.80982351],[-73.770624,45.80989145],[-73.76895966,45.81659028],[-73.75537821,45.81342912],[-73.75563639,45.81076979],[-73.74827632,45.81000253],[-73.74652725,45.80815299],[-73.74192517,45.80603646],[-73.69853347,45.8045374],[-73.69759679,45.8045086],[-73.682855,45.81287001],[-73.68350971,45.81349224],[-73.67649512,45.81743989],[-73.67620886,45.8255364],[-73.67441272,45.82673503],[-73.67391001,45.83007431],[-73.67783037,45.83191126],[-73.67689147,45.83490897],[-73.68753943,45.84594335],[-73.70552351,45.85855946],[-73.70419039,45.8634159],[-73.69185982,45.86344247],[-73.68626543,45.8664188],[-73.68136735,45.8671005],[-73.67921911,45.86536389],[-73.67652326,45.86753737],[-73.67294478,45.8664016],[-73.67288089,45.86915105],[-73.6745758,45.87059213],[-73.67109319,45.8717372],[-73.68623339,45.88266283],[-73.68987184,45.88134643],[-73.69579459,45.87775035],[-73.70529269,45.87566246],[-73.71643507,45.87377939],[-73.72334428,45.87737094],[-73.72658022,45.87476765],[-73.74674839,45.889324],[-73.75656969,45.8964409],[-73.7550057,45.8976154],[-73.77602519,45.91196574]]]},"properties":{"ADAIDU":"24632001","IDUGD":"2021S051624632001","SUPTERRE":118.2863,"PRIDU":"24"},"bbox":[-73.90160358,45.8045086,-73.67109319,45.91196574]},{"type":"Feature","geometry":{"type":"Polygon","coordinates":[[[-73.57857016,45.82128453],[-73.58035828,45.81605065],[-73.5908628,45.81713891],[-73.59127976,45.81219369],[-73.5944841,45.81327599],[-73.60907091,45.80329526],[-73.61830442,45.79638623],[-73.64489517,45.81416379],[-73.6511542,45.80568022],[-73.65145825,45.79848508],[-73.65801112,45.79403397],[-73.65634348,45.79380477],[-73.63483597,45.77881058],[-73.63575571,45.77775356],[-73.64417462,45.76311981],[-73.63837532,45.76222201],[-73.6359014,45.76075687],[-73.6270989,45.75997219],[-73.6250486,45.7629078],[-73.62599279,45.76539921],[-73.6233871,45.76730969],[-73.62068449,45.7660348],[-73.6184773,45.76803471],[-73.61544909,45.76472649],[-73.61196581,45.76508091],[-73.61200951,45.76764529],[-73.60698631,45.7696297],[-73.6096254,45.77137279],[-73.6055106,45.7712237],[-73.60483381,45.77368981],[-73.59945041,45.77607011],[-73.59950621,45.77852641],[-73.60094759,45.77911909],[-73.59539389,45.7801136],[-73.59764569,45.78084059],[-73.596337,45.78263231],[-73.59291183,45.78282794],[-73.59448606,45.77989902],[-73.61251228,45.75872603],[-73.60976172,45.75802205],[-73.61100912,45.75359542],[-73.60825936,45.75287512],[-73.60812025,45.75156486],[-73.61131074,45.75214461],[-73.61312747,45.74834764],[-73.60984049,45.74901388],[-73.60663344,45.74702976],[-73.60920851,45.74226245],[-73.60326205,45.74007992],[-73.60140465,45.74134746],[-73.60329769,45.7419609],[-73.60119262,45.74529882],[-73.601057,45.74713099],[-73.59907311,45.74454129],[-73.59677229,45.7442734],[-73.59455279,45.74660569],[-73.5970226,45.74785431],[-73.595341,45.74907051],[-73.59072561,45.74827349],[-73.5786456,45.74924521],[-73.57813292,45.7502263],[-73.5752505,45.7477268],[-73.57276461,45.74355329],[-73.57552889,45.74446031],[-73.5760773,45.7413646],[-73.57472531,45.73942201],[-73.5760866,45.73876419],[-73.57963499,45.7399945],[-73.57983889,45.73881569],[-73.57469609,45.7367226],[-73.5755935,45.7352013],[-73.57957469,45.73373191],[-73.5809964,45.73057251],[-73.58113358,45.7277381],[-73.58299161,45.7243715],[-73.58175111,45.71947741],[-73.58340077,45.71610827],[-73.58317391,45.71608132],[-73.58132661,45.71911781],[-73.57908604,45.71847583],[-73.57712924,45.72041465],[-73.57396977,45.72005542],[-73.56394025,45.72172731],[-73.56348881,45.72429164],[-73.5621182,45.72419212],[-73.561833,45.72818515],[-73.55654835,45.727536],[-73.55665788,45.72856912],[-73.55518022,45.75464664],[-73.5294795,45.75423463],[-73.52606077,45.77736772],[-73.52612016,45.79374793],[-73.54414308,45.79316684],[-73.55047604,45.79340777],[-73.54946725,45.81632482],[-73.57857016,45.82128453]]]},"properties":{"ADAIDU":"24640001","IDUGD":"2021S051624640001","SUPTERRE":59.3105,"PRIDU":"24"},"bbox":[-73.65801112,45.71608132,-73.52606077,45.82128453]},{"type":"Feature","geometry":{"type":"Polygon","coordinates":[[[-73.69853347,45.8045374],[-73.74192517,45.80603646],[-73.74652725,45.80815299],[-73.74827632,45.81000253],[-73.75563639,45.81076979],[-73.75537821,45.81342912],[-73.76895966,45.81659028],[-73.770624,45.80989145],[-73.77663724,45.80982351],[-73.78043999,45.81570003],[-73.79727304,45.826807],[-73.80677512,45.82083972],[-73.82402253,45.81691513],[-73.79386514,45.7966105],[-73.7849067,45.79022363],[-73.77642032,45.78533661],[-73.74763545,45.76612379],[-73.73284737,45.76930045],[-73.7258819,45.76466009],[-73.72392947,45.76744772],[-73.7153713,45.76538634],[-73.71395982,45.76843306],[-73.71475185,45.76946904],[-73.71332121,45.77242636],[-73.70946138,45.77113351],[-73.70572671,45.778023],[-73.69989387,45.77649001],[-73.69844256,45.77822294],[-73.69634989,45.77755036],[-73.68731892,45.79476622],[-73.69002404,45.79441363],[-73.70088635,45.79742411],[-73.69853347,45.8045374]]]},"properties":{"ADAIDU":"24640002","IDUGD":"2021S051624640002","SUPTERRE":33.3273,"PRIDU":"24"},"bbox":[-73.82402253,45.76466009,-73.68731892,45.826807]},{"type":"Feature","geometry":{"type":"Polygon","coordinates":[[[-73.68731892,45.79476622],[-73.69634989,45.77755036],[-73.70105038,45.76863291],[-73.69919618,45.76759843],[-73.69036075,45.76496921],[-73.69948341,45.74700397],[-73.68313635,45.7362252],[-73.67489944,45.74100616],[-73.66603227,45.74925421],[-73.65907219,45.75265597],[-73.6563741,45.75346615],[-73.65309201,45.75290367],[-73.64762513,45.74950687],[-73.65119224,45.74704595],[-73.6463269,45.74376711],[-73.65018871,45.74153171],[-73.64781305,45.7391159],[-73.64784037,45.7362872],[-73.65121633,45.73239278],[-73.65510618,45.73115588],[-73.6498475,45.72755711],[-73.6437661,45.73194642],[-73.64012103,45.72938341],[-73.63709388,45.72838914],[-73.62382564,45.74495796],[-73.62278804,45.74567048],[-73.61734493,45.7529416],[-73.62511852,45.75469845],[-73.63326621,45.75781588],[-73.6359014,45.76075687],[-73.63837532,45.76222201],[-73.64417462,45.76311981],[-73.63575571,45.77775356],[-73.63483597,45.77881058],[-73.65634348,45.79380477],[-73.65801112,45.79403397],[-73.66048065,45.79202277],[-73.67052503,45.78673972],[-73.67076636,45.78764399],[-73.67752158,45.79029197],[-73.68556339,45.79290087],[-73.68731892,45.79476622]]]},"properties":{"ADAIDU":"24640004","IDUGD":"2021S051624640004","SUPTERRE":26.0882,"PRIDU":"24"},"bbox":[-73.70105038,45.72755711,-73.61734493,45.79476622]},{"type":"Feature","geometry":{"type":"Polygon","coordinates":[[[-73.7153713,45.76538634],[-73.71275351,45.76399766],[-73.70874461,45.7634262],[-73.69996858,45.76126708],[-73.70195522,45.75721956],[-73.70110483,45.75701402],[-73.7044382,45.75034077],[-73.69948341,45.74700397],[-73.69036075,45.76496921],[-73.69919618,45.76759843],[-73.70105038,45.76863291],[-73.69634989,45.77755036],[-73.69844256,45.77822294],[-73.69989387,45.77649001],[-73.70572671,45.778023],[-73.70946138,45.77113351],[-73.71332121,45.77242636],[-73.71475185,45.76946904],[-73.71395982,45.76843306],[-73.7153713,45.76538634]]]},"properties":{"ADAIDU":"24640006","IDUGD":"2021S051624640006","SUPTERRE":2.7414,"PRIDU":"24"},"bbox":[-73.7153713,45.74700397,-73.69036075,45.77822294]},{"type":"Feature","geometry":{"type":"Polygon","coordinates":[[[-73.60920851,45.74226245],[-73.61299895,45.73529379],[-73.62140448,45.72097162],[-73.58942303,45.71720265],[-73.58340077,45.71610827],[-73.58175111,45.71947741],[-73.58299161,45.7243715],[-73.58113358,45.7277381],[-73.5809964,45.73057251],[-73.57957469,45.73373191],[-73.5755935,45.7352013],[-73.57469609,45.7367226],[-73.57983889,45.73881569],[-73.57963499,45.7399945],[-73.5760866,45.73876419],[-73.57472531,45.73942201],[-73.5760773,45.7413646],[-73.57552889,45.74446031],[-73.57276461,45.74355329],[-73.5752505,45.7477268],[-73.57813292,45.7502263],[-73.5786456,45.74924521],[-73.59072561,45.74827349],[-73.595341,45.74907051],[-73.5970226,45.74785431],[-73.59455279,45.74660569],[-73.59677229,45.7442734],[-73.59907311,45.74454129],[-73.601057,45.74713099],[-73.60119262,45.74529882],[-73.60329769,45.7419609],[-73.60140465,45.74134746],[-73.60326205,45.74007992],[-73.60920851,45.74226245]]]},"properties":{"ADAIDU":"24640007","IDUGD":"2021S051624640007","SUPTERRE":8.6167,"PRIDU":"24"},"bbox":[-73.62140448,45.71610827,-73.57276461,45.7502263]},{"type":"Feature","geometry":{"type":"Polygon","coordinates":[[[-73.68313635,45.7362252],[-73.66920066,45.72677203],[-73.66577432,45.72659621],[-73.64962827,45.72468219],[-73.64111194,45.72335788],[-73.63709388,45.72838914],[-73.64012103,45.72938341],[-73.6437661,45.73194642],[-73.6498475,45.72755711],[-73.65510618,45.73115588],[-73.65121633,45.73239278],[-73.64784037,45.7362872],[-73.64781305,45.7391159],[-73.65018871,45.74153171],[-73.6463269,45.74376711],[-73.65119224,45.74704595],[-73.64762513,45.74950687],[-73.65309201,45.75290367],[-73.6563741,45.75346615],[-73.65907219,45.75265597],[-73.66603227,45.74925421],[-73.67489944,45.74100616],[-73.68313635,45.7362252]]]},"properties":{"ADAIDU":"24640008","IDUGD":"2021S051624640008","SUPTERRE":5.9912,"PRIDU":"24"},"bbox":[-73.68313635,45.72335788,-73.63709388,45.75346615]},{"type":"Feature","geometry":{"type":"Polygon","coordinates":[[[-73.58317391,45.71608132],[-73.58632721,45.7130854],[-73.58578339,45.71025139],[-73.58679459,45.70800111],[-73.58363169,45.70561001],[-73.5871985,45.7034477],[-73.58705231,45.70023551],[-73.59339499,45.69970858],[-73.5946392,45.6987808],[-73.5937995,45.6958122],[-73.5956607,45.6954597],[-73.60079908,45.696679],[-73.60752291,45.69428831],[-73.61232777,45.69452058],[-73.6113341,45.69307889],[-73.60578409,45.6913926],[-73.6011481,45.69086591],[-73.5956026,45.69146461],[-73.58165221,45.6956415],[-73.57572129,45.69668041],[-73.56391119,45.699549],[-73.56021429,45.7009097],[-73.55516829,45.70165909],[-73.5445596,45.6998101],[-73.54140059,45.69988331],[-73.53214301,45.7015689],[-73.52848271,45.70112],[-73.51653653,45.70391354],[-73.51840118,45.70491576],[-73.51896627,45.70727497],[-73.52228249,45.70747495],[-73.52263453,45.70873335],[-73.51840218,45.70985942],[-73.52267065,45.71007393],[-73.52058499,45.71140142],[-73.52229695,45.71321063],[-73.52239233,45.71703467],[-73.52358475,45.71529417],[-73.53539596,45.72511757],[-73.55195327,45.7206036],[-73.55284939,45.72110511],[-73.55303411,45.726189],[-73.55665788,45.72856912],[-73.55654835,45.727536],[-73.561833,45.72818515],[-73.5621182,45.72419212],[-73.56348881,45.72429164],[-73.56394025,45.72172731],[-73.57396977,45.72005542],[-73.57712924,45.72041465],[-73.57908604,45.71847583],[-73.58132661,45.71911781],[-73.58317391,45.71608132]]]},"properties":{"ADAIDU":"24640010","IDUGD":"2021S051624640010","SUPTERRE":13.4109,"PRIDU":"24"},"bbox":[-73.61232777,45.69086591,-73.51653653,45.72856912]},{"type":"Feature","geometry":{"type":"Polygon","coordinates":[[[-73.69948341,45.74700397],[-73.7044382,45.75034077],[-73.71504724,45.75743874],[-73.73069975,45.75431884],[-73.75046075,45.75009554],[-73.74750495,45.73853114],[-73.74533549,45.7323894],[-73.75094649,45.73275457],[-73.75197538,45.73068191],[-73.75754562,45.72971941],[-73.75860113,45.72631648],[-73.75568843,45.71711445],[-73.76103528,45.71419318],[-73.75623936,45.71308986],[-73.72215054,45.7146775],[-73.70373144,45.72088253],[-73.7009228,45.71919618],[-73.71180943,45.71356916],[-73.7114559,45.71100556],[-73.70535529,45.71105085],[-73.69155121,45.71384831],[-73.68933881,45.7129162],[-73.68377532,45.71236739],[-73.6792302,45.71325375],[-73.6782224,45.71407394],[-73.67765433,45.71784108],[-73.67488911,45.71782547],[-73.67485211,45.71992506],[-73.67766813,45.71992996],[-73.67763465,45.72396571],[-73.67638729,45.72541484],[-73.66875362,45.72647209],[-73.66920066,45.72677203],[-73.68313635,45.7362252],[-73.69948341,45.74700397]]]},"properties":{"ADAIDU":"24640011","IDUGD":"2021S051624640011","SUPTERRE":23.0497,"PRIDU":"24"},"bbox":[-73.76103528,45.71100556,-73.66875362,45.75743874]},{"type":"Feature","geometry":{"type":"Polygon","coordinates":[[[-73.58340077,45.71610827],[-73.58942303,45.71720265],[-73.62140448,45.72097162],[-73.63029081,45.70564487],[-73.62968055,45.70387706],[-73.62220806,45.70344019],[-73.62159793,45.6949375],[-73.61917682,45.69351565],[-73.61232777,45.69452058],[-73.60752291,45.69428831],[-73.60079908,45.696679],[-73.5956607,45.6954597],[-73.5937995,45.6958122],[-73.5946392,45.6987808],[-73.59339499,45.69970858],[-73.58705231,45.70023551],[-73.5871985,45.7034477],[-73.58363169,45.70561001],[-73.58679459,45.70800111],[-73.58578339,45.71025139],[-73.58632721,45.7130854],[-73.58317391,45.71608132],[-73.58340077,45.71610827]]]},"properties":{"ADAIDU":"24640012","IDUGD":"2021S051624640012","SUPTERRE":7.7294,"PRIDU":"24"},"bbox":[-73.63029081,45.69351565,-73.58317391,45.72097162]},{"type":"Feature","geometry":{"type":"Polygon","coordinates":[[[-73.66920066,45.72677203],[-73.66875362,45.72647209],[-73.64915948,45.71340034],[-73.65091361,45.71127718],[-73.64499684,45.71072032],[-73.64079254,45.70758753],[-73.63173602,45.70938706],[-73.63029081,45.70564487],[-73.62140448,45.72097162],[-73.64111194,45.72335788],[-73.64962827,45.72468219],[-73.66577432,45.72659621],[-73.66920066,45.72677203]]]},"properties":{"ADAIDU":"24640013","IDUGD":"2021S051624640013","SUPTERRE":3.9148,"PRIDU":"24"},"bbox":[-73.66920066,45.70564487,-73.62140448,45.72677203]},{"type":"Feature","geometry":{"type":"Polygon","coordinates":[[[-73.6782224,45.71407394],[-73.66938057,45.71433507],[-73.66204268,45.71342698],[-73.65371933,45.71332591],[-73.65197524,45.70953801],[-73.65091361,45.71127718],[-73.64915948,45.71340034],[-73.66875362,45.72647209],[-73.67638729,45.72541484],[-73.67763465,45.72396571],[-73.67766813,45.71992996],[-73.67485211,45.71992506],[-73.67488911,45.71782547],[-73.67765433,45.71784108],[-73.6782224,45.71407394]]]},"properties":{"ADAIDU":"24640014","IDUGD":"2021S051624640014","SUPTERRE":1.9903,"PRIDU":"24"},"bbox":[-73.6782224,45.70953801,-73.64915948,45.72647209]},{"type":"Feature","geometry":{"type":"MultiPolygon","coordinates":[[[[-73.64080539,45.6946481],[-73.63964448,45.692508],[-73.6376279,45.69218649],[-73.63864701,45.69413781],[-73.64080539,45.6946481]]],[[[-73.64540719,45.69655001],[-73.65051569,45.69579651],[-73.65671792,45.6913071],[-73.65558388,45.6897879],[-73.65136941,45.6886059],[-73.64627798,45.690754],[-73.6397826,45.69127511],[-73.6435761,45.69353779],[-73.64540719,45.69655001]]],[[[-73.63029081,45.70564487],[-73.63173602,45.70938706],[-73.64079254,45.70758753],[-73.64499684,45.71072032],[-73.65091361,45.71127718],[-73.65197524,45.70953801],[-73.65507069,45.70613823],[-73.65335941,45.70281252],[-73.6536141,45.69536955],[-73.64882621,45.69786831],[-73.64568091,45.69810631],[-73.64180091,45.69730131],[-73.64110289,45.6955296],[-73.63768362,45.69394099],[-73.63713979,45.69211509],[-73.6322181,45.6903663],[-73.62986899,45.6906029],[-73.62715148,45.6925405],[-73.623867,45.6936329],[-73.61917682,45.69351565],[-73.62159793,45.6949375],[-73.62220806,45.70344019],[-73.62968055,45.70387706],[-73.63029081,45.70564487]]]]},"properties":{"ADAIDU":"24640015","IDUGD":"2021S051624640015","SUPTERRE":4.4215,"PRIDU":"24"},"bbox":[-73.65671792,45.6886059,-73.61917682,45.71127718]},{"type":"Feature","geometry":{"type":"Polygon","coordinates":[[[-73.6792302,45.71325375],[-73.67996409,45.70942209],[-73.67789099,45.70776059],[-73.6764557,45.70470351],[-73.68118401,45.70139379],[-73.68462941,45.70257601],[-73.6865382,45.697327],[-73.68545048,45.6945663],[-73.67182571,45.69410181],[-73.6656969,45.69273409],[-73.65881249,45.691943],[-73.65633679,45.69279229],[-73.6536141,45.69536955],[-73.65335941,45.70281252],[-73.65507069,45.70613823],[-73.65197524,45.70953801],[-73.65371933,45.71332591],[-73.66204268,45.71342698],[-73.66938057,45.71433507],[-73.6782224,45.71407394],[-73.6792302,45.71325375]]]},"properties":{"ADAIDU":"24640016","IDUGD":"2021S051624640016","SUPTERRE":4.8992,"PRIDU":"24"},"bbox":[-73.6865382,45.691943,-73.65197524,45.71433507]},{"type":"Feature","geometry":{"type":"Polygon","coordinates":[[[-73.5294795,45.75423463],[-73.55518022,45.75464664],[-73.55665788,45.72856912],[-73.55303411,45.726189],[-73.55284939,45.72110511],[-73.55195327,45.7206036],[-73.53539596,45.72511757],[-73.52358475,45.71529417],[-73.52239233,45.71703467],[-73.52229695,45.71321063],[-73.52058499,45.71140142],[-73.52267065,45.71007393],[-73.51840218,45.70985942],[-73.52263453,45.70873335],[-73.52228249,45.70747495],[-73.51896627,45.70727497],[-73.51840118,45.70491576],[-73.51653653,45.70391354],[-73.50459768,45.70615341],[-73.49217781,45.71278481],[-73.48755538,45.71390031],[-73.48843892,45.71755736],[-73.49254771,45.72046429],[-73.49304038,45.71848744],[-73.49733435,45.72154159],[-73.49698708,45.7257126],[-73.50042398,45.72902368],[-73.50186918,45.7364759],[-73.51568131,45.74343331],[-73.51674149,45.74547752],[-73.51918958,45.74671912],[-73.52012083,45.74901596],[-73.5294795,45.75423463]]]},"properties":{"ADAIDU":"24640019","IDUGD":"2021S051624640019","SUPTERRE":16.9509,"PRIDU":"24"},"bbox":[-73.55665788,45.70391354,-73.48755538,45.75464664]},{"type":"Feature","geometry":{"type":"Polygon","coordinates":[[[-73.74763545,45.76612379],[-73.73069975,45.75431884],[-73.71504724,45.75743874],[-73.7044382,45.75034077],[-73.70110483,45.75701402],[-73.70195522,45.75721956],[-73.69996858,45.76126708],[-73.70874461,45.7634262],[-73.71275351,45.76399766],[-73.7153713,45.76538634],[-73.72392947,45.76744772],[-73.7258819,45.76466009],[-73.73284737,45.76930045],[-73.74763545,45.76612379]]]},"properties":{"ADAIDU":"24640020","IDUGD":"2021S051624640020","SUPTERRE":3.649,"PRIDU":"24"},"bbox":[-73.74763545,45.75034077,-73.69996858,45.76930045]},{"type":"Feature","geometry":{"type":"Polygon","coordinates":[[[-73.76103528,45.71419318],[-73.76476238,45.71277836],[-73.77101326,45.71285848],[-73.78610879,45.71576824],[-73.79254445,45.71580891],[-73.79394275,45.71737122],[-73.79753422,45.71640422],[-73.80168449,45.7195372],[-73.81742529,45.71952446],[-73.8352439,45.72172716],[-73.83923251,45.72269475],[-73.84200883,45.72182583],[-73.84646376,45.72176233],[-73.80621378,45.69551102],[-73.7889284,45.68398808],[-73.78338084,45.68032726],[-73.78070685,45.68073261],[-73.77728734,45.68308027],[-73.77759639,45.68557314],[-73.77234113,45.68181888],[-73.7670669,45.68580484],[-73.76124325,45.68167681],[-73.76055589,45.6865639],[-73.75746861,45.68994387],[-73.71180943,45.71356916],[-73.7009228,45.71919618],[-73.70373144,45.72088253],[-73.72215054,45.7146775],[-73.75623936,45.71308986],[-73.76103528,45.71419318]]]},"properties":{"ADAIDU":"24640021","IDUGD":"2021S051624640021","SUPTERRE":21.9627,"PRIDU":"24"},"bbox":[-73.84646376,45.68032726,-73.7009228,45.72269475]},{"type":"Feature","geometry":{"type":"MultiPolygon","coordinates":[[[[-73.74184071,45.67282929],[-73.73948279,45.6737251],[-73.73865691,45.67569749],[-73.74088651,45.674802],[-73.74184071,45.67282929]]],[[[-73.71180943,45.71356916],[-73.75746861,45.68994387],[-73.76055589,45.6865639],[-73.76124325,45.68167681],[-73.75823235,45.67978199],[-73.75661132,45.68071571],[-73.74641349,45.66999896],[-73.7425226,45.67320591],[-73.7411591,45.6754943],[-73.72769611,45.68227052],[-73.72568289,45.68282341],[-73.71861021,45.6830261],[-73.7115543,45.6808619],[-73.70373179,45.6831346],[-73.69827131,45.68545669],[-73.69623839,45.6878357],[-73.6957981,45.69043691],[-73.69193782,45.69172119],[-73.68790241,45.69440939],[-73.68545048,45.6945663],[-73.6865382,45.697327],[-73.68462941,45.70257601],[-73.68118401,45.70139379],[-73.6764557,45.70470351],[-73.67789099,45.70776059],[-73.67996409,45.70942209],[-73.6792302,45.71325375],[-73.68377532,45.71236739],[-73.68933881,45.7129162],[-73.69155121,45.71384831],[-73.70535529,45.71105085],[-73.7114559,45.71100556],[-73.71180943,45.71356916]]]]},"properties":{"ADAIDU":"24640022","IDUGD":"2021S051624640022","SUPTERRE":15.7113,"PRIDU":"24"},"bbox":[-73.76124325,45.66999896,-73.6764557,45.71384831]},{"type":"Feature","geometry":{"type":"Polygon","coordinates":[[[-73.6359014,45.76075687],[-73.63326621,45.75781588],[-73.62511852,45.75469845],[-73.61734493,45.7529416],[-73.62278804,45.74567048],[-73.62382564,45.74495796],[-73.63709388,45.72838914],[-73.64111194,45.72335788],[-73.62140448,45.72097162],[-73.61299895,45.73529379],[-73.60920851,45.74226245],[-73.60663344,45.74702976],[-73.60984049,45.74901388],[-73.61312747,45.74834764],[-73.61131074,45.75214461],[-73.60812025,45.75156486],[-73.60825936,45.75287512],[-73.61100912,45.75359542],[-73.60976172,45.75802205],[-73.61251228,45.75872603],[-73.59448606,45.77989902],[-73.59291183,45.78282794],[-73.596337,45.78263231],[-73.59764569,45.78084059],[-73.59539389,45.7801136],[-73.60094759,45.77911909],[-73.59950621,45.77852641],[-73.59945041,45.77607011],[-73.60483381,45.77368981],[-73.6055106,45.7712237],[-73.6096254,45.77137279],[-73.60698631,45.7696297],[-73.61200951,45.76764529],[-73.61196581,45.76508091],[-73.61544909,45.76472649],[-73.6184773,45.76803471],[-73.62068449,45.7660348],[-73.6233871,45.76730969],[-73.62599279,45.76539921],[-73.6250486,45.7629078],[-73.6270989,45.75997219],[-73.6359014,45.76075687]]]},"properties":{"ADAIDU":"24640023","IDUGD":"2021S051624640023","SUPTERRE":6.8868,"PRIDU":"24"},"bbox":[-73.64111194,45.72097162,-73.59291183,45.78282794]},{"type":"Feature","geometry":{"type":"MultiPolygon","coordinates":[[[[-73.6857514,45.68851911],[-73.68789929,45.6896314],[-73.6902471,45.68913261],[-73.6857514,45.68851911]]],[[[-73.5371225,45.6969694],[-73.53180732,45.6984376],[-73.5407312,45.69757101],[-73.5371225,45.6969694]]],[[[-73.5431465,45.68242621],[-73.5405932,45.68425381],[-73.54010752,45.68728639],[-73.54244341,45.6863767],[-73.5438021,45.68365879],[-73.5431465,45.68242621]]],[[[-73.5364843,45.6830855],[-73.53214751,45.68709089],[-73.53155879,45.69042039],[-73.53362561,45.68978991],[-73.5364843,45.6830855]]],[[[-73.6546698,45.6888893],[-73.657379,45.68894861],[-73.65897858,45.6871019],[-73.6583931,45.68434019],[-73.6558652,45.68475759],[-73.65217751,45.68830791],[-73.6546698,45.6888893]]],[[[-73.53708779,45.68340021],[-73.5356771,45.68556019],[-73.5351785,45.68896169],[-73.5389643,45.6865939],[-73.54077191,45.68302099],[-73.54385188,45.68165211],[-73.5445949,45.6796003],[-73.54123201,45.68024039],[-73.53753632,45.68216729],[-73.53708779,45.68340021]]],[[[-73.66726109,45.69197599],[-73.66971689,45.6931061],[-73.67928349,45.6934064],[-73.68561191,45.69290139],[-73.68899321,45.69040339],[-73.68441731,45.6888362],[-73.6815334,45.6863483],[-73.67546989,45.6851521],[-73.67000251,45.68569129],[-73.66415708,45.68867821],[-73.65886441,45.6876059],[-73.65747129,45.68984831],[-73.663884,45.69188191],[-73.66726109,45.69197599]]],[[[-73.5860309,45.6594527],[-73.58379391,45.6595033],[-73.57807359,45.66152299],[-73.57146982,45.66543249],[-73.56876571,45.6685656],[-73.56503181,45.6692606],[-73.55695188,45.6750508],[-73.55462951,45.6757988],[-73.5490366,45.6798234],[-73.54632091,45.68687909],[-73.54069981,45.6896977],[-73.53252439,45.69499119],[-73.52926428,45.69761051],[-73.53126781,45.6981139],[-73.5378798,45.69665419],[-73.5535483,45.6995813],[-73.55955721,45.69877749],[-73.57013471,45.69595511],[-73.5759745,45.6940168],[-73.58878371,45.6907682],[-73.59522521,45.6885225],[-73.60016652,45.6875644],[-73.60341532,45.6878854],[-73.61300022,45.6915387],[-73.61618559,45.6921653],[-73.6243258,45.69203981],[-73.6281694,45.68849031],[-73.6335349,45.68800719],[-73.6413828,45.68935651],[-73.64573518,45.689351],[-73.64934032,45.68840159],[-73.65532389,45.68402049],[-73.65812061,45.68330579],[-73.66038261,45.68422041],[-73.66344711,45.68732049],[-73.66616349,45.68550791],[-73.67022949,45.68432319],[-73.6773405,45.68397041],[-73.68536868,45.68537041],[-73.69073399,45.68263975],[-73.69126122,45.68194317],[-73.69020718,45.66255389],[-73.68567759,45.65311175],[-73.65897078,45.66320622],[-73.64958835,45.66609121],[-73.64586072,45.65287538],[-73.64529304,45.65286434],[-73.64355346,45.65283552],[-73.64122937,45.65609976],[-73.62391456,45.66284124],[-73.61708084,45.66517532],[-73.60837036,45.66900998],[-73.60121718,45.67172021],[-73.59209892,45.67436011],[-73.58393895,45.6775338],[-73.57408928,45.66847856],[-73.58892055,45.66057777],[-73.5860309,45.6594527]]]]},"properties":{"ADAIDU":"24650001","IDUGD":"2021S051624650001","SUPTERRE":33.8757,"PRIDU":"24"},"bbox":[-73.69126122,45.65283552,-73.52926428,45.6995813]},{"type":"Feature","geometry":{"type":"Polygon","coordinates":[[[-73.60121718,45.67172021],[-73.58892055,45.66057777],[-73.57408928,45.66847856],[-73.58393895,45.6775338],[-73.59209892,45.67436011],[-73.60121718,45.67172021]]]},"properties":{"ADAIDU":"24650002","IDUGD":"2021S051624650002","SUPTERRE":1.9973,"PRIDU":"24"},"bbox":[-73.60121718,45.66057777,-73.57408928,45.6775338]},{"type":"Feature","geometry":{"type":"MultiPolygon","coordinates":[[[[-73.71629138,45.68094301],[-73.72094961,45.68052021],[-73.72142101,45.6796104],[-73.7140659,45.67969641],[-73.71629138,45.68094301]]],[[[-73.68660531,45.68659209],[-73.69207809,45.6876629],[-73.6954845,45.68516449],[-73.70314711,45.6811651],[-73.69824259,45.6809847],[-73.6924732,45.68308211],[-73.68660531,45.68659209]]],[[[-73.69073399,45.68263975],[-73.69791928,45.6802924],[-73.70200109,45.6801953],[-73.70695209,45.67912459],[-73.707827,45.6796359],[-73.7153454,45.6786322],[-73.72601489,45.67917851],[-73.73454699,45.6751031],[-73.7335247,45.67311659],[-73.73975298,45.6678488],[-73.74467721,45.66692049],[-73.74885571,45.66280831],[-73.75083008,45.66186102],[-73.74914225,45.65798527],[-73.74634102,45.65586422],[-73.748303,45.65246339],[-73.74846908,45.65026028],[-73.75042266,45.64700406],[-73.75433061,45.64475765],[-73.75587256,45.64193236],[-73.75145878,45.62654349],[-73.75034257,45.62513887],[-73.74185253,45.62860984],[-73.73045726,45.63320387],[-73.72838707,45.63440694],[-73.70722626,45.64696681],[-73.69041911,45.6513508],[-73.68567759,45.65311175],[-73.69020718,45.66255389],[-73.69126122,45.68194317],[-73.69073399,45.68263975]]]]},"properties":{"ADAIDU":"24650003","IDUGD":"2021S051624650003","SUPTERRE":20.1642,"PRIDU":"24"},"bbox":[-73.75587256,45.62513887,-73.68567759,45.6876629]},{"type":"Feature","geometry":{"type":"Polygon","coordinates":[[[-73.58892055,45.66057777],[-73.60121718,45.67172021],[-73.60837036,45.66900998],[-73.61708084,45.66517532],[-73.62391456,45.66284124],[-73.64122937,45.65609976],[-73.64355346,45.65283552],[-73.64529304,45.65286434],[-73.64530365,45.65087129],[-73.6471751,45.64474146],[-73.64928198,45.64163172],[-73.64979947,45.63780691],[-73.64571528,45.6331997],[-73.64076271,45.62999089],[-73.64333133,45.62619343],[-73.63915498,45.62450117],[-73.63896642,45.62603919],[-73.63564338,45.63076731],[-73.6268731,45.637481],[-73.62515588,45.6382028],[-73.61411539,45.6464297],[-73.60628152,45.64891169],[-73.6014999,45.65107569],[-73.59991141,45.65250781],[-73.5860309,45.6594527],[-73.58892055,45.66057777]]]},"properties":{"ADAIDU":"24650004","IDUGD":"2021S051624650004","SUPTERRE":10.563,"PRIDU":"24"},"bbox":[-73.64979947,45.62450117,-73.5860309,45.67172021]},{"type":"Feature","geometry":{"type":"Polygon","coordinates":[[[-73.68567759,45.65311175],[-73.69041911,45.6513508],[-73.70722626,45.64696681],[-73.72838707,45.63440694],[-73.72469905,45.62978464],[-73.72564588,45.6275998],[-73.7217743,45.62474593],[-73.71948481,45.62532534],[-73.71825876,45.62398334],[-73.72127411,45.62342593],[-73.71864607,45.620668],[-73.71578448,45.62294044],[-73.70876413,45.61671967],[-73.70224312,45.61104012],[-73.69450007,45.60055122],[-73.67685218,45.60756394],[-73.66344735,45.61305845],[-73.66638045,45.61583426],[-73.66552317,45.61932235],[-73.66354572,45.62121736],[-73.64928198,45.64163172],[-73.6471751,45.64474146],[-73.64530365,45.65087129],[-73.64529304,45.65286434],[-73.64586072,45.65287538],[-73.64958835,45.66609121],[-73.65897078,45.66320622],[-73.68567759,45.65311175]]]},"properties":{"ADAIDU":"24650005","IDUGD":"2021S051624650005","SUPTERRE":24.9324,"PRIDU":"24"},"bbox":[-73.72838707,45.60055122,-73.64529304,45.66609121]},{"type":"Feature","geometry":{"type":"Polygon","coordinates":[[[-73.75083008,45.66186102],[-73.7538777,45.6581093],[-73.75935151,45.6541557],[-73.75956439,45.6530124],[-73.7642111,45.6506983],[-73.7683003,45.6472784],[-73.76652739,45.6467607],[-73.76750539,45.64467981],[-73.7691643,45.64553981],[-73.771286,45.64388809],[-73.77191991,45.6449843],[-73.7740583,45.64152389],[-73.77205711,45.6388562],[-73.77572781,45.63667889],[-73.77597349,45.6344557],[-73.7785562,45.63279381],[-73.7819027,45.6325876],[-73.78560261,45.6312467],[-73.78632361,45.62924719],[-73.78410998,45.62519459],[-73.78554299,45.62456119],[-73.78450529,45.62221521],[-73.7851335,45.61967611],[-73.78759791,45.61760931],[-73.78894159,45.61460949],[-73.7955446,45.61210911],[-73.7970653,45.60873981],[-73.79810451,45.60887211],[-73.7962914,45.61271011],[-73.80009682,45.6098207],[-73.79934149,45.60763609],[-73.80316458,45.6081209],[-73.80705828,45.60743561],[-73.80996839,45.60834854],[-73.8055186,45.60418591],[-73.80437857,45.60012796],[-73.80309903,45.6020246],[-73.79666219,45.60692232],[-73.7921978,45.61103706],[-73.7884108,45.6126042],[-73.78277147,45.61658653],[-73.7778006,45.62264023],[-73.77145577,45.62457295],[-73.76626977,45.62616095],[-73.76277465,45.62405176],[-73.75991812,45.6211981],[-73.75034257,45.62513887],[-73.75145878,45.62654349],[-73.75587256,45.64193236],[-73.75433061,45.64475765],[-73.75042266,45.64700406],[-73.74846908,45.65026028],[-73.748303,45.65246339],[-73.74634102,45.65586422],[-73.74914225,45.65798527],[-73.75083008,45.66186102]]]},"properties":{"ADAIDU":"24650006","IDUGD":"2021S051624650006","SUPTERRE":7.3559,"PRIDU":"24"},"bbox":[-73.80996839,45.60012796,-73.74634102,45.66186102]},{"type":"Feature","geometry":{"type":"Polygon","coordinates":[[[-73.64928198,45.64163172],[-73.66354572,45.62121736],[-73.66552317,45.61932235],[-73.66638045,45.61583426],[-73.66344735,45.61305845],[-73.65151711,45.60242885],[-73.64837614,45.60022909],[-73.6455757,45.6030945],[-73.64167691,45.61253851],[-73.64196321,45.61935891],[-73.6385241,45.6234753],[-73.63915498,45.62450117],[-73.64333133,45.62619343],[-73.64076271,45.62999089],[-73.64571528,45.6331997],[-73.64979947,45.63780691],[-73.64928198,45.64163172]]]},"properties":{"ADAIDU":"24650007","IDUGD":"2021S051624650007","SUPTERRE":5.1333,"PRIDU":"24"},"bbox":[-73.66638045,45.60022909,-73.6385241,45.64163172]},{"type":"Feature","geometry":{"type":"Polygon","coordinates":[[[-73.74185253,45.62860984],[-73.73762455,45.62462591],[-73.74060507,45.62199484],[-73.73816375,45.61962351],[-73.73482847,45.61961691],[-73.7319209,45.6182488],[-73.72900347,45.61943528],[-73.72723396,45.6175627],[-73.72846352,45.61594414],[-73.72657265,45.61493038],[-73.71864607,45.620668],[-73.72127411,45.62342593],[-73.71825876,45.62398334],[-73.71948481,45.62532534],[-73.7217743,45.62474593],[-73.72564588,45.6275998],[-73.72469905,45.62978464],[-73.72838707,45.63440694],[-73.73045726,45.63320387],[-73.74185253,45.62860984]]]},"properties":{"ADAIDU":"24650008","IDUGD":"2021S051624650008","SUPTERRE":2.0739,"PRIDU":"24"},"bbox":[-73.74185253,45.61493038,-73.71825876,45.63440694]},{"type":"Feature","geometry":{"type":"Polygon","coordinates":[[[-73.67685218,45.60756394],[-73.66850385,45.59977126],[-73.6577489,45.58999271],[-73.6577226,45.58996905],[-73.65637443,45.5887563],[-73.65625678,45.58890967],[-73.65755139,45.59020201],[-73.6536583,45.59605621],[-73.64837614,45.60022909],[-73.65151711,45.60242885],[-73.66344735,45.61305845],[-73.67685218,45.60756394]]]},"properties":{"ADAIDU":"24650009","IDUGD":"2021S051624650009","SUPTERRE":2.5684,"PRIDU":"24"},"bbox":[-73.67685218,45.5887563,-73.64837614,45.61305845]},{"type":"Feature","geometry":{"type":"Polygon","coordinates":[[[-73.75034257,45.62513887],[-73.73719074,45.61272508],[-73.73506304,45.6092289],[-73.72657265,45.61493038],[-73.72846352,45.61594414],[-73.72723396,45.6175627],[-73.72900347,45.61943528],[-73.7319209,45.6182488],[-73.73482847,45.61961691],[-73.73816375,45.61962351],[-73.74060507,45.62199484],[-73.73762455,45.62462591],[-73.74185253,45.62860984],[-73.75034257,45.62513887]]]},"properties":{"ADAIDU":"24650010","IDUGD":"2021S051624650010","SUPTERRE":1.4115,"PRIDU":"24"},"bbox":[-73.75034257,45.6092289,-73.72657265,45.62860984]},{"type":"Feature","geometry":{"type":"Polygon","coordinates":[[[-73.71864607,45.620668],[-73.72657265,45.61493038],[-73.73506304,45.6092289],[-73.72849467,45.60309634],[-73.72452013,45.60616631],[-73.71905854,45.6087091],[-73.71507003,45.61071789],[-73.70876413,45.61671967],[-73.71578448,45.62294044],[-73.71864607,45.620668]]]},"properties":{"ADAIDU":"24650011","IDUGD":"2021S051624650011","SUPTERRE":1.8983,"PRIDU":"24"},"bbox":[-73.73506304,45.60309634,-73.70876413,45.62294044]},{"type":"Feature","geometry":{"type":"Polygon","coordinates":[[[-73.75991812,45.6211981],[-73.74155452,45.60268859],[-73.73787549,45.60737224],[-73.73506304,45.6092289],[-73.73719074,45.61272508],[-73.75034257,45.62513887],[-73.75991812,45.6211981]]]},"properties":{"ADAIDU":"24650012","IDUGD":"2021S051624650012","SUPTERRE":2.0048,"PRIDU":"24"},"bbox":[-73.75991812,45.60268859,-73.73506304,45.62513887]},{"type":"Feature","geometry":{"type":"Polygon","coordinates":[[[-73.70876413,45.61671967],[-73.71507003,45.61071789],[-73.71905854,45.6087091],[-73.70746202,45.59789443],[-73.71134022,45.59489857],[-73.71654435,45.59256237],[-73.71579934,45.59191345],[-73.71315119,45.58885563],[-73.70524123,45.58184333],[-73.70240955,45.58371822],[-73.69866818,45.58822489],[-73.69505009,45.59129344],[-73.69026035,45.59466438],[-73.69450007,45.60055122],[-73.70224312,45.61104012],[-73.70876413,45.61671967]]]},"properties":{"ADAIDU":"24650013","IDUGD":"2021S051624650013","SUPTERRE":4.1091,"PRIDU":"24"},"bbox":[-73.71905854,45.58184333,-73.69026035,45.61671967]},{"type":"Feature","geometry":{"type":"Polygon","coordinates":[[[-73.77145577,45.62457295],[-73.77088532,45.62302122],[-73.77444551,45.62098094],[-73.77799343,45.6178158],[-73.77695716,45.61387346],[-73.77940813,45.61219287],[-73.77340379,45.61279185],[-73.77176306,45.60630993],[-73.77461081,45.60339789],[-73.77289507,45.59769896],[-73.77263807,45.59413888],[-73.77130592,45.58897081],[-73.76847184,45.58453621],[-73.75263718,45.59401488],[-73.74335102,45.5993497],[-73.74114549,45.6022762],[-73.74155452,45.60268859],[-73.75991812,45.6211981],[-73.76277465,45.62405176],[-73.76626977,45.62616095],[-73.77145577,45.62457295]]]},"properties":{"ADAIDU":"24650014","IDUGD":"2021S051624650014","SUPTERRE":7.1247,"PRIDU":"24"},"bbox":[-73.77940813,45.58453621,-73.74114549,45.62616095]},{"type":"Feature","geometry":{"type":"Polygon","coordinates":[[[-73.69450007,45.60055122],[-73.69026035,45.59466438],[-73.68398635,45.58848522],[-73.67745752,45.59257444],[-73.67787921,45.59464068],[-73.66850385,45.59977126],[-73.67685218,45.60756394],[-73.69450007,45.60055122]]]},"properties":{"ADAIDU":"24650015","IDUGD":"2021S051624650015","SUPTERRE":2.1947,"PRIDU":"24"},"bbox":[-73.69450007,45.58848522,-73.66850385,45.60756394]},{"type":"Feature","geometry":{"type":"Polygon","coordinates":[[[-73.7921978,45.61103706],[-73.78843804,45.59815834],[-73.77618771,45.60176748],[-73.77461081,45.60339789],[-73.77176306,45.60630993],[-73.77340379,45.61279185],[-73.77940813,45.61219287],[-73.77695716,45.61387346],[-73.77799343,45.6178158],[-73.77444551,45.62098094],[-73.77088532,45.62302122],[-73.77145577,45.62457295],[-73.7778006,45.62264023],[-73.78277147,45.61658653],[-73.7884108,45.6126042],[-73.7921978,45.61103706]]]},"properties":{"ADAIDU":"24650016","IDUGD":"2021S051624650016","SUPTERRE":2.4339,"PRIDU":"24"},"bbox":[-73.7921978,45.59815834,-73.77088532,45.62457295]},{"type":"Feature","geometry":{"type":"MultiPolygon","coordinates":[[[[-73.6577226,45.58996905],[-73.6565434,45.58853606],[-73.65637443,45.5887563],[-73.6577226,45.58996905]]],[[[-73.66850385,45.59977126],[-73.67787921,45.59464068],[-73.67745752,45.59257444],[-73.68398635,45.58848522],[-73.68133746,45.5861603],[-73.67424911,45.58295563],[-73.66831561,45.57761161],[-73.6671346,45.58046121],[-73.6601614,45.58865069],[-73.6577489,45.58999271],[-73.66850385,45.59977126]]]]},"properties":{"ADAIDU":"24650017","IDUGD":"2021S051624650017","SUPTERRE":2.3966,"PRIDU":"24"},"bbox":[-73.68398635,45.57761161,-73.65637443,45.59977126]},{"type":"Feature","geometry":{"type":"Polygon","coordinates":[[[-73.73506304,45.6092289],[-73.73787549,45.60737224],[-73.74155452,45.60268859],[-73.74114549,45.6022762],[-73.72730442,45.58826705],[-73.72344683,45.58905275],[-73.71579934,45.59191345],[-73.71654435,45.59256237],[-73.71134022,45.59489857],[-73.70746202,45.59789443],[-73.71905854,45.6087091],[-73.72452013,45.60616631],[-73.72849467,45.60309634],[-73.73506304,45.6092289]]]},"properties":{"ADAIDU":"24650018","IDUGD":"2021S051624650018","SUPTERRE":3.5076,"PRIDU":"24"},"bbox":[-73.74155452,45.58826705,-73.70746202,45.6092289]},{"type":"Feature","geometry":{"type":"Polygon","coordinates":[[[-73.69505009,45.59129344],[-73.68021285,45.57795307],[-73.6723536,45.57082672],[-73.67121748,45.57040887],[-73.6697525,45.57317769],[-73.67027168,45.57538161],[-73.66831561,45.57761161],[-73.67424911,45.58295563],[-73.68133746,45.5861603],[-73.68398635,45.58848522],[-73.69026035,45.59466438],[-73.69505009,45.59129344]]]},"properties":{"ADAIDU":"24650019","IDUGD":"2021S051624650019","SUPTERRE":1.6333,"PRIDU":"24"},"bbox":[-73.69505009,45.57040887,-73.66831561,45.59466438]},{"type":"Feature","geometry":{"type":"Polygon","coordinates":[[[-73.76847184,45.58453621],[-73.7747573,45.58079099],[-73.7692884,45.5800622],[-73.76277453,45.58134293],[-73.75687439,45.58064886],[-73.75402936,45.57896667],[-73.73171515,45.55808563],[-73.72693441,45.56043672],[-73.72424922,45.5642006],[-73.716705,45.56663563],[-73.71290979,45.56638973],[-73.72000802,45.58054074],[-73.72730442,45.58826705],[-73.74114549,45.6022762],[-73.74335102,45.5993497],[-73.75263718,45.59401488],[-73.76847184,45.58453621]]]},"properties":{"ADAIDU":"24650020","IDUGD":"2021S051624650020","SUPTERRE":9.6388,"PRIDU":"24"},"bbox":[-73.7747573,45.55808563,-73.71290979,45.6022762]},{"type":"Feature","geometry":{"type":"Polygon","coordinates":[[[-73.70524123,45.58184333],[-73.69616193,45.57402899],[-73.69203144,45.57035837],[-73.68426926,45.57483166],[-73.68021285,45.57795307],[-73.69505009,45.59129344],[-73.69866818,45.58822489],[-73.70240955,45.58371822],[-73.70524123,45.58184333]]]},"properties":{"ADAIDU":"24650021","IDUGD":"2021S051624650021","SUPTERRE":2.2276,"PRIDU":"24"},"bbox":[-73.70524123,45.57035837,-73.68021285,45.59129344]},{"type":"Feature","geometry":{"type":"Polygon","coordinates":[[[-73.80437857,45.60012796],[-73.80287179,45.59461364],[-73.79921527,45.59106295],[-73.78715178,45.58597989],[-73.78586192,45.58893811],[-73.78843804,45.59815834],[-73.7921978,45.61103706],[-73.79666219,45.60692232],[-73.80309903,45.6020246],[-73.80437857,45.60012796]]]},"properties":{"ADAIDU":"24650022","IDUGD":"2021S051624650022","SUPTERRE":2.2524,"PRIDU":"24"},"bbox":[-73.80437857,45.58597989,-73.78586192,45.61103706]},{"type":"Feature","geometry":{"type":"Polygon","coordinates":[[[-73.71579934,45.59191345],[-73.72344683,45.58905275],[-73.72730442,45.58826705],[-73.72000802,45.58054074],[-73.71290979,45.56638973],[-73.71284538,45.56638556],[-73.70653941,45.5692713],[-73.70111114,45.57071348],[-73.69616193,45.57402899],[-73.70524123,45.58184333],[-73.71315119,45.58885563],[-73.71579934,45.59191345]]]},"properties":{"ADAIDU":"24650023","IDUGD":"2021S051624650023","SUPTERRE":2.9988,"PRIDU":"24"},"bbox":[-73.72730442,45.56638556,-73.69616193,45.59191345]},{"type":"Feature","geometry":{"type":"Polygon","coordinates":[[[-73.77461081,45.60339789],[-73.77618771,45.60176748],[-73.78843804,45.59815834],[-73.78586192,45.58893811],[-73.78715178,45.58597989],[-73.7747573,45.58079099],[-73.76847184,45.58453621],[-73.77130592,45.58897081],[-73.77263807,45.59413888],[-73.77289507,45.59769896],[-73.77461081,45.60339789]]]},"properties":{"ADAIDU":"24650024","IDUGD":"2021S051624650024","SUPTERRE":2.3698,"PRIDU":"24"},"bbox":[-73.78843804,45.58079099,-73.76847184,45.60339789]},{"type":"Feature","geometry":{"type":"MultiPolygon","coordinates":[[[[-73.81841511,45.60257251],[-73.81765731,45.6045632],[-73.819825,45.60477311],[-73.81841511,45.60257251]]],[[[-73.81278391,45.6019132],[-73.8112127,45.6028982],[-73.81214559,45.6047044],[-73.81501479,45.6019791],[-73.81278391,45.6019132]]],[[[-73.81117851,45.6083154],[-73.81656881,45.60704971],[-73.8167938,45.60373779],[-73.81575491,45.60365071],[-73.81117851,45.6083154]]],[[[-73.80996839,45.60834854],[-73.80803959,45.60637119],[-73.8097534,45.60562869],[-73.81043872,45.6020455],[-73.8162658,45.6010487],[-73.82208538,45.60326411],[-73.82288109,45.60789601],[-73.82551859,45.60507199],[-73.82466821,45.6043186],[-73.82498861,45.59986351],[-73.82358569,45.5966281],[-73.82632048,45.59523459],[-73.825983,45.5922931],[-73.82796201,45.59317831],[-73.83003191,45.59207449],[-73.83058521,45.58806869],[-73.8285568,45.58528499],[-73.8303959,45.58420899],[-73.82922379,45.5809999],[-73.83218338,45.5787597],[-73.83514165,45.57862077],[-73.82393108,45.56844374],[-73.81983775,45.57204361],[-73.8151231,45.57439452],[-73.81069181,45.5765878],[-73.81638333,45.58239451],[-73.80317015,45.59403103],[-73.79920669,45.59061401],[-73.78742123,45.58566722],[-73.78715178,45.58597989],[-73.79921527,45.59106295],[-73.80287179,45.59461364],[-73.80437857,45.60012796],[-73.8055186,45.60418591],[-73.80996839,45.60834854]]]]},"properties":{"ADAIDU":"24650025","IDUGD":"2021S051624650025","SUPTERRE":5.6465,"PRIDU":"24"},"bbox":[-73.83514165,45.56844374,-73.78715178,45.60834854]},{"type":"Feature","geometry":{"type":"Polygon","coordinates":[[[-73.68021285,45.57795307],[-73.68426926,45.57483166],[-73.69203144,45.57035837],[-73.68159054,45.56106219],[-73.67736403,45.55785768],[-73.67270699,45.56314919],[-73.67102559,45.56629209],[-73.67540981,45.56311801],[-73.6752376,45.56536789],[-73.67277139,45.56745029],[-73.67121748,45.57040887],[-73.6723536,45.57082672],[-73.68021285,45.57795307]]]},"properties":{"ADAIDU":"24650026","IDUGD":"2021S051624650026","SUPTERRE":1.8524,"PRIDU":"24"},"bbox":[-73.69203144,45.55785768,-73.67102559,45.57795307]},{"type":"Feature","geometry":{"type":"Polygon","coordinates":[[[-73.69616193,45.57402899],[-73.70111114,45.57071348],[-73.70653941,45.5692713],[-73.71284538,45.56638556],[-73.71014163,45.56085875],[-73.69807964,45.56702319],[-73.69203144,45.57035837],[-73.69616193,45.57402899]]]},"properties":{"ADAIDU":"24650027","IDUGD":"2021S051624650027","SUPTERRE":0.9182,"PRIDU":"24"},"bbox":[-73.71284538,45.56085875,-73.69203144,45.57402899]},{"type":"Feature","geometry":{"type":"Polygon","coordinates":[[[-73.81069181,45.5765878],[-73.80318914,45.57958818],[-73.79848465,45.57901659],[-73.79503503,45.58143709],[-73.78947367,45.58269943],[-73.78742123,45.58566722],[-73.79920669,45.59061401],[-73.80317015,45.59403103],[-73.81638333,45.58239451],[-73.81069181,45.5765878]]]},"properties":{"ADAIDU":"24650028","IDUGD":"2021S051624650028","SUPTERRE":2.1486,"PRIDU":"24"},"bbox":[-73.81638333,45.5765878,-73.78742123,45.59403103]},{"type":"Feature","geometry":{"type":"Polygon","coordinates":[[[-73.69203144,45.57035837],[-73.69807964,45.56702319],[-73.6975186,45.5659389],[-73.69919644,45.56075654],[-73.69642115,45.55758677],[-73.69311629,45.55867492],[-73.68488986,45.55934361],[-73.68159054,45.56106219],[-73.69203144,45.57035837]]]},"properties":{"ADAIDU":"24650029","IDUGD":"2021S051624650029","SUPTERRE":1.1271,"PRIDU":"24"},"bbox":[-73.69919644,45.55758677,-73.68159054,45.57035837]},{"type":"Feature","geometry":{"type":"Polygon","coordinates":[[[-73.7747573,45.58079099],[-73.77476609,45.58041081],[-73.78637153,45.57329135],[-73.77547119,45.5630583],[-73.77132029,45.56084383],[-73.76683327,45.56218024],[-73.7612086,45.5650306],[-73.74794055,45.55308097],[-73.74586252,45.55148103],[-73.74124887,45.55468709],[-73.73649822,45.55565706],[-73.73171515,45.55808563],[-73.75402936,45.57896667],[-73.75687439,45.58064886],[-73.76277453,45.58134293],[-73.7692884,45.5800622],[-73.7747573,45.58079099]]]},"properties":{"ADAIDU":"24650030","IDUGD":"2021S051624650030","SUPTERRE":6.7529,"PRIDU":"24"},"bbox":[-73.78637153,45.55148103,-73.73171515,45.58134293]},{"type":"Feature","geometry":{"type":"Polygon","coordinates":[[[-73.78715178,45.58597989],[-73.78742123,45.58566722],[-73.78947367,45.58269943],[-73.79503503,45.58143709],[-73.79848465,45.57901659],[-73.80318914,45.57958818],[-73.81069181,45.5765878],[-73.8151231,45.57439452],[-73.80566713,45.56491424],[-73.80438267,45.56320022],[-73.78637153,45.57329135],[-73.77476609,45.58041081],[-73.7747573,45.58079099],[-73.78715178,45.58597989]]]},"properties":{"ADAIDU":"24650031","IDUGD":"2021S051624650031","SUPTERRE":3.437,"PRIDU":"24"},"bbox":[-73.8151231,45.56320022,-73.7747573,45.58597989]},{"type":"Feature","geometry":{"type":"Polygon","coordinates":[[[-73.71014163,45.56085875],[-73.70845731,45.55785995],[-73.70445404,45.55352297],[-73.69642115,45.55758677],[-73.69919644,45.56075654],[-73.6975186,45.5659389],[-73.69807964,45.56702319],[-73.71014163,45.56085875]]]},"properties":{"ADAIDU":"24650032","IDUGD":"2021S051624650032","SUPTERRE":0.8264,"PRIDU":"24"},"bbox":[-73.71014163,45.55352297,-73.69642115,45.56702319]},{"type":"Feature","geometry":{"type":"Polygon","coordinates":[[[-73.73171515,45.55808563],[-73.73649822,45.55565706],[-73.74124887,45.55468709],[-73.73864018,45.55275192],[-73.73224861,45.55029357],[-73.73131414,45.54920803],[-73.73001356,45.54841507],[-73.72163219,45.53982285],[-73.72165133,45.53877659],[-73.71658111,45.5395977],[-73.71307881,45.541233],[-73.70724739,45.54683169],[-73.69980162,45.5489956],[-73.69726018,45.55102471],[-73.69005119,45.55148671],[-73.68634009,45.5524557],[-73.67912831,45.5561475],[-73.67736403,45.55785768],[-73.68159054,45.56106219],[-73.68488986,45.55934361],[-73.69311629,45.55867492],[-73.69642115,45.55758677],[-73.70445404,45.55352297],[-73.71075726,45.55049665],[-73.71706765,45.55689524],[-73.7177591,45.55684171],[-73.72262057,45.56182014],[-73.72693441,45.56043672],[-73.73171515,45.55808563]]]},"properties":{"ADAIDU":"24650033","IDUGD":"2021S051624650033","SUPTERRE":4.9017,"PRIDU":"24"},"bbox":[-73.74124887,45.53877659,-73.67736403,45.56182014]},{"type":"Feature","geometry":{"type":"Polygon","coordinates":[[[-73.72693441,45.56043672],[-73.72262057,45.56182014],[-73.7177591,45.55684171],[-73.71706765,45.55689524],[-73.71075726,45.55049665],[-73.70445404,45.55352297],[-73.70845731,45.55785995],[-73.71014163,45.56085875],[-73.71284538,45.56638556],[-73.71290979,45.56638973],[-73.716705,45.56663563],[-73.72424922,45.5642006],[-73.72693441,45.56043672]]]},"properties":{"ADAIDU":"24650034","IDUGD":"2021S051624650034","SUPTERRE":1.3547,"PRIDU":"24"},"bbox":[-73.72693441,45.55049665,-73.70445404,45.56663563]},{"type":"Feature","geometry":{"type":"Polygon","coordinates":[[[-73.78637153,45.57329135],[-73.80438267,45.56320022],[-73.80576129,45.56124842],[-73.80121814,45.55723197],[-73.79947025,45.55724654],[-73.80878211,45.55450431],[-73.80313405,45.54930601],[-73.79701648,45.5436741],[-73.7888715,45.54802235],[-73.76928772,45.55938427],[-73.77132029,45.56084383],[-73.77547119,45.5630583],[-73.78637153,45.57329135]]]},"properties":{"ADAIDU":"24650035","IDUGD":"2021S051624650035","SUPTERRE":5.0705,"PRIDU":"24"},"bbox":[-73.80878211,45.5436741,-73.76928772,45.57329135]},{"type":"Feature","geometry":{"type":"Polygon","coordinates":[[[-73.83514165,45.57862077],[-73.84521869,45.57717441],[-73.83667776,45.56855689],[-73.83473615,45.56929961],[-73.83165735,45.56621857],[-73.83110243,45.56422162],[-73.82897506,45.56363392],[-73.83193678,45.56146933],[-73.81916213,45.5489126],[-73.81563599,45.5454004],[-73.80822959,45.5443507],[-73.80734679,45.54707415],[-73.80313405,45.54930601],[-73.80878211,45.55450431],[-73.79947025,45.55724654],[-73.80121814,45.55723197],[-73.80576129,45.56124842],[-73.80438267,45.56320022],[-73.80566713,45.56491424],[-73.8151231,45.57439452],[-73.81983775,45.57204361],[-73.82393108,45.56844374],[-73.83514165,45.57862077]]]},"properties":{"ADAIDU":"24650036","IDUGD":"2021S051624650036","SUPTERRE":5.5501,"PRIDU":"24"},"bbox":[-73.84521869,45.5443507,-73.79947025,45.57862077]},{"type":"Feature","geometry":{"type":"Polygon","coordinates":[[[-73.77132029,45.56084383],[-73.76928772,45.55938427],[-73.76474063,45.55526228],[-73.75968708,45.55178523],[-73.75721811,45.5490418],[-73.74586252,45.55148103],[-73.74794055,45.55308097],[-73.7612086,45.5650306],[-73.76683327,45.56218024],[-73.77132029,45.56084383]]]},"properties":{"ADAIDU":"24650037","IDUGD":"2021S051624650037","SUPTERRE":1.55,"PRIDU":"24"},"bbox":[-73.77132029,45.5490418,-73.74586252,45.5650306]},{"type":"Feature","geometry":{"type":"Polygon","coordinates":[[[-73.84521869,45.57717441],[-73.8514284,45.57238539],[-73.85026752,45.57113819],[-73.85017029,45.567863],[-73.8518566,45.5670931],[-73.84833736,45.56294479],[-73.84254458,45.55744905],[-73.83193678,45.56146933],[-73.82897506,45.56363392],[-73.83110243,45.56422162],[-73.83165735,45.56621857],[-73.83473615,45.56929961],[-73.83667776,45.56855689],[-73.84521869,45.57717441]]]},"properties":{"ADAIDU":"24650038","IDUGD":"2021S051624650038","SUPTERRE":2.0442,"PRIDU":"24"},"bbox":[-73.8518566,45.55744905,-73.82897506,45.57717441]},{"type":"Feature","geometry":{"type":"Polygon","coordinates":[[[-73.74586252,45.55148103],[-73.75721811,45.5490418],[-73.74844093,45.54105806],[-73.73892041,45.54411625],[-73.73549075,45.54558831],[-73.73364705,45.54814667],[-73.73131414,45.54920803],[-73.73224861,45.55029357],[-73.73864018,45.55275192],[-73.74124887,45.55468709],[-73.74586252,45.55148103]]]},"properties":{"ADAIDU":"24650039","IDUGD":"2021S051624650039","SUPTERRE":1.5277,"PRIDU":"24"},"bbox":[-73.75721811,45.54105806,-73.73131414,45.55468709]},{"type":"Feature","geometry":{"type":"Polygon","coordinates":[[[-73.79701648,45.5436741],[-73.79247723,45.53948491],[-73.78068623,45.54554831],[-73.77712891,45.54690398],[-73.77137562,45.54784017],[-73.7623671,45.55053826],[-73.75968708,45.55178523],[-73.76474063,45.55526228],[-73.76928772,45.55938427],[-73.7888715,45.54802235],[-73.79701648,45.5436741]]]},"properties":{"ADAIDU":"24650040","IDUGD":"2021S051624650040","SUPTERRE":2.1584,"PRIDU":"24"},"bbox":[-73.79701648,45.53948491,-73.75968708,45.55938427]},{"type":"Feature","geometry":{"type":"Polygon","coordinates":[[[-73.73131414,45.54920803],[-73.73364705,45.54814667],[-73.73549075,45.54558831],[-73.73892041,45.54411625],[-73.73283536,45.53797305],[-73.72898958,45.5338271],[-73.7245003,45.5378187],[-73.72165133,45.53877659],[-73.72163219,45.53982285],[-73.73001356,45.54841507],[-73.73131414,45.54920803]]]},"properties":{"ADAIDU":"24650041","IDUGD":"2021S051624650041","SUPTERRE":1.1259,"PRIDU":"24"},"bbox":[-73.73892041,45.5338271,-73.72163219,45.54920803]},{"type":"Feature","geometry":{"type":"Polygon","coordinates":[[[-73.83193678,45.56146933],[-73.84254458,45.55744905],[-73.84833736,45.56294479],[-73.8518566,45.5670931],[-73.85344611,45.56723209],[-73.858277,45.5653994],[-73.8590459,45.56341729],[-73.86475681,45.56106869],[-73.86838481,45.55847434],[-73.86608278,45.55634927],[-73.85163352,45.54302672],[-73.84929513,45.54287885],[-73.84131497,45.54007838],[-73.83781966,45.54062793],[-73.82822925,45.54448774],[-73.81916213,45.5489126],[-73.83193678,45.56146933]]]},"properties":{"ADAIDU":"24650042","IDUGD":"2021S051624650042","SUPTERRE":6.115,"PRIDU":"24"},"bbox":[-73.86838481,45.54007838,-73.81916213,45.56723209]},{"type":"Feature","geometry":{"type":"Polygon","coordinates":[[[-73.75968708,45.55178523],[-73.7623671,45.55053826],[-73.77137562,45.54784017],[-73.77712891,45.54690398],[-73.78068623,45.54554831],[-73.79247723,45.53948491],[-73.78382975,45.5309478],[-73.77835492,45.53219677],[-73.77865882,45.53308692],[-73.77546938,45.53542158],[-73.770797,45.53775166],[-73.76532703,45.54212509],[-73.76063384,45.54713448],[-73.75721811,45.5490418],[-73.75968708,45.55178523]]]},"properties":{"ADAIDU":"24650043","IDUGD":"2021S051624650043","SUPTERRE":2.6496,"PRIDU":"24"},"bbox":[-73.79247723,45.5309478,-73.75721811,45.55178523]},{"type":"Feature","geometry":{"type":"Polygon","coordinates":[[[-73.75721811,45.5490418],[-73.76063384,45.54713448],[-73.76532703,45.54212509],[-73.770797,45.53775166],[-73.77546938,45.53542158],[-73.77865882,45.53308692],[-73.77835492,45.53219677],[-73.77230188,45.53332899],[-73.76502289,45.53628679],[-73.75180722,45.53900987],[-73.74844093,45.54105806],[-73.75721811,45.5490418]]]},"properties":{"ADAIDU":"24650044","IDUGD":"2021S051624650044","SUPTERRE":1.4949,"PRIDU":"24"},"bbox":[-73.77865882,45.53219677,-73.74844093,45.5490418]},{"type":"Feature","geometry":{"type":"Polygon","coordinates":[[[-73.74844093,45.54105806],[-73.75180722,45.53900987],[-73.76502289,45.53628679],[-73.76447455,45.53346523],[-73.75946473,45.52822172],[-73.75555344,45.5295901],[-73.75007033,45.53367944],[-73.74386082,45.53729942],[-73.74083628,45.53725098],[-73.73665146,45.5383854],[-73.73283536,45.53797305],[-73.73892041,45.54411625],[-73.74844093,45.54105806]]]},"properties":{"ADAIDU":"24650045","IDUGD":"2021S051624650045","SUPTERRE":1.6511,"PRIDU":"24"},"bbox":[-73.76502289,45.52822172,-73.73283536,45.54411625]},{"type":"Feature","geometry":{"type":"MultiPolygon","coordinates":[[[[-73.75391689,45.5246825],[-73.75508149,45.5245899],[-73.7575381,45.52150689],[-73.75564439,45.52167319],[-73.75379549,45.52045351],[-73.75391689,45.5246825]]],[[[-73.74628289,45.52368229],[-73.74657158,45.5253104],[-73.75020371,45.52449271],[-73.75203721,45.52513651],[-73.75354122,45.52368449],[-73.75282441,45.52084261],[-73.74917849,45.5213365],[-73.74628289,45.52368229]]],[[[-73.73283536,45.53797305],[-73.73665146,45.5383854],[-73.74083628,45.53725098],[-73.74386082,45.53729942],[-73.75007033,45.53367944],[-73.75555344,45.5295901],[-73.75946473,45.52822172],[-73.76150073,45.52610692],[-73.75718404,45.52307305],[-73.75547921,45.524778],[-73.75209112,45.52573929],[-73.74865829,45.52529699],[-73.7433142,45.52989759],[-73.73815388,45.532734],[-73.72898958,45.5338271],[-73.73283536,45.53797305]]]]},"properties":{"ADAIDU":"24650046","IDUGD":"2021S051624650046","SUPTERRE":1.9043,"PRIDU":"24"},"bbox":[-73.76150073,45.52045351,-73.72898958,45.5383854]},{"type":"Feature","geometry":{"type":"Polygon","coordinates":[[[-73.80313405,45.54930601],[-73.80734679,45.54707415],[-73.80822959,45.5443507],[-73.81563599,45.5454004],[-73.81916213,45.5489126],[-73.82822925,45.54448774],[-73.83781966,45.54062793],[-73.84131497,45.54007838],[-73.84929513,45.54287885],[-73.854657,45.54093533],[-73.85861605,45.53754217],[-73.86109239,45.53415491],[-73.8595142,45.53361237],[-73.84783859,45.52217651],[-73.84349942,45.52012899],[-73.83292531,45.5199533],[-73.8285121,45.52046999],[-73.82202092,45.51796899],[-73.81725337,45.51821271],[-73.82129781,45.52227399],[-73.82621688,45.5270841],[-73.82380993,45.52817255],[-73.81269051,45.53152395],[-73.80394931,45.53354338],[-73.79890723,45.53570916],[-73.79247723,45.53948491],[-73.79701648,45.5436741],[-73.80313405,45.54930601]]]},"properties":{"ADAIDU":"24650047","IDUGD":"2021S051624650047","SUPTERRE":9.5705,"PRIDU":"24"},"bbox":[-73.86109239,45.51796899,-73.79247723,45.54930601]},{"type":"Feature","geometry":{"type":"MultiPolygon","coordinates":[[[[-73.8865673,45.52678509],[-73.88941151,45.52522781],[-73.88728649,45.52339039],[-73.88543802,45.5245034],[-73.8865673,45.52678509]]],[[[-73.85072191,45.51649861],[-73.85274919,45.51728431],[-73.85497549,45.5151088],[-73.854149,45.51395059],[-73.85072191,45.51649861]]],[[[-73.85034621,45.5219439],[-73.8611282,45.52052451],[-73.8618082,45.5187677],[-73.8566073,45.5161025],[-73.85183711,45.51880791],[-73.84830629,45.517046],[-73.8470346,45.52047831],[-73.85034621,45.5219439]]],[[[-73.85163352,45.54302672],[-73.86068938,45.53899871],[-73.868555,45.53718296],[-73.87590262,45.53407439],[-73.87796385,45.53626223],[-73.87028261,45.55283451],[-73.86608278,45.55634927],[-73.86838481,45.55847434],[-73.87028091,45.55764051],[-73.87615331,45.55853921],[-73.87820339,45.55670569],[-73.88091912,45.55864939],[-73.8831826,45.55620319],[-73.87814521,45.5556712],[-73.8797808,45.5531912],[-73.87972791,45.5510497],[-73.88125669,45.5479672],[-73.87953581,45.54722601],[-73.87850179,45.5439181],[-73.8812003,45.54150659],[-73.88157649,45.53841879],[-73.87841841,45.5352979],[-73.87945241,45.53293691],[-73.88258179,45.53184659],[-73.88504209,45.52840099],[-73.88573012,45.5260502],[-73.88050261,45.5234941],[-73.87842731,45.52135939],[-73.87334022,45.5205753],[-73.86306219,45.52070741],[-73.85933118,45.521745],[-73.85428849,45.5218777],[-73.85157921,45.5226239],[-73.84783859,45.52217651],[-73.8595142,45.53361237],[-73.86109239,45.53415491],[-73.85861605,45.53754217],[-73.854657,45.54093533],[-73.84929513,45.54287885],[-73.85163352,45.54302672]]]]},"properties":{"ADAIDU":"24650048","IDUGD":"2021S051624650048","SUPTERRE":5.8863,"PRIDU":"24"},"bbox":[-73.88941151,45.51395059,-73.8470346,45.55864939]},{"type":"Feature","geometry":{"type":"Polygon","coordinates":[[[-73.78382975,45.5309478],[-73.76631648,45.51327587],[-73.7613892,45.5155592],[-73.75702832,45.51917749],[-73.75539299,45.5198741],[-73.75602651,45.5212674],[-73.75771621,45.5212635],[-73.75859069,45.5221525],[-73.75718404,45.52307305],[-73.76150073,45.52610692],[-73.75946473,45.52822172],[-73.76447455,45.53346523],[-73.76502289,45.53628679],[-73.77230188,45.53332899],[-73.77835492,45.53219677],[-73.78382975,45.5309478]]]},"properties":{"ADAIDU":"24650049","IDUGD":"2021S051624650049","SUPTERRE":2.747,"PRIDU":"24"},"bbox":[-73.78382975,45.51327587,-73.75539299,45.53628679]},{"type":"Feature","geometry":{"type":"Polygon","coordinates":[[[-73.86608278,45.55634927],[-73.87028261,45.55283451],[-73.87796385,45.53626223],[-73.87590262,45.53407439],[-73.868555,45.53718296],[-73.86068938,45.53899871],[-73.85163352,45.54302672],[-73.86608278,45.55634927]]]},"properties":{"ADAIDU":"24650050","IDUGD":"2021S051624650050","SUPTERRE":2.4811,"PRIDU":"24"},"bbox":[-73.87796385,45.53407439,-73.85163352,45.55634927]},{"type":"Feature","geometry":{"type":"Polygon","coordinates":[[[-73.79247723,45.53948491],[-73.79890723,45.53570916],[-73.80394931,45.53354338],[-73.81269051,45.53152395],[-73.82380993,45.52817255],[-73.82621688,45.5270841],[-73.82129781,45.52227399],[-73.81391279,45.5256951],[-73.81015756,45.5265269],[-73.80622601,45.52557198],[-73.80091309,45.52240605],[-73.79916608,45.52368483],[-73.78382975,45.5309478],[-73.79247723,45.53948491]]]},"properties":{"ADAIDU":"24650051","IDUGD":"2021S051624650051","SUPTERRE":2.756,"PRIDU":"24"},"bbox":[-73.82621688,45.52227399,-73.78382975,45.53948491]},{"type":"Feature","geometry":{"type":"Polygon","coordinates":[[[-73.81725337,45.51821271],[-73.81046958,45.5192787],[-73.80506878,45.5170617],[-73.802509,45.51708641],[-73.79638121,45.5152579],[-73.7911204,45.51520841],[-73.78658171,45.51622771],[-73.7814512,45.51405381],[-73.77652801,45.5149657],[-73.76719891,45.51262131],[-73.76631648,45.51327587],[-73.78382975,45.5309478],[-73.79916608,45.52368483],[-73.80091309,45.52240605],[-73.80622601,45.52557198],[-73.81015756,45.5265269],[-73.81391279,45.5256951],[-73.82129781,45.52227399],[-73.81725337,45.51821271]]]},"properties":{"ADAIDU":"24650052","IDUGD":"2021S051624650052","SUPTERRE":4.0215,"PRIDU":"24"},"bbox":[-73.82129781,45.51262131,-73.76631648,45.5309478]},{"type":"Feature","geometry":{"type":"Polygon","coordinates":[[[-73.48971783,45.68243193],[-73.48770059,45.6875177],[-73.48201159,45.692439],[-73.47708981,45.70285791],[-73.48351607,45.70167396],[-73.4842033,45.69838878],[-73.49012029,45.69765963],[-73.49475184,45.69531083],[-73.49661222,45.69315221],[-73.50049328,45.6824667],[-73.49343816,45.68294887],[-73.48971783,45.68243193]]]},"properties":{"ADAIDU":"24660001","IDUGD":"2021S051624660001","SUPTERRE":1.8741,"PRIDU":"24"},"bbox":[-73.50049328,45.68243193,-73.47708981,45.70285791]},{"type":"Feature","geometry":{"type":"MultiPolygon","coordinates":[[[[-73.49265421,45.70362479],[-73.4990368,45.7023382],[-73.499923,45.6998638],[-73.49812519,45.69946779],[-73.49233331,45.70248201],[-73.49265421,45.70362479]]],[[[-73.48351607,45.70167396],[-73.48858378,45.7005111],[-73.4952874,45.6981361],[-73.50160509,45.6968764],[-73.5023499,45.6993149],[-73.506395,45.69960271],[-73.5169754,45.6968662],[-73.52063431,45.69496699],[-73.5271406,45.68720921],[-73.5278587,45.68551741],[-73.53404331,45.6800628],[-73.53649282,45.6764268],[-73.54548651,45.67110571],[-73.55049179,45.6707886],[-73.55568629,45.66710601],[-73.5605953,45.66452954],[-73.55569494,45.66687335],[-73.55478147,45.66565897],[-73.55595611,45.66331219],[-73.55269086,45.66596334],[-73.55081754,45.66370902],[-73.5485071,45.66362814],[-73.54678822,45.66148459],[-73.54935195,45.65958356],[-73.54680666,45.65907037],[-73.54566522,45.65719372],[-73.53440325,45.66390272],[-73.52844924,45.65608333],[-73.51852311,45.66113376],[-73.51922091,45.67187189],[-73.50293712,45.67541216],[-73.50049328,45.6824667],[-73.49661222,45.69315221],[-73.49475184,45.69531083],[-73.49012029,45.69765963],[-73.4842033,45.69838878],[-73.48351607,45.70167396]]]]},"properties":{"ADAIDU":"24660002","IDUGD":"2021S051624660002","SUPTERRE":10.3552,"PRIDU":"24"},"bbox":[-73.5605953,45.65608333,-73.48351607,45.70362479]},{"type":"Feature","geometry":{"type":"Polygon","coordinates":[[[-73.50049328,45.6824667],[-73.50293712,45.67541216],[-73.51922091,45.67187189],[-73.51852311,45.66113376],[-73.52844924,45.65608333],[-73.54532512,45.64808403],[-73.54254127,45.64721946],[-73.52211957,45.63801207],[-73.51617705,45.63684125],[-73.51377218,45.6438168],[-73.51064763,45.65283998],[-73.50872202,45.65842421],[-73.50407805,45.67213981],[-73.49128896,45.67027974],[-73.48971783,45.68243193],[-73.49343816,45.68294887],[-73.50049328,45.6824667]]]},"properties":{"ADAIDU":"24660003","IDUGD":"2021S051624660003","SUPTERRE":6.7689,"PRIDU":"24"},"bbox":[-73.54532512,45.63684125,-73.48971783,45.68294887]},{"type":"Feature","geometry":{"type":"Polygon","coordinates":[[[-73.50872202,45.65842421],[-73.48847213,45.65546485],[-73.4919661,45.66609351],[-73.49128896,45.67027974],[-73.50407805,45.67213981],[-73.50872202,45.65842421]]]},"properties":{"ADAIDU":"24660004","IDUGD":"2021S051624660004","SUPTERRE":1.9668,"PRIDU":"24"},"bbox":[-73.50872202,45.65546485,-73.48847213,45.67213981]},{"type":"Feature","geometry":{"type":"Polygon","coordinates":[[[-73.51064763,45.65283998],[-73.4949018,45.65041691],[-73.48720478,45.64897854],[-73.4864261,45.64918541],[-73.48847213,45.65546485],[-73.50872202,45.65842421],[-73.51064763,45.65283998]]]},"properties":{"ADAIDU":"24660005","IDUGD":"2021S051624660005","SUPTERRE":1.1604,"PRIDU":"24"},"bbox":[-73.51064763,45.64897854,-73.4864261,45.65842421]},{"type":"Feature","geometry":{"type":"Polygon","coordinates":[[[-73.5605953,45.66452954],[-73.56672931,45.66132331],[-73.57138689,45.6608615],[-73.57067152,45.65959893],[-73.55393388,45.64351566],[-73.54532512,45.64808403],[-73.52844924,45.65608333],[-73.53440325,45.66390272],[-73.54566522,45.65719372],[-73.54680666,45.65907037],[-73.54935195,45.65958356],[-73.54678822,45.66148459],[-73.5485071,45.66362814],[-73.55081754,45.66370902],[-73.55269086,45.66596334],[-73.55595611,45.66331219],[-73.55478147,45.66565897],[-73.55569494,45.66687335],[-73.5605953,45.66452954]]]},"properties":{"ADAIDU":"24660006","IDUGD":"2021S051624660006","SUPTERRE":4.186,"PRIDU":"24"},"bbox":[-73.57138689,45.64351566,-73.52844924,45.66687335]},{"type":"Feature","geometry":{"type":"Polygon","coordinates":[[[-73.51377218,45.6438168],[-73.48730772,45.63950845],[-73.48826171,45.64447949],[-73.48720478,45.64897854],[-73.4949018,45.65041691],[-73.51064763,45.65283998],[-73.51377218,45.6438168]]]},"properties":{"ADAIDU":"24660007","IDUGD":"2021S051624660007","SUPTERRE":2.0384,"PRIDU":"24"},"bbox":[-73.51377218,45.63950845,-73.48720478,45.65283998]},{"type":"Feature","geometry":{"type":"Polygon","coordinates":[[[-73.57138689,45.6608615],[-73.57906668,45.65595239],[-73.58360829,45.65352141],[-73.57314771,45.64397646],[-73.56509788,45.63622162],[-73.55393388,45.64351566],[-73.57067152,45.65959893],[-73.57138689,45.6608615]]]},"properties":{"ADAIDU":"24660008","IDUGD":"2021S051624660008","SUPTERRE":2.8281,"PRIDU":"24"},"bbox":[-73.58360829,45.63622162,-73.55393388,45.6608615]},{"type":"Feature","geometry":{"type":"Polygon","coordinates":[[[-73.51617705,45.63684125],[-73.49192058,45.63283265],[-73.49170132,45.63442879],[-73.48730772,45.63950845],[-73.51377218,45.6438168],[-73.51617705,45.63684125]]]},"properties":{"ADAIDU":"24660009","IDUGD":"2021S051624660009","SUPTERRE":1.6025,"PRIDU":"24"},"bbox":[-73.51617705,45.63283265,-73.48730772,45.6438168]},{"type":"Feature","geometry":{"type":"Polygon","coordinates":[[[-73.54532512,45.64808403],[-73.55393388,45.64351566],[-73.56509788,45.63622162],[-73.56759293,45.63459537],[-73.54817712,45.62552049],[-73.53617388,45.6200375],[-73.53724356,45.61588496],[-73.52495854,45.61374794],[-73.51653054,45.61231222],[-73.50741528,45.61074032],[-73.506449,45.6109526],[-73.50429548,45.6165315],[-73.49982041,45.6222545],[-73.50100031,45.62296539],[-73.4986534,45.62552091],[-73.4966016,45.6259797],[-73.49489552,45.62983089],[-73.49046185,45.63255884],[-73.49064751,45.63259353],[-73.49192058,45.63283265],[-73.51617705,45.63684125],[-73.52211957,45.63801207],[-73.54254127,45.64721946],[-73.54532512,45.64808403]]]},"properties":{"ADAIDU":"24660010","IDUGD":"2021S051624660010","SUPTERRE":12.1514,"PRIDU":"24"},"bbox":[-73.56759293,45.61074032,-73.49046185,45.64808403]},{"type":"Feature","geometry":{"type":"Polygon","coordinates":[[[-73.58360829,45.65352141],[-73.58945122,45.65036589],[-73.5991313,45.64331437],[-73.59681596,45.6384505],[-73.58596021,45.64405724],[-73.58023133,45.63859475],[-73.57314771,45.64397646],[-73.58360829,45.65352141]]]},"properties":{"ADAIDU":"24660011","IDUGD":"2021S051624660011","SUPTERRE":1.7048,"PRIDU":"24"},"bbox":[-73.5991313,45.6384505,-73.57314771,45.65352141]},{"type":"Feature","geometry":{"type":"Polygon","coordinates":[[[-73.57314771,45.64397646],[-73.58023133,45.63859475],[-73.58947571,45.63156086],[-73.58938678,45.63147985],[-73.58143622,45.62531667],[-73.56759293,45.63459537],[-73.56509788,45.63622162],[-73.57314771,45.64397646]]]},"properties":{"ADAIDU":"24660012","IDUGD":"2021S051624660012","SUPTERRE":1.7995,"PRIDU":"24"},"bbox":[-73.58947571,45.62531667,-73.56509788,45.64397646]},{"type":"Feature","geometry":{"type":"MultiPolygon","coordinates":[[[[-73.6045392,45.64340651],[-73.60264499,45.64581969],[-73.6071425,45.6429362],[-73.60419081,45.642309],[-73.6006926,45.64448069],[-73.6045392,45.64340651]]],[[[-73.5991313,45.64331437],[-73.6007643,45.64156519],[-73.6065707,45.63775629],[-73.60351048,45.63499749],[-73.59692812,45.62899728],[-73.59553799,45.62709694],[-73.58938678,45.63147985],[-73.58947571,45.63156086],[-73.59681596,45.6384505],[-73.5991313,45.64331437]]]]},"properties":{"ADAIDU":"24660013","IDUGD":"2021S051624660013","SUPTERRE":1.0664,"PRIDU":"24"},"bbox":[-73.6071425,45.62709694,-73.58938678,45.64581969]},{"type":"Feature","geometry":{"type":"Polygon","coordinates":[[[-73.59681596,45.6384505],[-73.58947571,45.63156086],[-73.58023133,45.63859475],[-73.58596021,45.64405724],[-73.59681596,45.6384505]]]},"properties":{"ADAIDU":"24660014","IDUGD":"2021S051624660014","SUPTERRE":0.896,"PRIDU":"24"},"bbox":[-73.59681596,45.63156086,-73.58023133,45.64405724]},{"type":"Feature","geometry":{"type":"Polygon","coordinates":[[[-73.56759293,45.63459537],[-73.58143622,45.62531667],[-73.59384366,45.61684541],[-73.6000131,45.61331782],[-73.60256803,45.61278619],[-73.60342472,45.61130772],[-73.59343401,45.60687876],[-73.58524149,45.60346715],[-73.57719524,45.5998896],[-73.57084877,45.60715616],[-73.56626702,45.60398179],[-73.5652751,45.60509826],[-73.56368193,45.6078344],[-73.55852946,45.61372668],[-73.54817712,45.62552049],[-73.56759293,45.63459537]]]},"properties":{"ADAIDU":"24660015","IDUGD":"2021S051624660015","SUPTERRE":7.8917,"PRIDU":"24"},"bbox":[-73.60342472,45.5998896,-73.54817712,45.63459537]},{"type":"Feature","geometry":{"type":"MultiPolygon","coordinates":[[[[-73.6120984,45.63860329],[-73.61605821,45.6367007],[-73.61632399,45.63495481],[-73.6120984,45.63860329]]],[[[-73.61119411,45.6353738],[-73.60847968,45.63785091],[-73.61154431,45.63732611],[-73.61406789,45.6356949],[-73.61119411,45.6353738]]],[[[-73.6065707,45.63775629],[-73.61189671,45.6339424],[-73.6206635,45.62987664],[-73.61972819,45.62893958],[-73.61275538,45.6231935],[-73.6063644,45.61737468],[-73.60256803,45.61278619],[-73.6000131,45.61331782],[-73.59384366,45.61684541],[-73.60926309,45.63135664],[-73.60351048,45.63499749],[-73.6065707,45.63775629]]]]},"properties":{"ADAIDU":"24660016","IDUGD":"2021S051624660016","SUPTERRE":2.2018,"PRIDU":"24"},"bbox":[-73.6206635,45.61278619,-73.59384366,45.63860329]},{"type":"Feature","geometry":{"type":"Polygon","coordinates":[[[-73.54817712,45.62552049],[-73.55852946,45.61372668],[-73.55075991,45.61035691],[-73.54154857,45.60647406],[-73.54126026,45.60678683],[-73.54153703,45.60855963],[-73.54120973,45.60950369],[-73.54540134,45.61081258],[-73.54653273,45.61276084],[-73.54411143,45.61508131],[-73.53794581,45.61402413],[-73.53724356,45.61588496],[-73.53617388,45.6200375],[-73.54817712,45.62552049]]]},"properties":{"ADAIDU":"24660017","IDUGD":"2021S051624660017","SUPTERRE":1.7872,"PRIDU":"24"},"bbox":[-73.55852946,45.60647406,-73.53617388,45.62552049]},{"type":"Feature","geometry":{"type":"Polygon","coordinates":[[[-73.58938678,45.63147985],[-73.59553799,45.62709694],[-73.59692812,45.62899728],[-73.60351048,45.63499749],[-73.60926309,45.63135664],[-73.59384366,45.61684541],[-73.58143622,45.62531667],[-73.58938678,45.63147985]]]},"properties":{"ADAIDU":"24660018","IDUGD":"2021S051624660018","SUPTERRE":1.8431,"PRIDU":"24"},"bbox":[-73.60926309,45.61684541,-73.58143622,45.63499749]},{"type":"Feature","geometry":{"type":"Polygon","coordinates":[[[-73.51653054,45.61231222],[-73.52151698,45.60276314],[-73.51736322,45.6015421],[-73.5191548,45.59793786],[-73.51950862,45.59722157],[-73.51137266,45.59479672],[-73.50787294,45.59478202],[-73.50915221,45.59842671],[-73.50930691,45.6035378],[-73.50741528,45.61074032],[-73.51653054,45.61231222]]]},"properties":{"ADAIDU":"24660019","IDUGD":"2021S051624660019","SUPTERRE":1.4152,"PRIDU":"24"},"bbox":[-73.52151698,45.59478202,-73.50741528,45.61231222]},{"type":"Feature","geometry":{"type":"Polygon","coordinates":[[[-73.6206635,45.62987664],[-73.6235923,45.6271817],[-73.63348638,45.61958084],[-73.61983747,45.60665109],[-73.6126948,45.60905619],[-73.61625563,45.61237377],[-73.62198077,45.61772174],[-73.62808566,45.62321555],[-73.61972819,45.62893958],[-73.6206635,45.62987664]]]},"properties":{"ADAIDU":"24660020","IDUGD":"2021S051624660020","SUPTERRE":1.2458,"PRIDU":"24"},"bbox":[-73.63348638,45.60665109,-73.6126948,45.62987664]},{"type":"Feature","geometry":{"type":"Polygon","coordinates":[[[-73.52495854,45.61374794],[-73.52972392,45.60519153],[-73.53181301,45.60170083],[-73.5191548,45.59793786],[-73.51736322,45.6015421],[-73.52151698,45.60276314],[-73.51653054,45.61231222],[-73.52495854,45.61374794]]]},"properties":{"ADAIDU":"24660021","IDUGD":"2021S051624660021","SUPTERRE":1.1868,"PRIDU":"24"},"bbox":[-73.53181301,45.59793786,-73.51653054,45.61374794]},{"type":"Feature","geometry":{"type":"Polygon","coordinates":[[[-73.61972819,45.62893958],[-73.62808566,45.62321555],[-73.62198077,45.61772174],[-73.61693849,45.62034555],[-73.61275538,45.6231935],[-73.61972819,45.62893958]]]},"properties":{"ADAIDU":"24660023","IDUGD":"2021S051624660023","SUPTERRE":0.7449,"PRIDU":"24"},"bbox":[-73.62808566,45.61772174,-73.61275538,45.62893958]},{"type":"Feature","geometry":{"type":"Polygon","coordinates":[[[-73.5652751,45.60509826],[-73.55540918,45.60009608],[-73.55410112,45.60195965],[-73.55243057,45.6080072],[-73.55075991,45.61035691],[-73.55852946,45.61372668],[-73.56368193,45.6078344],[-73.5652751,45.60509826]]]},"properties":{"ADAIDU":"24660024","IDUGD":"2021S051624660024","SUPTERRE":0.9578,"PRIDU":"24"},"bbox":[-73.5652751,45.60009608,-73.55075991,45.61372668]},{"type":"Feature","geometry":{"type":"Polygon","coordinates":[[[-73.54126026,45.60678683],[-73.53767759,45.60525408],[-73.53694815,45.60247981],[-73.54218832,45.60412889],[-73.54294667,45.60280129],[-73.54022546,45.60203745],[-73.54067455,45.60079748],[-73.54448514,45.60185079],[-73.54393923,45.59824719],[-73.54537096,45.59569595],[-73.54166128,45.59423897],[-73.5368462,45.59327863],[-73.53181301,45.60170083],[-73.52972392,45.60519153],[-73.53425703,45.60576042],[-73.54153703,45.60855963],[-73.54126026,45.60678683]]]},"properties":{"ADAIDU":"24660025","IDUGD":"2021S051624660025","SUPTERRE":1.0442,"PRIDU":"24"},"bbox":[-73.54537096,45.59327863,-73.52972392,45.60855963]},{"type":"Feature","geometry":{"type":"Polygon","coordinates":[[[-73.55075991,45.61035691],[-73.55243057,45.6080072],[-73.55410112,45.60195965],[-73.55540918,45.60009608],[-73.54537096,45.59569595],[-73.54393923,45.59824719],[-73.54448514,45.60185079],[-73.54067455,45.60079748],[-73.54022546,45.60203745],[-73.54294667,45.60280129],[-73.54218832,45.60412889],[-73.53694815,45.60247981],[-73.53767759,45.60525408],[-73.54126026,45.60678683],[-73.54154857,45.60647406],[-73.55075991,45.61035691]]]},"properties":{"ADAIDU":"24660026","IDUGD":"2021S051624660026","SUPTERRE":1.172,"PRIDU":"24"},"bbox":[-73.55540918,45.59569595,-73.53694815,45.61035691]},{"type":"Feature","geometry":{"type":"Polygon","coordinates":[[[-73.61275538,45.6231935],[-73.61693849,45.62034555],[-73.62198077,45.61772174],[-73.61625563,45.61237377],[-73.6063644,45.61737468],[-73.61275538,45.6231935]]]},"properties":{"ADAIDU":"24660027","IDUGD":"2021S051624660027","SUPTERRE":0.7279,"PRIDU":"24"},"bbox":[-73.62198077,45.61237377,-73.6063644,45.6231935]},{"type":"Feature","geometry":{"type":"Polygon","coordinates":[[[-73.63348638,45.61958084],[-73.63711849,45.61299887],[-73.63626151,45.61344561],[-73.62664257,45.60436345],[-73.61983747,45.60665109],[-73.63348638,45.61958084]]]},"properties":{"ADAIDU":"24660028","IDUGD":"2021S051624660028","SUPTERRE":0.9046,"PRIDU":"24"},"bbox":[-73.63711849,45.60436345,-73.61983747,45.61958084]},{"type":"Feature","geometry":{"type":"Polygon","coordinates":[[[-73.60256803,45.61278619],[-73.6063644,45.61737468],[-73.61625563,45.61237377],[-73.6126948,45.60905619],[-73.61983747,45.60665109],[-73.61711129,45.60411206],[-73.62952827,45.59765666],[-73.62773448,45.59596283],[-73.62308907,45.59161093],[-73.62246984,45.59234565],[-73.61459236,45.6017254],[-73.61035719,45.60685036],[-73.60591776,45.61092463],[-73.60342472,45.61130772],[-73.60256803,45.61278619]]]},"properties":{"ADAIDU":"24660029","IDUGD":"2021S051624660029","SUPTERRE":1.6379,"PRIDU":"24"},"bbox":[-73.62952827,45.59161093,-73.60256803,45.61737468]},{"type":"Feature","geometry":{"type":"Polygon","coordinates":[[[-73.5191548,45.59793786],[-73.53181301,45.60170083],[-73.5368462,45.59327863],[-73.52840239,45.59149712],[-73.52593561,45.59020664],[-73.52354875,45.58891792],[-73.51950862,45.59722157],[-73.5191548,45.59793786]]]},"properties":{"ADAIDU":"24660030","IDUGD":"2021S051624660030","SUPTERRE":1.0901,"PRIDU":"24"},"bbox":[-73.5368462,45.58891792,-73.5191548,45.60170083]},{"type":"Feature","geometry":{"type":"Polygon","coordinates":[[[-73.51950862,45.59722157],[-73.52354875,45.58891792],[-73.5176469,45.58792922],[-73.50551139,45.58493383],[-73.50412671,45.58777299],[-73.50556248,45.5920652],[-73.50688249,45.59184021],[-73.50787294,45.59478202],[-73.51137266,45.59479672],[-73.51950862,45.59722157]]]},"properties":{"ADAIDU":"24660031","IDUGD":"2021S051624660031","SUPTERRE":1.2672,"PRIDU":"24"},"bbox":[-73.52354875,45.58493383,-73.50412671,45.59722157]},{"type":"Feature","geometry":{"type":"Polygon","coordinates":[[[-73.57719524,45.5998896],[-73.57253269,45.59768886],[-73.56985096,45.59670775],[-73.5695682,45.59715914],[-73.55752346,45.59316195],[-73.55183463,45.59088658],[-73.548934,45.59004798],[-73.54674343,45.59375083],[-73.54738819,45.59552888],[-73.54537096,45.59569595],[-73.55540918,45.60009608],[-73.5652751,45.60509826],[-73.56626702,45.60398179],[-73.57084877,45.60715616],[-73.57719524,45.5998896]]]},"properties":{"ADAIDU":"24660032","IDUGD":"2021S051624660032","SUPTERRE":1.9277,"PRIDU":"24"},"bbox":[-73.57719524,45.59004798,-73.54537096,45.60715616]},{"type":"Feature","geometry":{"type":"Polygon","coordinates":[[[-73.60342472,45.61130772],[-73.60591776,45.61092463],[-73.61035719,45.60685036],[-73.61459236,45.6017254],[-73.6110293,45.59814754],[-73.60212396,45.59341483],[-73.59695106,45.58745995],[-73.59245015,45.59206838],[-73.59473212,45.59529245],[-73.59967487,45.59798322],[-73.59752193,45.60166627],[-73.60057251,45.60349065],[-73.59343401,45.60687876],[-73.60342472,45.61130772]]]},"properties":{"ADAIDU":"24660033","IDUGD":"2021S051624660033","SUPTERRE":2.1655,"PRIDU":"24"},"bbox":[-73.61459236,45.58745995,-73.59245015,45.61130772]},{"type":"Feature","geometry":{"type":"Polygon","coordinates":[[[-73.59343401,45.60687876],[-73.60057251,45.60349065],[-73.59752193,45.60166627],[-73.59967487,45.59798322],[-73.59473212,45.59529245],[-73.59245015,45.59206838],[-73.58761608,45.5970992],[-73.59008734,45.59822204],[-73.58524149,45.60346715],[-73.59343401,45.60687876]]]},"properties":{"ADAIDU":"24660034","IDUGD":"2021S051624660034","SUPTERRE":1.0307,"PRIDU":"24"},"bbox":[-73.60057251,45.59206838,-73.58524149,45.60687876]},{"type":"Feature","geometry":{"type":"Polygon","coordinates":[[[-73.54537096,45.59569595],[-73.54738819,45.59552888],[-73.54674343,45.59375083],[-73.548934,45.59004798],[-73.55183463,45.59088658],[-73.55807661,45.58136545],[-73.5462146,45.57743418],[-73.54303347,45.58276757],[-73.5368462,45.59327863],[-73.54166128,45.59423897],[-73.54537096,45.59569595]]]},"properties":{"ADAIDU":"24660035","IDUGD":"2021S051624660035","SUPTERRE":1.6918,"PRIDU":"24"},"bbox":[-73.55807661,45.57743418,-73.5368462,45.59569595]},{"type":"Feature","geometry":{"type":"Polygon","coordinates":[[[-73.58524149,45.60346715],[-73.59008734,45.59822204],[-73.58761608,45.5970992],[-73.59245015,45.59206838],[-73.59695106,45.58745995],[-73.60117,45.58586565],[-73.60490259,45.58443241],[-73.60301955,45.58247019],[-73.6005135,45.58264486],[-73.5921346,45.57869524],[-73.58884111,45.58236006],[-73.58058268,45.59154892],[-73.57816212,45.59347777],[-73.57253269,45.59768886],[-73.57719524,45.5998896],[-73.58524149,45.60346715]]]},"properties":{"ADAIDU":"24660036","IDUGD":"2021S051624660036","SUPTERRE":2.4553,"PRIDU":"24"},"bbox":[-73.60490259,45.57869524,-73.57253269,45.60346715]},{"type":"Feature","geometry":{"type":"Polygon","coordinates":[[[-73.5368462,45.59327863],[-73.54303347,45.58276757],[-73.54140474,45.58259909],[-73.53202675,45.57952058],[-73.52946701,45.58363214],[-73.52633861,45.58690526],[-73.52593561,45.59020664],[-73.52840239,45.59149712],[-73.5368462,45.59327863]]]},"properties":{"ADAIDU":"24660037","IDUGD":"2021S051624660037","SUPTERRE":1.2492,"PRIDU":"24"},"bbox":[-73.54303347,45.57952058,-73.52593561,45.59327863]},{"type":"Feature","geometry":{"type":"Polygon","coordinates":[[[-73.63711849,45.61299887],[-73.64153278,45.6062759],[-73.6434295,45.60095561],[-73.64525138,45.5981687],[-73.64242273,45.59584712],[-73.63948115,45.59935349],[-73.63406629,45.60186102],[-73.62664257,45.60436345],[-73.63626151,45.61344561],[-73.63711849,45.61299887]]]},"properties":{"ADAIDU":"24660038","IDUGD":"2021S051624660038","SUPTERRE":1.1549,"PRIDU":"24"},"bbox":[-73.64525138,45.59584712,-73.62664257,45.61344561]},{"type":"Feature","geometry":{"type":"Polygon","coordinates":[[[-73.52593561,45.59020664],[-73.52633861,45.58690526],[-73.52946701,45.58363214],[-73.53202675,45.57952058],[-73.53541004,45.57383609],[-73.53807891,45.56987617],[-73.54083984,45.56441531],[-73.53657683,45.56277249],[-73.53952552,45.55709879],[-73.53023753,45.55406246],[-73.52411467,45.5527247],[-73.5186245,45.5586261],[-73.5208144,45.55721289],[-73.52148121,45.5590934],[-73.52358098,45.55680751],[-73.52527189,45.55748199],[-73.51803772,45.56616669],[-73.51550159,45.56750791],[-73.51751339,45.5690643],[-73.51411881,45.5709004],[-73.509187,45.57576901],[-73.50592021,45.58052929],[-73.50465191,45.58400279],[-73.50551139,45.58493383],[-73.5176469,45.58792922],[-73.52354875,45.58891792],[-73.52593561,45.59020664]]]},"properties":{"ADAIDU":"24660039","IDUGD":"2021S051624660039","SUPTERRE":6.1039,"PRIDU":"24"},"bbox":[-73.54083984,45.5527247,-73.50465191,45.59020664]},{"type":"Feature","geometry":{"type":"Polygon","coordinates":[[[-73.56985096,45.59670775],[-73.5676026,45.59043134],[-73.56438656,45.58738815],[-73.56496605,45.5835859],[-73.56763067,45.58121991],[-73.55989155,45.57864285],[-73.55807661,45.58136545],[-73.55183463,45.59088658],[-73.55752346,45.59316195],[-73.5695682,45.59715914],[-73.56985096,45.59670775]]]},"properties":{"ADAIDU":"24660040","IDUGD":"2021S051624660040","SUPTERRE":1.4864,"PRIDU":"24"},"bbox":[-73.56985096,45.57864285,-73.55183463,45.59715914]},{"type":"Feature","geometry":{"type":"Polygon","coordinates":[[[-73.57253269,45.59768886],[-73.57816212,45.59347777],[-73.57502554,45.59206879],[-73.57798448,45.5883179],[-73.57335448,45.58720069],[-73.57615868,45.58605153],[-73.57724386,45.58333331],[-73.57412382,45.58321044],[-73.56986299,45.58195681],[-73.56763067,45.58121991],[-73.56496605,45.5835859],[-73.56438656,45.58738815],[-73.5676026,45.59043134],[-73.56985096,45.59670775],[-73.57253269,45.59768886]]]},"properties":{"ADAIDU":"24660041","IDUGD":"2021S051624660041","SUPTERRE":1.1537,"PRIDU":"24"},"bbox":[-73.57816212,45.58121991,-73.56438656,45.59768886]},{"type":"Feature","geometry":{"type":"Polygon","coordinates":[[[-73.62664257,45.60436345],[-73.63406629,45.60186102],[-73.62952827,45.59765666],[-73.61711129,45.60411206],[-73.61983747,45.60665109],[-73.62664257,45.60436345]]]},"properties":{"ADAIDU":"24660042","IDUGD":"2021S051624660042","SUPTERRE":0.5645,"PRIDU":"24"},"bbox":[-73.63406629,45.59765666,-73.61711129,45.60665109]},{"type":"Feature","geometry":{"type":"Polygon","coordinates":[[[-73.62246984,45.59234565],[-73.61066556,45.58703715],[-73.60825602,45.58955747],[-73.6045488,45.59142357],[-73.60596559,45.58874076],[-73.60117,45.58586565],[-73.59695106,45.58745995],[-73.60212396,45.59341483],[-73.6110293,45.59814754],[-73.61459236,45.6017254],[-73.62246984,45.59234565]]]},"properties":{"ADAIDU":"24660043","IDUGD":"2021S051624660043","SUPTERRE":1.5269,"PRIDU":"24"},"bbox":[-73.62246984,45.58586565,-73.59695106,45.6017254]},{"type":"Feature","geometry":{"type":"Polygon","coordinates":[[[-73.58884111,45.58236006],[-73.58518709,45.5818553],[-73.58070529,45.58318255],[-73.57724386,45.58333331],[-73.57615868,45.58605153],[-73.57335448,45.58720069],[-73.57798448,45.5883179],[-73.57502554,45.59206879],[-73.57816212,45.59347777],[-73.58058268,45.59154892],[-73.58884111,45.58236006]]]},"properties":{"ADAIDU":"24660044","IDUGD":"2021S051624660044","SUPTERRE":0.6971,"PRIDU":"24"},"bbox":[-73.58884111,45.5818553,-73.57335448,45.59347777]},{"type":"Feature","geometry":{"type":"Polygon","coordinates":[[[-73.62952827,45.59765666],[-73.63406629,45.60186102],[-73.63948115,45.59935349],[-73.64242273,45.59584712],[-73.63734276,45.59100588],[-73.62773448,45.59596283],[-73.62952827,45.59765666]]]},"properties":{"ADAIDU":"24660045","IDUGD":"2021S051624660045","SUPTERRE":0.7547,"PRIDU":"24"},"bbox":[-73.64242273,45.59100588,-73.62773448,45.60186102]},{"type":"Feature","geometry":{"type":"Polygon","coordinates":[[[-73.5462146,45.57743418],[-73.53541004,45.57383609],[-73.53202675,45.57952058],[-73.54140474,45.58259909],[-73.54303347,45.58276757],[-73.5462146,45.57743418]]]},"properties":{"ADAIDU":"24660046","IDUGD":"2021S051624660046","SUPTERRE":0.6343,"PRIDU":"24"},"bbox":[-73.5462146,45.57383609,-73.53202675,45.58276757]},{"type":"Feature","geometry":{"type":"Polygon","coordinates":[[[-73.62308907,45.59161093],[-73.62964748,45.58375303],[-73.62882724,45.58315084],[-73.62650565,45.58629063],[-73.62335373,45.58407251],[-73.61470997,45.58013423],[-73.60860116,45.57740233],[-73.60790638,45.58142341],[-73.60490259,45.58443241],[-73.60117,45.58586565],[-73.60596559,45.58874076],[-73.6045488,45.59142357],[-73.60825602,45.58955747],[-73.61066556,45.58703715],[-73.62246984,45.59234565],[-73.62308907,45.59161093]]]},"properties":{"ADAIDU":"24660047","IDUGD":"2021S051624660047","SUPTERRE":1.5951,"PRIDU":"24"},"bbox":[-73.62964748,45.57740233,-73.60117,45.59234565]},{"type":"Feature","geometry":{"type":"Polygon","coordinates":[[[-73.62773448,45.59596283],[-73.63734276,45.59100588],[-73.64242273,45.59584712],[-73.6467737,45.59055699],[-73.64085857,45.58498234],[-73.63449266,45.58829925],[-73.62964748,45.58375303],[-73.62308907,45.59161093],[-73.62773448,45.59596283]]]},"properties":{"ADAIDU":"24660048","IDUGD":"2021S051624660048","SUPTERRE":1.3076,"PRIDU":"24"},"bbox":[-73.6467737,45.58375303,-73.62308907,45.59596283]},{"type":"Feature","geometry":{"type":"Polygon","coordinates":[[[-73.55807661,45.58136545],[-73.55989155,45.57864285],[-73.55559756,45.5757305],[-73.54887126,45.57349679],[-73.55430571,45.56537577],[-73.55446972,45.55463814],[-73.55166806,45.55371575],[-73.54583732,45.56260266],[-73.54236557,45.56146209],[-73.54083984,45.56441531],[-73.53807891,45.56987617],[-73.53541004,45.57383609],[-73.5462146,45.57743418],[-73.55807661,45.58136545]]]},"properties":{"ADAIDU":"24660049","IDUGD":"2021S051624660049","SUPTERRE":2.4096,"PRIDU":"24"},"bbox":[-73.55989155,45.55371575,-73.53541004,45.58136545]},{"type":"Feature","geometry":{"type":"MultiPolygon","coordinates":[[[[-73.65637443,45.5887563],[-73.6565434,45.58853606],[-73.6548258,45.58715529],[-73.65595019,45.585885],[-73.65595849,45.5842743],[-73.65432589,45.587102],[-73.65625678,45.58890967],[-73.65637443,45.5887563]]],[[[-73.64525138,45.5981687],[-73.64910341,45.5943076],[-73.6523988,45.59007409],[-73.65432893,45.5835841],[-73.65421235,45.58336033],[-73.6472889,45.58048163],[-73.64085857,45.58498234],[-73.6467737,45.59055699],[-73.64242273,45.59584712],[-73.64525138,45.5981687]]]]},"properties":{"ADAIDU":"24660050","IDUGD":"2021S051624660050","SUPTERRE":1.0301,"PRIDU":"24"},"bbox":[-73.6565434,45.58048163,-73.64085857,45.5981687]},{"type":"Feature","geometry":{"type":"Polygon","coordinates":[[[-73.57724386,45.58333331],[-73.58070529,45.58318255],[-73.58081861,45.58121181],[-73.58473367,45.57452838],[-73.59027764,45.56776635],[-73.58715034,45.56641527],[-73.58160414,45.57268481],[-73.57724291,45.57767826],[-73.57672406,45.57930854],[-73.57399221,45.58192517],[-73.57060917,45.58078732],[-73.56986299,45.58195681],[-73.57412382,45.58321044],[-73.57724386,45.58333331]]]},"properties":{"ADAIDU":"24660051","IDUGD":"2021S051624660051","SUPTERRE":0.7485,"PRIDU":"24"},"bbox":[-73.59027764,45.56641527,-73.56986299,45.58333331]},{"type":"Feature","geometry":{"type":"Polygon","coordinates":[[[-73.56763067,45.58121991],[-73.56986299,45.58195681],[-73.57060917,45.58078732],[-73.57399221,45.58192517],[-73.57672406,45.57930854],[-73.56258785,45.57443727],[-73.56615717,45.56925669],[-73.55430571,45.56537577],[-73.54887126,45.57349679],[-73.55559756,45.5757305],[-73.55989155,45.57864285],[-73.56763067,45.58121991]]]},"properties":{"ADAIDU":"24660052","IDUGD":"2021S051624660052","SUPTERRE":1.5944,"PRIDU":"24"},"bbox":[-73.57672406,45.56537577,-73.54887126,45.58195681]},{"type":"Feature","geometry":{"type":"Polygon","coordinates":[[[-73.5921346,45.57869524],[-73.59864439,45.57146563],[-73.59027764,45.56776635],[-73.58473367,45.57452838],[-73.58081861,45.58121181],[-73.58070529,45.58318255],[-73.58518709,45.5818553],[-73.58884111,45.58236006],[-73.5921346,45.57869524]]]},"properties":{"ADAIDU":"24660053","IDUGD":"2021S051624660053","SUPTERRE":1.1548,"PRIDU":"24"},"bbox":[-73.59864439,45.56776635,-73.58070529,45.58318255]},{"type":"Feature","geometry":{"type":"Polygon","coordinates":[[[-73.58160414,45.57268481],[-73.56712015,45.56817618],[-73.56615717,45.56925669],[-73.56258785,45.57443727],[-73.57672406,45.57930854],[-73.57724291,45.57767826],[-73.58160414,45.57268481]]]},"properties":{"ADAIDU":"24660054","IDUGD":"2021S051624660054","SUPTERRE":1.001,"PRIDU":"24"},"bbox":[-73.58160414,45.56817618,-73.56258785,45.57930854]},{"type":"Feature","geometry":{"type":"Polygon","coordinates":[[[-73.60490259,45.58443241],[-73.60790638,45.58142341],[-73.60860116,45.57740233],[-73.60043123,45.57396872],[-73.60153848,45.5727379],[-73.59864439,45.57146563],[-73.5921346,45.57869524],[-73.6005135,45.58264486],[-73.60301955,45.58247019],[-73.60490259,45.58443241]]]},"properties":{"ADAIDU":"24660055","IDUGD":"2021S051624660055","SUPTERRE":0.9801,"PRIDU":"24"},"bbox":[-73.60860116,45.57146563,-73.5921346,45.58443241]},{"type":"Feature","geometry":{"type":"Polygon","coordinates":[[[-73.62964748,45.58375303],[-73.63449266,45.58829925],[-73.64085857,45.58498234],[-73.6472889,45.58048163],[-73.63621199,45.57591917],[-73.63295149,45.57981192],[-73.62882724,45.58315084],[-73.62964748,45.58375303]]]},"properties":{"ADAIDU":"24660056","IDUGD":"2021S051624660056","SUPTERRE":0.9911,"PRIDU":"24"},"bbox":[-73.6472889,45.57591917,-73.62882724,45.58829925]},{"type":"Feature","geometry":{"type":"Polygon","coordinates":[[[-73.62882724,45.58315084],[-73.61675746,45.57781357],[-73.61470997,45.58013423],[-73.62335373,45.58407251],[-73.62650565,45.58629063],[-73.62882724,45.58315084]]]},"properties":{"ADAIDU":"24660057","IDUGD":"2021S051624660057","SUPTERRE":0.3707,"PRIDU":"24"},"bbox":[-73.62882724,45.57781357,-73.61470997,45.58629063]},{"type":"Feature","geometry":{"type":"Polygon","coordinates":[[[-73.63621199,45.57591917],[-73.6404596,45.57084428],[-73.6453337,45.56481889],[-73.63972296,45.56240469],[-73.63040057,45.57304258],[-73.62384538,45.57014937],[-73.61675746,45.57781357],[-73.62882724,45.58315084],[-73.63295149,45.57981192],[-73.63621199,45.57591917]]]},"properties":{"ADAIDU":"24660058","IDUGD":"2021S051624660058","SUPTERRE":1.8899,"PRIDU":"24"},"bbox":[-73.6453337,45.56240469,-73.61675746,45.58315084]},{"type":"Feature","geometry":{"type":"Polygon","coordinates":[[[-73.61470997,45.58013423],[-73.61675746,45.57781357],[-73.62384538,45.57014937],[-73.60950448,45.56384066],[-73.60826723,45.56522209],[-73.60153848,45.5727379],[-73.60043123,45.57396872],[-73.60860116,45.57740233],[-73.61470997,45.58013423]]]},"properties":{"ADAIDU":"24660059","IDUGD":"2021S051624660059","SUPTERRE":1.7045,"PRIDU":"24"},"bbox":[-73.62384538,45.56384066,-73.60043123,45.58013423]},{"type":"Feature","geometry":{"type":"Polygon","coordinates":[[[-73.58715034,45.56641527],[-73.58728417,45.56500951],[-73.57373563,45.56079753],[-73.56712015,45.56817618],[-73.58160414,45.57268481],[-73.58715034,45.56641527]]]},"properties":{"ADAIDU":"24660061","IDUGD":"2021S051624660061","SUPTERRE":1.1789,"PRIDU":"24"},"bbox":[-73.58728417,45.56079753,-73.56712015,45.57268481]},{"type":"Feature","geometry":{"type":"Polygon","coordinates":[[[-73.55430571,45.56537577],[-73.56615717,45.56925669],[-73.56712015,45.56817618],[-73.57373563,45.56079753],[-73.56843464,45.55908824],[-73.57005996,45.55661701],[-73.56422962,45.55473512],[-73.56818295,45.54949808],[-73.56401983,45.54978294],[-73.56136188,45.54844763],[-73.55845498,45.54892687],[-73.55646423,45.55224826],[-73.55484616,45.55174065],[-73.55446972,45.55463814],[-73.55430571,45.56537577]]]},"properties":{"ADAIDU":"24660062","IDUGD":"2021S051624660062","SUPTERRE":2.1853,"PRIDU":"24"},"bbox":[-73.57373563,45.54844763,-73.55430571,45.56925669]},{"type":"Feature","geometry":{"type":"MultiPolygon","coordinates":[[[[-73.65432893,45.5835841],[-73.65473386,45.58298678],[-73.65421235,45.58336033],[-73.65432893,45.5835841]]],[[[-73.65983465,45.57872023],[-73.66171179,45.57513301],[-73.6604207,45.58065981],[-73.66597509,45.57398411],[-73.66343213,45.57142373],[-73.66170849,45.57178653],[-73.65338114,45.56818221],[-73.6485868,45.5742424],[-73.65983465,45.57872023]]]]},"properties":{"ADAIDU":"24660063","IDUGD":"2021S051624660063","SUPTERRE":0.8442,"PRIDU":"24"},"bbox":[-73.66597509,45.56818221,-73.6485868,45.5835841]},{"type":"Feature","geometry":{"type":"Polygon","coordinates":[[[-73.59027764,45.56776635],[-73.59864439,45.57146563],[-73.60153848,45.5727379],[-73.60826723,45.56522209],[-73.59958455,45.56140078],[-73.59575048,45.56552129],[-73.58920494,45.56279564],[-73.58728417,45.56500951],[-73.58715034,45.56641527],[-73.59027764,45.56776635]]]},"properties":{"ADAIDU":"24660064","IDUGD":"2021S051624660064","SUPTERRE":1.0721,"PRIDU":"24"},"bbox":[-73.60826723,45.56140078,-73.58715034,45.5727379]},{"type":"Feature","geometry":{"type":"Polygon","coordinates":[[[-73.65421235,45.58336033],[-73.65473386,45.58298678],[-73.65522151,45.5819177],[-73.65983465,45.57872023],[-73.6485868,45.5742424],[-73.6404596,45.57084428],[-73.63621199,45.57591917],[-73.6472889,45.58048163],[-73.65421235,45.58336033]]]},"properties":{"ADAIDU":"24660065","IDUGD":"2021S051624660065","SUPTERRE":1.0976,"PRIDU":"24"},"bbox":[-73.65983465,45.57084428,-73.63621199,45.58336033]},{"type":"Feature","geometry":{"type":"Polygon","coordinates":[[[-73.53952552,45.55709879],[-73.54304567,45.5509447],[-73.53721828,45.54907953],[-73.52883839,45.54626366],[-73.5289556,45.54689909],[-73.52411467,45.5527247],[-73.53023753,45.55406246],[-73.53952552,45.55709879]]]},"properties":{"ADAIDU":"24660066","IDUGD":"2021S051624660066","SUPTERRE":0.9232,"PRIDU":"24"},"bbox":[-73.54304567,45.54626366,-73.52411467,45.55709879]},{"type":"Feature","geometry":{"type":"Polygon","coordinates":[[[-73.58728417,45.56500951],[-73.58920494,45.56279564],[-73.59279308,45.55869442],[-73.59638235,45.55458788],[-73.58278535,45.55046389],[-73.58146076,45.55200273],[-73.57373563,45.56079753],[-73.58728417,45.56500951]]]},"properties":{"ADAIDU":"24660067","IDUGD":"2021S051624660067","SUPTERRE":1.5528,"PRIDU":"24"},"bbox":[-73.59638235,45.55046389,-73.57373563,45.56500951]},{"type":"Feature","geometry":{"type":"Polygon","coordinates":[[[-73.63972296,45.56240469],[-73.63357139,45.55973799],[-73.622911,45.55512652],[-73.62098447,45.5547528],[-73.61872104,45.55569226],[-73.61234734,45.55834633],[-73.61378148,45.55908201],[-73.61179078,45.56129747],[-73.60950448,45.56384066],[-73.62384538,45.57014937],[-73.63040057,45.57304258],[-73.63972296,45.56240469]]]},"properties":{"ADAIDU":"24660068","IDUGD":"2021S051624660068","SUPTERRE":2.6107,"PRIDU":"24"},"bbox":[-73.63972296,45.5547528,-73.60950448,45.57304258]},{"type":"Feature","geometry":{"type":"Polygon","coordinates":[[[-73.59958455,45.56140078],[-73.59279308,45.55869442],[-73.58920494,45.56279564],[-73.59575048,45.56552129],[-73.59958455,45.56140078]]]},"properties":{"ADAIDU":"24660069","IDUGD":"2021S051624660069","SUPTERRE":0.3253,"PRIDU":"24"},"bbox":[-73.59958455,45.55869442,-73.58920494,45.56552129]},{"type":"Feature","geometry":{"type":"Polygon","coordinates":[[[-73.57373563,45.56079753],[-73.58146076,45.55200273],[-73.57387561,45.5497472],[-73.57005996,45.55661701],[-73.56843464,45.55908824],[-73.57373563,45.56079753]]]},"properties":{"ADAIDU":"24660070","IDUGD":"2021S051624660070","SUPTERRE":0.6123,"PRIDU":"24"},"bbox":[-73.58146076,45.5497472,-73.56843464,45.56079753]},{"type":"Feature","geometry":{"type":"Polygon","coordinates":[[[-73.6404596,45.57084428],[-73.6485868,45.5742424],[-73.65338114,45.56818221],[-73.6569427,45.56186366],[-73.64838375,45.55961647],[-73.6453337,45.56481889],[-73.6404596,45.57084428]]]},"properties":{"ADAIDU":"24660071","IDUGD":"2021S051624660071","SUPTERRE":1.0703,"PRIDU":"24"},"bbox":[-73.6569427,45.55961647,-73.6404596,45.5742424]},{"type":"Feature","geometry":{"type":"Polygon","coordinates":[[[-73.55446972,45.55463814],[-73.55484616,45.55174065],[-73.55568764,45.54659847],[-73.5592401,45.53987103],[-73.55256063,45.53921521],[-73.54476054,45.55149011],[-73.55166806,45.55371575],[-73.55446972,45.55463814]]]},"properties":{"ADAIDU":"24660072","IDUGD":"2021S051624660072","SUPTERRE":0.9609,"PRIDU":"24"},"bbox":[-73.5592401,45.53921521,-73.54476054,45.55463814]},{"type":"Feature","geometry":{"type":"Polygon","coordinates":[[[-73.60950448,45.56384066],[-73.61179078,45.56129747],[-73.59638235,45.55458788],[-73.59279308,45.55869442],[-73.59958455,45.56140078],[-73.60826723,45.56522209],[-73.60950448,45.56384066]]]},"properties":{"ADAIDU":"24660073","IDUGD":"2021S051624660073","SUPTERRE":0.7112,"PRIDU":"24"},"bbox":[-73.61179078,45.55458788,-73.59279308,45.56522209]},{"type":"Feature","geometry":{"type":"Polygon","coordinates":[[[-73.54304567,45.5509447],[-73.54476054,45.55149011],[-73.55256063,45.53921521],[-73.54881045,45.53866348],[-73.54497298,45.54487251],[-73.54103169,45.54369012],[-73.53721828,45.54907953],[-73.54304567,45.5509447]]]},"properties":{"ADAIDU":"24660074","IDUGD":"2021S051624660074","SUPTERRE":0.6502,"PRIDU":"24"},"bbox":[-73.55256063,45.53866348,-73.53721828,45.55149011]},{"type":"Feature","geometry":{"type":"Polygon","coordinates":[[[-73.57005996,45.55661701],[-73.57387561,45.5497472],[-73.57813972,45.54301911],[-73.57428063,45.5413572],[-73.5736546,45.54113087],[-73.57349588,45.54127851],[-73.56818295,45.54949808],[-73.56422962,45.55473512],[-73.57005996,45.55661701]]]},"properties":{"ADAIDU":"24660075","IDUGD":"2021S051624660075","SUPTERRE":0.7221,"PRIDU":"24"},"bbox":[-73.57813972,45.54113087,-73.56422962,45.55661701]},{"type":"Feature","geometry":{"type":"Polygon","coordinates":[[[-73.53721828,45.54907953],[-73.54103169,45.54369012],[-73.54497298,45.54487251],[-73.54881045,45.53866348],[-73.54417556,45.53354393],[-73.54268771,45.53322919],[-73.54124177,45.53283249],[-73.5402428,45.5356027],[-73.53459961,45.5411295],[-73.5313859,45.54190439],[-73.53237299,45.54366769],[-73.5312345,45.5458007],[-73.52883839,45.54626366],[-73.53721828,45.54907953]]]},"properties":{"ADAIDU":"24660076","IDUGD":"2021S051624660076","SUPTERRE":1.2588,"PRIDU":"24"},"bbox":[-73.54881045,45.53283249,-73.52883839,45.54907953]},{"type":"Feature","geometry":{"type":"Polygon","coordinates":[[[-73.56818295,45.54949808],[-73.57349588,45.54127851],[-73.5592401,45.53987103],[-73.55568764,45.54659847],[-73.55484616,45.55174065],[-73.55646423,45.55224826],[-73.55845498,45.54892687],[-73.56136188,45.54844763],[-73.56401983,45.54978294],[-73.56818295,45.54949808]]]},"properties":{"ADAIDU":"24660077","IDUGD":"2021S051624660077","SUPTERRE":1.1462,"PRIDU":"24"},"bbox":[-73.57349588,45.53987103,-73.55484616,45.55224826]},{"type":"Feature","geometry":{"type":"Polygon","coordinates":[[[-73.66343213,45.57142373],[-73.6625442,45.57054271],[-73.66434549,45.5643403],[-73.66736601,45.56340911],[-73.67225654,45.55976228],[-73.660217,45.55632444],[-73.6569427,45.56186366],[-73.65338114,45.56818221],[-73.66170849,45.57178653],[-73.66343213,45.57142373]]]},"properties":{"ADAIDU":"24660078","IDUGD":"2021S051624660078","SUPTERRE":1.1489,"PRIDU":"24"},"bbox":[-73.67225654,45.55632444,-73.65338114,45.57178653]},{"type":"Feature","geometry":{"type":"Polygon","coordinates":[[[-73.61872104,45.55569226],[-73.61621134,45.55598029],[-73.61148172,45.55387672],[-73.60097302,45.54921348],[-73.59638235,45.55458788],[-73.61179078,45.56129747],[-73.61378148,45.55908201],[-73.61234734,45.55834633],[-73.61872104,45.55569226]]]},"properties":{"ADAIDU":"24660079","IDUGD":"2021S051624660079","SUPTERRE":0.9786,"PRIDU":"24"},"bbox":[-73.61872104,45.54921348,-73.59638235,45.56129747]},{"type":"Feature","geometry":{"type":"Polygon","coordinates":[[[-73.58278535,45.55046389],[-73.58625004,45.54650723],[-73.57813972,45.54301911],[-73.57387561,45.5497472],[-73.58146076,45.55200273],[-73.58278535,45.55046389]]]},"properties":{"ADAIDU":"24660080","IDUGD":"2021S051624660080","SUPTERRE":0.5339,"PRIDU":"24"},"bbox":[-73.58625004,45.54301911,-73.57387561,45.55200273]},{"type":"Feature","geometry":{"type":"Polygon","coordinates":[[[-73.6453337,45.56481889],[-73.64838375,45.55961647],[-73.6569427,45.56186366],[-73.660217,45.55632444],[-73.64020444,45.55058087],[-73.63747604,45.55533062],[-73.63357139,45.55973799],[-73.63972296,45.56240469],[-73.6453337,45.56481889]]]},"properties":{"ADAIDU":"24660081","IDUGD":"2021S051624660081","SUPTERRE":1.7044,"PRIDU":"24"},"bbox":[-73.660217,45.55058087,-73.63357139,45.56481889]},{"type":"Feature","geometry":{"type":"Polygon","coordinates":[[[-73.59638235,45.55458788],[-73.60097302,45.54921348],[-73.59393845,45.54624157],[-73.59156744,45.54897335],[-73.58625004,45.54650723],[-73.58278535,45.55046389],[-73.59638235,45.55458788]]]},"properties":{"ADAIDU":"24660082","IDUGD":"2021S051624660082","SUPTERRE":0.7052,"PRIDU":"24"},"bbox":[-73.60097302,45.54624157,-73.58278535,45.55458788]},{"type":"Feature","geometry":{"type":"Polygon","coordinates":[[[-73.63357139,45.55973799],[-73.63747604,45.55533062],[-73.64020444,45.55058087],[-73.63495341,45.54908139],[-73.62656514,45.5519149],[-73.62098447,45.5547528],[-73.622911,45.55512652],[-73.63357139,45.55973799]]]},"properties":{"ADAIDU":"24660083","IDUGD":"2021S051624660083","SUPTERRE":0.9123,"PRIDU":"24"},"bbox":[-73.64020444,45.54908139,-73.62098447,45.55973799]},{"type":"Feature","geometry":{"type":"Polygon","coordinates":[[[-73.62098447,45.5547528],[-73.62656514,45.5519149],[-73.62204602,45.54984808],[-73.61720198,45.548454],[-73.6145643,45.55127363],[-73.61148172,45.55387672],[-73.61621134,45.55598029],[-73.61872104,45.55569226],[-73.62098447,45.5547528]]]},"properties":{"ADAIDU":"24660084","IDUGD":"2021S051624660084","SUPTERRE":0.5137,"PRIDU":"24"},"bbox":[-73.62656514,45.548454,-73.61148172,45.55598029]},{"type":"Feature","geometry":{"type":"Polygon","coordinates":[[[-73.61148172,45.55387672],[-73.6145643,45.55127363],[-73.60705054,45.54794546],[-73.603546,45.54634811],[-73.60097302,45.54921348],[-73.61148172,45.55387672]]]},"properties":{"ADAIDU":"24660085","IDUGD":"2021S051624660085","SUPTERRE":0.3704,"PRIDU":"24"},"bbox":[-73.6145643,45.54634811,-73.60097302,45.55387672]},{"type":"Feature","geometry":{"type":"Polygon","coordinates":[[[-73.57813972,45.54301911],[-73.58625004,45.54650723],[-73.59156744,45.54897335],[-73.59393845,45.54624157],[-73.59666619,45.54315891],[-73.58624877,45.53836555],[-73.58493519,45.53939778],[-73.57955179,45.54140505],[-73.57428063,45.5413572],[-73.57813972,45.54301911]]]},"properties":{"ADAIDU":"24660086","IDUGD":"2021S051624660086","SUPTERRE":0.8779,"PRIDU":"24"},"bbox":[-73.59666619,45.53836555,-73.57428063,45.54897335]},{"type":"Feature","geometry":{"type":"Polygon","coordinates":[[[-73.5592401,45.53987103],[-73.56134033,45.53592268],[-73.55313994,45.5324489],[-73.54881045,45.53866348],[-73.55256063,45.53921521],[-73.5592401,45.53987103]]]},"properties":{"ADAIDU":"24660087","IDUGD":"2021S051624660087","SUPTERRE":0.4903,"PRIDU":"24"},"bbox":[-73.56134033,45.5324489,-73.54881045,45.53987103]},{"type":"Feature","geometry":{"type":"MultiPolygon","coordinates":[[[[-73.53906634,45.48826163],[-73.54105549,45.49111421],[-73.5428778,45.49857319],[-73.54278239,45.50772471],[-73.54439172,45.50359389],[-73.5454339,45.4947659],[-73.5465726,45.49482849],[-73.54598821,45.4999038],[-73.5479334,45.500047],[-73.54891139,45.49165109],[-73.54999892,45.4917135],[-73.54930169,45.4991466],[-73.55054341,45.4996769],[-73.55088629,45.49676131],[-73.55225358,45.495006],[-73.55224894,45.49137872],[-73.55064563,45.49045855],[-73.53906634,45.48826163]]],[[[-73.53512879,45.52719991],[-73.53215971,45.52897341],[-73.53410712,45.53140249],[-73.5386738,45.52560601],[-73.53950371,45.5223573],[-73.5382854,45.51912729],[-73.53849919,45.51357521],[-73.5373835,45.51025521],[-73.53401518,45.5062969],[-73.53262061,45.50674721],[-73.52992468,45.5150535],[-73.53120708,45.5195254],[-73.53185051,45.5255991],[-73.53512879,45.52719991]]],[[[-73.51851981,45.49696003],[-73.52123001,45.50455431],[-73.52770279,45.5255102],[-73.52708671,45.52215401],[-73.52905781,45.52169459],[-73.5282334,45.5115536],[-73.5302014,45.5059021],[-73.52946999,45.50203289],[-73.52584681,45.49810151],[-73.51988334,45.49573985],[-73.51851981,45.49696003]]],[[[-73.54268771,45.53322919],[-73.54361021,45.53062444],[-73.54647096,45.53128197],[-73.55175569,45.52546221],[-73.55313774,45.52611397],[-73.55518765,45.52390836],[-73.54987775,45.52144119],[-73.55295504,45.51811778],[-73.55546455,45.51926499],[-73.560462,45.51372802],[-73.55442343,45.51098686],[-73.55112276,45.51572813],[-73.54726929,45.51557989],[-73.55026989,45.50968775],[-73.55336763,45.50497205],[-73.55379732,45.50170853],[-73.55285951,45.49877995],[-73.55265916,45.49580142],[-73.55365962,45.49316457],[-73.55350983,45.49283248],[-73.55196229,45.49814659],[-73.55277199,45.50197061],[-73.548268,45.50229649],[-73.54801279,45.5032504],[-73.55279839,45.50289729],[-73.55244148,45.5043643],[-73.54750219,45.50467239],[-73.54728538,45.50559929],[-73.5521353,45.5052823],[-73.55124071,45.5067494],[-73.5468258,45.5069403],[-73.54558879,45.51237579],[-73.54922168,45.51013371],[-73.5466784,45.51436401],[-73.54124177,45.53283249],[-73.54268771,45.53322919]]]]},"properties":{"ADAIDU":"24660088","IDUGD":"2021S051624660088","SUPTERRE":4.7581,"PRIDU":"24"},"bbox":[-73.560462,45.48826163,-73.51851981,45.53322919]},{"type":"Feature","geometry":{"type":"Polygon","coordinates":[[[-73.54881045,45.53866348],[-73.55313994,45.5324489],[-73.55738097,45.52807358],[-73.55313774,45.52611397],[-73.55175569,45.52546221],[-73.54647096,45.53128197],[-73.54361021,45.53062444],[-73.54268771,45.53322919],[-73.54417556,45.53354393],[-73.54881045,45.53866348]]]},"properties":{"ADAIDU":"24660089","IDUGD":"2021S051624660089","SUPTERRE":0.7105,"PRIDU":"24"},"bbox":[-73.55738097,45.52546221,-73.54268771,45.53866348]},{"type":"Feature","geometry":{"type":"Polygon","coordinates":[[[-73.60097302,45.54921348],[-73.603546,45.54634811],[-73.60705054,45.54794546],[-73.60940807,45.54535261],[-73.59573856,45.53917784],[-73.59643047,45.53847331],[-73.59312924,45.53696736],[-73.59246203,45.53768698],[-73.58895753,45.53599717],[-73.58624877,45.53836555],[-73.59666619,45.54315891],[-73.59393845,45.54624157],[-73.60097302,45.54921348]]]},"properties":{"ADAIDU":"24660090","IDUGD":"2021S051624660090","SUPTERRE":0.924,"PRIDU":"24"},"bbox":[-73.60940807,45.53599717,-73.58624877,45.54921348]},{"type":"Feature","geometry":{"type":"Polygon","coordinates":[[[-73.5736546,45.54113087],[-73.57561215,45.53916574],[-73.57079232,45.5369107],[-73.57457158,45.53291761],[-73.56949743,45.53055035],[-73.56736972,45.53277426],[-73.56304229,45.53076346],[-73.56134033,45.53592268],[-73.5592401,45.53987103],[-73.57349588,45.54127851],[-73.5736546,45.54113087]]]},"properties":{"ADAIDU":"24660091","IDUGD":"2021S051624660091","SUPTERRE":0.9531,"PRIDU":"24"},"bbox":[-73.57561215,45.53055035,-73.5592401,45.54127851]},{"type":"Feature","geometry":{"type":"Polygon","coordinates":[[[-73.61720198,45.548454],[-73.62095177,45.54424335],[-73.61316346,45.54068706],[-73.60940807,45.54535261],[-73.60705054,45.54794546],[-73.6145643,45.55127363],[-73.61720198,45.548454]]]},"properties":{"ADAIDU":"24660092","IDUGD":"2021S051624660092","SUPTERRE":0.6499,"PRIDU":"24"},"bbox":[-73.62095177,45.54068706,-73.60705054,45.55127363]},{"type":"Feature","geometry":{"type":"Polygon","coordinates":[[[-73.57428063,45.5413572],[-73.57955179,45.54140505],[-73.58493519,45.53939778],[-73.57835151,45.53635109],[-73.57947132,45.53518051],[-73.57457158,45.53291761],[-73.57079232,45.5369107],[-73.57561215,45.53916574],[-73.5736546,45.54113087],[-73.57428063,45.5413572]]]},"properties":{"ADAIDU":"24660093","IDUGD":"2021S051624660093","SUPTERRE":0.5201,"PRIDU":"24"},"bbox":[-73.58493519,45.53291761,-73.57079232,45.54140505]},{"type":"Feature","geometry":{"type":"Polygon","coordinates":[[[-73.63495341,45.54908139],[-73.63876593,45.54531294],[-73.62919233,45.54258751],[-73.62634721,45.54641781],[-73.62095177,45.54424335],[-73.61720198,45.548454],[-73.62204602,45.54984808],[-73.62656514,45.5519149],[-73.63495341,45.54908139]]]},"properties":{"ADAIDU":"24660094","IDUGD":"2021S051624660094","SUPTERRE":0.9232,"PRIDU":"24"},"bbox":[-73.63876593,45.54258751,-73.61720198,45.5519149]},{"type":"Feature","geometry":{"type":"Polygon","coordinates":[[[-73.67225654,45.55976228],[-73.6739906,45.55565161],[-73.6771169,45.5519215],[-73.68014439,45.54942419],[-73.68574081,45.5493433],[-73.68939088,45.54765474],[-73.69145947,45.54548243],[-73.68160754,45.54222833],[-73.68242792,45.54112779],[-73.67703311,45.54025057],[-73.67056198,45.5391802],[-73.66488072,45.54849823],[-73.660217,45.55632444],[-73.67225654,45.55976228]]]},"properties":{"ADAIDU":"24660095","IDUGD":"2021S051624660095","SUPTERRE":2.6166,"PRIDU":"24"},"bbox":[-73.69145947,45.5391802,-73.660217,45.55976228]},{"type":"Feature","geometry":{"type":"Polygon","coordinates":[[[-73.56134033,45.53592268],[-73.56304229,45.53076346],[-73.56392461,45.52794552],[-73.55518765,45.52390836],[-73.55313774,45.52611397],[-73.55738097,45.52807358],[-73.55313994,45.5324489],[-73.56134033,45.53592268]]]},"properties":{"ADAIDU":"24660096","IDUGD":"2021S051624660096","SUPTERRE":0.626,"PRIDU":"24"},"bbox":[-73.56392461,45.52390836,-73.55313774,45.53592268]},{"type":"Feature","geometry":{"type":"Polygon","coordinates":[[[-73.660217,45.55632444],[-73.66488072,45.54849823],[-73.64261604,45.54208922],[-73.64104705,45.54237373],[-73.63876593,45.54531294],[-73.63495341,45.54908139],[-73.64020444,45.55058087],[-73.660217,45.55632444]]]},"properties":{"ADAIDU":"24660097","IDUGD":"2021S051624660097","SUPTERRE":1.9156,"PRIDU":"24"},"bbox":[-73.66488072,45.54208922,-73.63495341,45.55632444]},{"type":"Feature","geometry":{"type":"Polygon","coordinates":[[[-73.60940807,45.54535261],[-73.61316346,45.54068706],[-73.60307134,45.53612637],[-73.59993829,45.53470747],[-73.59643047,45.53847331],[-73.59573856,45.53917784],[-73.60940807,45.54535261]]]},"properties":{"ADAIDU":"24660098","IDUGD":"2021S051624660098","SUPTERRE":0.7551,"PRIDU":"24"},"bbox":[-73.61316346,45.53470747,-73.59573856,45.54535261]},{"type":"Feature","geometry":{"type":"Polygon","coordinates":[[[-73.58624877,45.53836555],[-73.58895753,45.53599717],[-73.57707962,45.53026711],[-73.57457158,45.53291761],[-73.57947132,45.53518051],[-73.57835151,45.53635109],[-73.58493519,45.53939778],[-73.58624877,45.53836555]]]},"properties":{"ADAIDU":"24660099","IDUGD":"2021S051624660099","SUPTERRE":0.4889,"PRIDU":"24"},"bbox":[-73.58895753,45.53026711,-73.57457158,45.53939778]},{"type":"Feature","geometry":{"type":"Polygon","coordinates":[[[-73.62095177,45.54424335],[-73.62634721,45.54641781],[-73.62919233,45.54258751],[-73.62610679,45.54170461],[-73.61443338,45.53829876],[-73.61316346,45.54068706],[-73.62095177,45.54424335]]]},"properties":{"ADAIDU":"24660100","IDUGD":"2021S051624660100","SUPTERRE":0.4776,"PRIDU":"24"},"bbox":[-73.62919233,45.53829876,-73.61316346,45.54641781]},{"type":"Feature","geometry":{"type":"Polygon","coordinates":[[[-73.57457158,45.53291761],[-73.57707962,45.53026711],[-73.57920479,45.52800643],[-73.56556132,45.52136525],[-73.56392461,45.52794552],[-73.56304229,45.53076346],[-73.56736972,45.53277426],[-73.56949743,45.53055035],[-73.57457158,45.53291761]]]},"properties":{"ADAIDU":"24660101","IDUGD":"2021S051624660101","SUPTERRE":0.8607,"PRIDU":"24"},"bbox":[-73.57920479,45.52136525,-73.56304229,45.53291761]},{"type":"Feature","geometry":{"type":"Polygon","coordinates":[[[-73.59643047,45.53847331],[-73.59993829,45.53470747],[-73.60307134,45.53612637],[-73.60500716,45.53397851],[-73.60849644,45.53020489],[-73.60427048,45.52832417],[-73.59971118,45.52868615],[-73.59619667,45.53005086],[-73.58895753,45.53599717],[-73.59246203,45.53768698],[-73.59312924,45.53696736],[-73.59643047,45.53847331]]]},"properties":{"ADAIDU":"24660102","IDUGD":"2021S051624660102","SUPTERRE":0.8981,"PRIDU":"24"},"bbox":[-73.60849644,45.52832417,-73.58895753,45.53847331]},{"type":"Feature","geometry":{"type":"Polygon","coordinates":[[[-73.58895753,45.53599717],[-73.59619667,45.53005086],[-73.58783869,45.52620623],[-73.58410544,45.53022432],[-73.57920479,45.52800643],[-73.57707962,45.53026711],[-73.58895753,45.53599717]]]},"properties":{"ADAIDU":"24660103","IDUGD":"2021S051624660103","SUPTERRE":0.7437,"PRIDU":"24"},"bbox":[-73.59619667,45.52620623,-73.57707962,45.53599717]},{"type":"Feature","geometry":{"type":"Polygon","coordinates":[[[-73.61316346,45.54068706],[-73.61443338,45.53829876],[-73.61824579,45.53473924],[-73.61196921,45.53179422],[-73.6084774,45.53558149],[-73.60500716,45.53397851],[-73.60307134,45.53612637],[-73.61316346,45.54068706]]]},"properties":{"ADAIDU":"24660104","IDUGD":"2021S051624660104","SUPTERRE":0.5338,"PRIDU":"24"},"bbox":[-73.61824579,45.53179422,-73.60307134,45.54068706]},{"type":"Feature","geometry":{"type":"Polygon","coordinates":[[[-73.63876593,45.54531294],[-73.64104705,45.54237373],[-73.64115309,45.54220877],[-73.64049452,45.54160806],[-73.62822716,45.53807435],[-73.62610679,45.54170461],[-73.62919233,45.54258751],[-73.63876593,45.54531294]]]},"properties":{"ADAIDU":"24660105","IDUGD":"2021S051624660105","SUPTERRE":0.4735,"PRIDU":"24"},"bbox":[-73.64115309,45.53807435,-73.62610679,45.54531294]},{"type":"Feature","geometry":{"type":"Polygon","coordinates":[[[-73.62610679,45.54170461],[-73.62822716,45.53807435],[-73.62226092,45.53633091],[-73.62498486,45.53167486],[-73.62148317,45.53109858],[-73.61824579,45.53473924],[-73.61443338,45.53829876],[-73.62610679,45.54170461]]]},"properties":{"ADAIDU":"24660106","IDUGD":"2021S051624660106","SUPTERRE":0.5832,"PRIDU":"24"},"bbox":[-73.62822716,45.53109858,-73.61443338,45.54170461]},{"type":"Feature","geometry":{"type":"Polygon","coordinates":[[[-73.55518765,45.52390836],[-73.56392461,45.52794552],[-73.56556132,45.52136525],[-73.56295372,45.52016095],[-73.56173339,45.52219353],[-73.55546455,45.51926499],[-73.55295504,45.51811778],[-73.54987775,45.52144119],[-73.55518765,45.52390836]]]},"properties":{"ADAIDU":"24660107","IDUGD":"2021S051624660107","SUPTERRE":0.6138,"PRIDU":"24"},"bbox":[-73.56556132,45.51811778,-73.54987775,45.52794552]},{"type":"Feature","geometry":{"type":"Polygon","coordinates":[[[-73.67056198,45.5391802],[-73.65669192,45.53673445],[-73.6457242,45.53508463],[-73.64115309,45.54220877],[-73.64104705,45.54237373],[-73.64261604,45.54208922],[-73.66488072,45.54849823],[-73.67056198,45.5391802]]]},"properties":{"ADAIDU":"24660108","IDUGD":"2021S051624660108","SUPTERRE":1.9112,"PRIDU":"24"},"bbox":[-73.67056198,45.53508463,-73.64104705,45.54849823]},{"type":"Feature","geometry":{"type":"Polygon","coordinates":[[[-73.60500716,45.53397851],[-73.6084774,45.53558149],[-73.61196921,45.53179422],[-73.61824579,45.53473924],[-73.62148317,45.53109858],[-73.6173831,45.52969505],[-73.61703941,45.52769219],[-73.61230879,45.52566576],[-73.60677109,45.52828115],[-73.6045085,45.52833065],[-73.60427048,45.52832417],[-73.60849644,45.53020489],[-73.60500716,45.53397851]]]},"properties":{"ADAIDU":"24660109","IDUGD":"2021S051624660109","SUPTERRE":0.7096,"PRIDU":"24"},"bbox":[-73.62148317,45.52566576,-73.60427048,45.53558149]},{"type":"Feature","geometry":{"type":"Polygon","coordinates":[[[-73.64115309,45.54220877],[-73.6457242,45.53508463],[-73.62804267,45.53217793],[-73.6297282,45.52900839],[-73.6185619,45.52575342],[-73.61703941,45.52769219],[-73.6173831,45.52969505],[-73.62148317,45.53109858],[-73.62498486,45.53167486],[-73.62226092,45.53633091],[-73.62822716,45.53807435],[-73.64049452,45.54160806],[-73.64115309,45.54220877]]]},"properties":{"ADAIDU":"24660110","IDUGD":"2021S051624660110","SUPTERRE":1.5402,"PRIDU":"24"},"bbox":[-73.6457242,45.52575342,-73.61703941,45.54220877]},{"type":"Feature","geometry":{"type":"Polygon","coordinates":[[[-73.58783869,45.52620623],[-73.58583059,45.52529002],[-73.58933871,45.52145709],[-73.5923509,45.52114802],[-73.59593333,45.51831373],[-73.59147884,45.51616119],[-73.59026303,45.51577935],[-73.58931969,45.51676436],[-73.58291909,45.52396346],[-73.57920479,45.52800643],[-73.58410544,45.53022432],[-73.58783869,45.52620623]]]},"properties":{"ADAIDU":"24660111","IDUGD":"2021S051624660111","SUPTERRE":0.6551,"PRIDU":"24"},"bbox":[-73.59593333,45.51577935,-73.57920479,45.53022432]},{"type":"Feature","geometry":{"type":"Polygon","coordinates":[[[-73.57920479,45.52800643],[-73.58291909,45.52396346],[-73.57818087,45.52181174],[-73.575872,45.52074096],[-73.574298,45.52248467],[-73.56654468,45.51895002],[-73.56556132,45.52136525],[-73.57920479,45.52800643]]]},"properties":{"ADAIDU":"24660112","IDUGD":"2021S051624660112","SUPTERRE":0.5391,"PRIDU":"24"},"bbox":[-73.58291909,45.51895002,-73.56556132,45.52800643]},{"type":"Feature","geometry":{"type":"Polygon","coordinates":[[[-73.68939088,45.54765474],[-73.69467339,45.54742981],[-73.7019936,45.54594129],[-73.70435885,45.5442175],[-73.70249967,45.54318333],[-73.69201094,45.53947467],[-73.68076051,45.53432285],[-73.67703311,45.54025057],[-73.68242792,45.54112779],[-73.68160754,45.54222833],[-73.69145947,45.54548243],[-73.68939088,45.54765474]]]},"properties":{"ADAIDU":"24660113","IDUGD":"2021S051624660113","SUPTERRE":1.3294,"PRIDU":"24"},"bbox":[-73.70435885,45.53432285,-73.67703311,45.54765474]},{"type":"Feature","geometry":{"type":"Polygon","coordinates":[[[-73.60427048,45.52832417],[-73.6045085,45.52833065],[-73.60217176,45.52731775],[-73.60326692,45.52615619],[-73.5923509,45.52114802],[-73.58933871,45.52145709],[-73.58583059,45.52529002],[-73.58783869,45.52620623],[-73.59619667,45.53005086],[-73.59971118,45.52868615],[-73.60427048,45.52832417]]]},"properties":{"ADAIDU":"24660114","IDUGD":"2021S051624660114","SUPTERRE":0.7295,"PRIDU":"24"},"bbox":[-73.6045085,45.52114802,-73.58583059,45.53005086]},{"type":"Feature","geometry":{"type":"Polygon","coordinates":[[[-73.55546455,45.51926499],[-73.56173339,45.52219353],[-73.56295372,45.52016095],[-73.56556132,45.52136525],[-73.56654468,45.51895002],[-73.56746197,45.51690987],[-73.560462,45.51372802],[-73.55546455,45.51926499]]]},"properties":{"ADAIDU":"24660115","IDUGD":"2021S051624660115","SUPTERRE":0.4896,"PRIDU":"24"},"bbox":[-73.56746197,45.51372802,-73.55546455,45.52219353]},{"type":"Feature","geometry":{"type":"Polygon","coordinates":[[[-73.57818087,45.52181174],[-73.57958081,45.52027715],[-73.57314658,45.51734728],[-73.57511109,45.51504238],[-73.56943532,45.51249943],[-73.56746197,45.51690987],[-73.56654468,45.51895002],[-73.574298,45.52248467],[-73.575872,45.52074096],[-73.57818087,45.52181174]]]},"properties":{"ADAIDU":"24660116","IDUGD":"2021S051624660116","SUPTERRE":0.5248,"PRIDU":"24"},"bbox":[-73.57958081,45.51249943,-73.56654468,45.52248467]},{"type":"Feature","geometry":{"type":"Polygon","coordinates":[[[-73.58931969,45.51676436],[-73.57932898,45.51225309],[-73.57874442,45.51107787],[-73.57511109,45.51504238],[-73.57314658,45.51734728],[-73.57958081,45.52027715],[-73.57818087,45.52181174],[-73.58291909,45.52396346],[-73.58931969,45.51676436]]]},"properties":{"ADAIDU":"24660117","IDUGD":"2021S051624660117","SUPTERRE":0.8632,"PRIDU":"24"},"bbox":[-73.58931969,45.51107787,-73.57314658,45.52396346]},{"type":"Feature","geometry":{"type":"Polygon","coordinates":[[[-73.61230879,45.52566576],[-73.6061669,45.52293182],[-73.59593333,45.51831373],[-73.5923509,45.52114802],[-73.60326692,45.52615619],[-73.60217176,45.52731775],[-73.6045085,45.52833065],[-73.60677109,45.52828115],[-73.61230879,45.52566576]]]},"properties":{"ADAIDU":"24660118","IDUGD":"2021S051624660118","SUPTERRE":0.6727,"PRIDU":"24"},"bbox":[-73.61230879,45.51831373,-73.5923509,45.52833065]},{"type":"Feature","geometry":{"type":"Polygon","coordinates":[[[-73.55442343,45.51098686],[-73.55725848,45.50687189],[-73.56943532,45.51249943],[-73.57348441,45.50497307],[-73.57657623,45.50184513],[-73.56680214,45.49689722],[-73.56163237,45.50172346],[-73.55285951,45.49877995],[-73.55379732,45.50170853],[-73.55336763,45.50497205],[-73.55026989,45.50968775],[-73.54726929,45.51557989],[-73.55112276,45.51572813],[-73.55442343,45.51098686]]]},"properties":{"ADAIDU":"24660119","IDUGD":"2021S051624660119","SUPTERRE":2.0699,"PRIDU":"24"},"bbox":[-73.57657623,45.49689722,-73.54726929,45.51572813]},{"type":"Feature","geometry":{"type":"Polygon","coordinates":[[[-73.6457242,45.53508463],[-73.6465591,45.53378622],[-73.63599071,45.53084601],[-73.63784786,45.52772055],[-73.63158109,45.52590235],[-73.6297282,45.52900839],[-73.62804267,45.53217793],[-73.6457242,45.53508463]]]},"properties":{"ADAIDU":"24660120","IDUGD":"2021S051624660120","SUPTERRE":0.5711,"PRIDU":"24"},"bbox":[-73.6465591,45.52590235,-73.62804267,45.53508463]},{"type":"Feature","geometry":{"type":"Polygon","coordinates":[[[-73.67703311,45.54025057],[-73.68076051,45.53432285],[-73.68285434,45.53103303],[-73.67379378,45.53280532],[-73.66934492,45.53227143],[-73.66522532,45.53068882],[-73.65387577,45.5273951],[-73.65089277,45.52724309],[-73.64901903,45.53013951],[-73.6465591,45.53378622],[-73.6457242,45.53508463],[-73.65669192,45.53673445],[-73.67056198,45.5391802],[-73.67703311,45.54025057]]]},"properties":{"ADAIDU":"24660121","IDUGD":"2021S051624660121","SUPTERRE":2.15,"PRIDU":"24"},"bbox":[-73.68285434,45.52724309,-73.6457242,45.54025057]},{"type":"Feature","geometry":{"type":"Polygon","coordinates":[[[-73.61703941,45.52769219],[-73.6185619,45.52575342],[-73.62013213,45.52400134],[-73.60949668,45.51922949],[-73.60832025,45.52054328],[-73.6061669,45.52293182],[-73.61230879,45.52566576],[-73.61703941,45.52769219]]]},"properties":{"ADAIDU":"24660122","IDUGD":"2021S051624660122","SUPTERRE":0.4815,"PRIDU":"24"},"bbox":[-73.62013213,45.51922949,-73.6061669,45.52769219]},{"type":"Feature","geometry":{"type":"Polygon","coordinates":[[[-73.6465591,45.53378622],[-73.64901903,45.53013951],[-73.64678594,45.53030362],[-73.63784786,45.52772055],[-73.63599071,45.53084601],[-73.6465591,45.53378622]]]},"properties":{"ADAIDU":"24660123","IDUGD":"2021S051624660123","SUPTERRE":0.3398,"PRIDU":"24"},"bbox":[-73.64901903,45.52772055,-73.63599071,45.53378622]},{"type":"Feature","geometry":{"type":"Polygon","coordinates":[[[-73.560462,45.51372802],[-73.56746197,45.51690987],[-73.56943532,45.51249943],[-73.55725848,45.50687189],[-73.55442343,45.51098686],[-73.560462,45.51372802]]]},"properties":{"ADAIDU":"24660124","IDUGD":"2021S051624660124","SUPTERRE":0.5912,"PRIDU":"24"},"bbox":[-73.56943532,45.50687189,-73.55442343,45.51690987]},{"type":"Feature","geometry":{"type":"Polygon","coordinates":[[[-73.6297282,45.52900839],[-73.63158109,45.52590235],[-73.62275314,45.52337605],[-73.62053729,45.52354922],[-73.62013213,45.52400134],[-73.6185619,45.52575342],[-73.6297282,45.52900839]]]},"properties":{"ADAIDU":"24660125","IDUGD":"2021S051624660125","SUPTERRE":0.3291,"PRIDU":"24"},"bbox":[-73.63158109,45.52337605,-73.6185619,45.52900839]},{"type":"Feature","geometry":{"type":"Polygon","coordinates":[[[-73.70435885,45.5442175],[-73.70691569,45.5437099],[-73.71076407,45.53952233],[-73.7041365,45.53713217],[-73.69886865,45.53440034],[-73.69233471,45.53085399],[-73.68533432,45.53048155],[-73.68285434,45.53103303],[-73.68076051,45.53432285],[-73.69201094,45.53947467],[-73.70249967,45.54318333],[-73.70435885,45.5442175]]]},"properties":{"ADAIDU":"24660126","IDUGD":"2021S051624660126","SUPTERRE":1.6591,"PRIDU":"24"},"bbox":[-73.71076407,45.53048155,-73.68076051,45.5442175]},{"type":"Feature","geometry":{"type":"Polygon","coordinates":[[[-73.59593333,45.51831373],[-73.6061669,45.52293182],[-73.60832025,45.52054328],[-73.59827825,45.51609043],[-73.59147884,45.51616119],[-73.59593333,45.51831373]]]},"properties":{"ADAIDU":"24660127","IDUGD":"2021S051624660127","SUPTERRE":0.3711,"PRIDU":"24"},"bbox":[-73.60832025,45.51609043,-73.59147884,45.52293182]},{"type":"Feature","geometry":{"type":"Polygon","coordinates":[[[-73.63784786,45.52772055],[-73.64678594,45.53030362],[-73.64901903,45.53013951],[-73.65089277,45.52724309],[-73.65512513,45.51965941],[-73.64357282,45.5165723],[-73.64147347,45.51724195],[-73.6358408,45.52686308],[-73.63158109,45.52590235],[-73.63784786,45.52772055]]]},"properties":{"ADAIDU":"24660128","IDUGD":"2021S051624660128","SUPTERRE":1.4371,"PRIDU":"24"},"bbox":[-73.65512513,45.5165723,-73.63158109,45.53030362]},{"type":"Feature","geometry":{"type":"Polygon","coordinates":[[[-73.57511109,45.51504238],[-73.57874442,45.51107787],[-73.58011764,45.5082062],[-73.57348441,45.50497307],[-73.56943532,45.51249943],[-73.57511109,45.51504238]]]},"properties":{"ADAIDU":"24660129","IDUGD":"2021S051624660129","SUPTERRE":0.5252,"PRIDU":"24"},"bbox":[-73.58011764,45.50497307,-73.56943532,45.51504238]},{"type":"Feature","geometry":{"type":"Polygon","coordinates":[[[-73.62013213,45.52400134],[-73.62053729,45.52354922],[-73.62675619,45.51654809],[-73.61796405,45.51263546],[-73.61516687,45.51573726],[-73.61331415,45.51492478],[-73.60949668,45.51922949],[-73.62013213,45.52400134]]]},"properties":{"ADAIDU":"24660130","IDUGD":"2021S051624660130","SUPTERRE":0.8944,"PRIDU":"24"},"bbox":[-73.62675619,45.51263546,-73.60949668,45.52400134]},{"type":"Feature","geometry":{"type":"Polygon","coordinates":[[[-73.63158109,45.52590235],[-73.6358408,45.52686308],[-73.64147347,45.51724195],[-73.64357282,45.5165723],[-73.64687796,45.51359973],[-73.65207211,45.50477899],[-73.66277749,45.50782102],[-73.66506046,45.50362124],[-73.66759842,45.50214837],[-73.67386582,45.49718099],[-73.68149434,45.49125952],[-73.68619735,45.48950714],[-73.6772848,45.48386281],[-73.67526046,45.49133816],[-73.66711904,45.48607602],[-73.65622702,45.49435256],[-73.66304047,45.49874019],[-73.66214334,45.50195841],[-73.65980822,45.50475042],[-73.65646588,45.50377879],[-73.65202795,45.50426649],[-73.645624,45.50154638],[-73.64233788,45.50548814],[-73.64123885,45.50898488],[-73.63861397,45.51080123],[-73.63645046,45.51451921],[-73.63473715,45.5156819],[-73.62900132,45.51405772],[-73.62675619,45.51654809],[-73.62053729,45.52354922],[-73.62275314,45.52337605],[-73.63158109,45.52590235]]]},"properties":{"ADAIDU":"24660131","IDUGD":"2021S051624660131","SUPTERRE":4.7956,"PRIDU":"24"},"bbox":[-73.68619735,45.48386281,-73.62053729,45.52686308]},{"type":"Feature","geometry":{"type":"Polygon","coordinates":[[[-73.59026303,45.51577935],[-73.59146182,45.51469979],[-73.59669478,45.51467446],[-73.59748683,45.51324951],[-73.59621894,45.51107211],[-73.59166468,45.50822153],[-73.59507061,45.50365158],[-73.59865475,45.501087],[-73.60450523,45.49575458],[-73.60649756,45.49537772],[-73.60293681,45.49523451],[-73.60070666,45.49348987],[-73.59650143,45.49173881],[-73.59568095,45.49260031],[-73.58887146,45.49043601],[-73.58441932,45.49356997],[-73.58172923,45.4965638],[-73.57657623,45.50184513],[-73.57348441,45.50497307],[-73.58011764,45.5082062],[-73.57874442,45.51107787],[-73.57932898,45.51225309],[-73.58931969,45.51676436],[-73.59026303,45.51577935]]]},"properties":{"ADAIDU":"24660132","IDUGD":"2021S051624660132","SUPTERRE":3.6473,"PRIDU":"24"},"bbox":[-73.60649756,45.49043601,-73.57348441,45.51676436]},{"type":"Feature","geometry":{"type":"Polygon","coordinates":[[[-73.59147884,45.51616119],[-73.59827825,45.51609043],[-73.60832025,45.52054328],[-73.60949668,45.51922949],[-73.61331415,45.51492478],[-73.61516687,45.51573726],[-73.61796405,45.51263546],[-73.61789285,45.50917513],[-73.61605261,45.50833852],[-73.61898296,45.50508706],[-73.61818009,45.50476277],[-73.61304786,45.5105608],[-73.60283002,45.50596895],[-73.59934423,45.50543698],[-73.59507061,45.50365158],[-73.59166468,45.50822153],[-73.59621894,45.51107211],[-73.59748683,45.51324951],[-73.59669478,45.51467446],[-73.59146182,45.51469979],[-73.59026303,45.51577935],[-73.59147884,45.51616119]]]},"properties":{"ADAIDU":"24660133","IDUGD":"2021S051624660133","SUPTERRE":2.0624,"PRIDU":"24"},"bbox":[-73.61898296,45.50365158,-73.59026303,45.52054328]},{"type":"Feature","geometry":{"type":"Polygon","coordinates":[[[-73.71076407,45.53952233],[-73.71557309,45.53716999],[-73.7212051,45.53668241],[-73.72389693,45.53527609],[-73.72019931,45.53226149],[-73.70983725,45.5256448],[-73.69886865,45.53440034],[-73.7041365,45.53713217],[-73.71076407,45.53952233]]]},"properties":{"ADAIDU":"24660135","IDUGD":"2021S051624660135","SUPTERRE":1.5072,"PRIDU":"24"},"bbox":[-73.72389693,45.5256448,-73.69886865,45.53952233]},{"type":"Feature","geometry":{"type":"Polygon","coordinates":[[[-73.66522532,45.53068882],[-73.6666786,45.52817974],[-73.66859389,45.52372154],[-73.67149272,45.52455967],[-73.67385855,45.52097481],[-73.6772182,45.51835532],[-73.67992699,45.51623135],[-73.67236816,45.51152794],[-73.6680751,45.50950324],[-73.66277749,45.50782102],[-73.65512513,45.51965941],[-73.65089277,45.52724309],[-73.65387577,45.5273951],[-73.66522532,45.53068882]]]},"properties":{"ADAIDU":"24660136","IDUGD":"2021S051624660136","SUPTERRE":2.9734,"PRIDU":"24"},"bbox":[-73.67992699,45.50782102,-73.65089277,45.53068882]},{"type":"Feature","geometry":{"type":"Polygon","coordinates":[[[-73.69886865,45.53440034],[-73.70983725,45.5256448],[-73.70719444,45.52390905],[-73.69937939,45.52672489],[-73.69276503,45.52869874],[-73.686873,45.52875556],[-73.68533432,45.53048155],[-73.69233471,45.53085399],[-73.69886865,45.53440034]]]},"properties":{"ADAIDU":"24660138","IDUGD":"2021S051624660138","SUPTERRE":0.7927,"PRIDU":"24"},"bbox":[-73.70983725,45.52390905,-73.68533432,45.53440034]},{"type":"Feature","geometry":{"type":"MultiPolygon","coordinates":[[[[-73.55365962,45.49316457],[-73.55633699,45.4929995],[-73.5571012,45.4906925],[-73.55350983,45.49283248],[-73.55365962,45.49316457]]],[[[-73.55224894,45.49137872],[-73.55544832,45.49088319],[-73.56594774,45.48513373],[-73.56207636,45.48290597],[-73.57330349,45.47605834],[-73.57003784,45.4756574],[-73.57006568,45.47451686],[-73.56297736,45.47229138],[-73.55694322,45.46920901],[-73.5452001,45.47446551],[-73.5401372,45.47716689],[-73.53718751,45.4847716],[-73.53906634,45.48826163],[-73.55064563,45.49045855],[-73.55224894,45.49137872]]]]},"properties":{"ADAIDU":"24660139","IDUGD":"2021S051624660139","SUPTERRE":4.0704,"PRIDU":"24"},"bbox":[-73.57330349,45.46920901,-73.53718751,45.49316457]},{"type":"Feature","geometry":{"type":"Polygon","coordinates":[[[-73.62675619,45.51654809],[-73.62900132,45.51405772],[-73.63473715,45.5156819],[-73.63645046,45.51451921],[-73.63861397,45.51080123],[-73.64123885,45.50898488],[-73.64233788,45.50548814],[-73.64015563,45.5044822],[-73.63382421,45.51154099],[-73.6319139,45.51365486],[-73.62683118,45.51225782],[-73.62533609,45.51051351],[-73.61895776,45.50804925],[-73.61789285,45.50917513],[-73.61796405,45.51263546],[-73.62675619,45.51654809]]]},"properties":{"ADAIDU":"24660140","IDUGD":"2021S051624660140","SUPTERRE":0.8579,"PRIDU":"24"},"bbox":[-73.64233788,45.5044822,-73.61789285,45.51654809]},{"type":"Feature","geometry":{"type":"Polygon","coordinates":[[[-73.67149272,45.52455967],[-73.68051934,45.52714635],[-73.686873,45.52875556],[-73.69276503,45.52869874],[-73.69258438,45.52804854],[-73.6772182,45.51835532],[-73.67385855,45.52097481],[-73.67149272,45.52455967]]]},"properties":{"ADAIDU":"24660141","IDUGD":"2021S051624660141","SUPTERRE":0.8683,"PRIDU":"24"},"bbox":[-73.69276503,45.51835532,-73.67149272,45.52875556]},{"type":"Feature","geometry":{"type":"Polygon","coordinates":[[[-73.72389693,45.53527609],[-73.7269868,45.53210082],[-73.72068733,45.5281485],[-73.713032,45.52521565],[-73.7091247,45.52321832],[-73.70719444,45.52390905],[-73.70983725,45.5256448],[-73.72019931,45.53226149],[-73.72389693,45.53527609]]]},"properties":{"ADAIDU":"24660142","IDUGD":"2021S051624660142","SUPTERRE":0.5356,"PRIDU":"24"},"bbox":[-73.7269868,45.52321832,-73.70719444,45.53527609]},{"type":"Feature","geometry":{"type":"Polygon","coordinates":[[[-73.55285951,45.49877995],[-73.56163237,45.50172346],[-73.56680214,45.49689722],[-73.57228394,45.49253382],[-73.56719074,45.49009844],[-73.56419736,45.49365985],[-73.56136084,45.49836268],[-73.55569707,45.49600196],[-73.55365962,45.49316457],[-73.55265916,45.49580142],[-73.55285951,45.49877995]]]},"properties":{"ADAIDU":"24660143","IDUGD":"2021S051624660143","SUPTERRE":0.6967,"PRIDU":"24"},"bbox":[-73.57228394,45.49009844,-73.55265916,45.50172346]},{"type":"Feature","geometry":{"type":"Polygon","coordinates":[[[-73.6772182,45.51835532],[-73.69258438,45.52804854],[-73.69276503,45.52869874],[-73.69937939,45.52672489],[-73.69209838,45.52223175],[-73.68375916,45.51690274],[-73.68148334,45.51515522],[-73.67992699,45.51623135],[-73.6772182,45.51835532]]]},"properties":{"ADAIDU":"24660144","IDUGD":"2021S051624660144","SUPTERRE":0.8329,"PRIDU":"24"},"bbox":[-73.69937939,45.51515522,-73.6772182,45.52869874]},{"type":"Feature","geometry":{"type":"Polygon","coordinates":[[[-73.65512513,45.51965941],[-73.66277749,45.50782102],[-73.65207211,45.50477899],[-73.64687796,45.51359973],[-73.64357282,45.5165723],[-73.65512513,45.51965941]]]},"properties":{"ADAIDU":"24660145","IDUGD":"2021S051624660145","SUPTERRE":1.3134,"PRIDU":"24"},"bbox":[-73.66277749,45.50477899,-73.64357282,45.51965941]},{"type":"Feature","geometry":{"type":"Polygon","coordinates":[[[-73.59507061,45.50365158],[-73.59934423,45.50543698],[-73.60283002,45.50596895],[-73.61304786,45.5105608],[-73.61818009,45.50476277],[-73.61898296,45.50508706],[-73.61605261,45.50833852],[-73.61789285,45.50917513],[-73.61895776,45.50804925],[-73.62128777,45.50547324],[-73.62745923,45.4986494],[-73.61886004,45.49510437],[-73.60868652,45.49598319],[-73.60672431,45.49543183],[-73.60649756,45.49537772],[-73.60450523,45.49575458],[-73.59865475,45.501087],[-73.59507061,45.50365158]]]},"properties":{"ADAIDU":"24660146","IDUGD":"2021S051624660146","SUPTERRE":2.5518,"PRIDU":"24"},"bbox":[-73.62745923,45.49510437,-73.59507061,45.5105608]},{"type":"Feature","geometry":{"type":"Polygon","coordinates":[[[-73.63382421,45.51154099],[-73.62881261,45.50862262],[-73.62555287,45.5078655],[-73.62128777,45.50547324],[-73.61895776,45.50804925],[-73.62533609,45.51051351],[-73.62683118,45.51225782],[-73.6319139,45.51365486],[-73.63382421,45.51154099]]]},"properties":{"ADAIDU":"24660147","IDUGD":"2021S051624660147","SUPTERRE":0.3786,"PRIDU":"24"},"bbox":[-73.63382421,45.50547324,-73.61895776,45.51365486]},{"type":"Feature","geometry":{"type":"MultiPolygon","coordinates":[[[[-73.7597535,45.509332],[-73.7567892,45.51162839],[-73.75736929,45.51257189],[-73.76159796,45.51035843],[-73.7597535,45.509332]]],[[[-73.7524786,45.5179189],[-73.7569631,45.51610919],[-73.75648151,45.5143555],[-73.75293849,45.51488539],[-73.7524786,45.5179189]]],[[[-73.7269868,45.53210082],[-73.7312394,45.52942779],[-73.73255931,45.52972211],[-73.73490409,45.52710781],[-73.7398506,45.52525281],[-73.74332131,45.51967541],[-73.75036978,45.51576389],[-73.7512412,45.51311649],[-73.7575267,45.51059189],[-73.75942332,45.50914824],[-73.75893099,45.50887423],[-73.7562753,45.50839009],[-73.75744595,45.50781157],[-73.75568305,45.50640605],[-73.73386942,45.51428314],[-73.72892075,45.51605238],[-73.73594027,45.52077098],[-73.73176755,45.52368872],[-73.72800209,45.52128993],[-73.72149514,45.52672083],[-73.71837533,45.5248546],[-73.71708597,45.52546334],[-73.7145698,45.52386046],[-73.713032,45.52521565],[-73.72068733,45.5281485],[-73.7269868,45.53210082]]]]},"properties":{"ADAIDU":"24660148","IDUGD":"2021S051624660148","SUPTERRE":2.956,"PRIDU":"24"},"bbox":[-73.76159796,45.50640605,-73.713032,45.53210082]},{"type":"Feature","geometry":{"type":"Polygon","coordinates":[[[-73.57657623,45.50184513],[-73.58172923,45.4965638],[-73.57783462,45.49503262],[-73.58473993,45.48910528],[-73.58111137,45.48631073],[-73.57717527,45.48906257],[-73.57228394,45.49253382],[-73.56680214,45.49689722],[-73.57657623,45.50184513]]]},"properties":{"ADAIDU":"24660149","IDUGD":"2021S051624660149","SUPTERRE":1.0129,"PRIDU":"24"},"bbox":[-73.58473993,45.48631073,-73.56680214,45.50184513]},{"type":"Feature","geometry":{"type":"Polygon","coordinates":[[[-73.70719444,45.52390905],[-73.7091247,45.52321832],[-73.7074493,45.52218277],[-73.69157602,45.5123498],[-73.68986461,45.51221251],[-73.68726374,45.51420207],[-73.69651012,45.52003826],[-73.69209838,45.52223175],[-73.69937939,45.52672489],[-73.70719444,45.52390905]]]},"properties":{"ADAIDU":"24660150","IDUGD":"2021S051624660150","SUPTERRE":1.0277,"PRIDU":"24"},"bbox":[-73.7091247,45.51221251,-73.68726374,45.52672489]},{"type":"Feature","geometry":{"type":"Polygon","coordinates":[[[-73.64015563,45.5044822],[-73.63487289,45.50206783],[-73.632186,45.50085653],[-73.62794503,45.50612279],[-73.62555287,45.5078655],[-73.62881261,45.50862262],[-73.63382421,45.51154099],[-73.64015563,45.5044822]]]},"properties":{"ADAIDU":"24660151","IDUGD":"2021S051624660151","SUPTERRE":0.6683,"PRIDU":"24"},"bbox":[-73.64015563,45.50085653,-73.62555287,45.51154099]},{"type":"Feature","geometry":{"type":"Polygon","coordinates":[[[-73.69209838,45.52223175],[-73.69651012,45.52003826],[-73.68726374,45.51420207],[-73.68375916,45.51690274],[-73.69209838,45.52223175]]]},"properties":{"ADAIDU":"24660152","IDUGD":"2021S051624660152","SUPTERRE":0.3788,"PRIDU":"24"},"bbox":[-73.69651012,45.51420207,-73.68375916,45.52223175]},{"type":"Feature","geometry":{"type":"Polygon","coordinates":[[[-73.62128777,45.50547324],[-73.62555287,45.5078655],[-73.62794503,45.50612279],[-73.632186,45.50085653],[-73.62745923,45.4986494],[-73.62128777,45.50547324]]]},"properties":{"ADAIDU":"24660153","IDUGD":"2021S051624660153","SUPTERRE":0.4104,"PRIDU":"24"},"bbox":[-73.632186,45.4986494,-73.62128777,45.5078655]},{"type":"Feature","geometry":{"type":"Polygon","coordinates":[[[-73.713032,45.52521565],[-73.7145698,45.52386046],[-73.71708597,45.52546334],[-73.71837533,45.5248546],[-73.72149514,45.52672083],[-73.72800209,45.52128993],[-73.73176755,45.52368872],[-73.73594027,45.52077098],[-73.72892075,45.51605238],[-73.73386942,45.51428314],[-73.73027429,45.51185588],[-73.72656771,45.51199842],[-73.72243557,45.51223131],[-73.71496232,45.51831952],[-73.7074493,45.52218277],[-73.7091247,45.52321832],[-73.713032,45.52521565]]]},"properties":{"ADAIDU":"24660154","IDUGD":"2021S051624660154","SUPTERRE":1.8933,"PRIDU":"24"},"bbox":[-73.73594027,45.51185588,-73.7074493,45.52672083]},{"type":"Feature","geometry":{"type":"Polygon","coordinates":[[[-73.58887146,45.49043601],[-73.58473993,45.48910528],[-73.57783462,45.49503262],[-73.58172923,45.4965638],[-73.58441932,45.49356997],[-73.58887146,45.49043601]]]},"properties":{"ADAIDU":"24660155","IDUGD":"2021S051624660155","SUPTERRE":0.2821,"PRIDU":"24"},"bbox":[-73.58887146,45.48910528,-73.57783462,45.4965638]},{"type":"Feature","geometry":{"type":"Polygon","coordinates":[[[-73.66277749,45.50782102],[-73.6680751,45.50950324],[-73.67236816,45.51152794],[-73.67992699,45.51623135],[-73.68148334,45.51515522],[-73.68375916,45.51690274],[-73.68726374,45.51420207],[-73.68986461,45.51221251],[-73.69157602,45.5123498],[-73.68793646,45.51007097],[-73.68016946,45.50536818],[-73.6750166,45.50946276],[-73.66506046,45.50362124],[-73.66277749,45.50782102]]]},"properties":{"ADAIDU":"24660157","IDUGD":"2021S051624660157","SUPTERRE":1.3023,"PRIDU":"24"},"bbox":[-73.69157602,45.50362124,-73.66277749,45.51690274]},{"type":"Feature","geometry":{"type":"MultiPolygon","coordinates":[[[[-73.56594774,45.48513373],[-73.57241249,45.48057049],[-73.57454158,45.47832837],[-73.57330349,45.47605834],[-73.56207636,45.48290597],[-73.56594774,45.48513373]]],[[[-73.55365962,45.49316457],[-73.55569707,45.49600196],[-73.56136084,45.49836268],[-73.56419736,45.49365985],[-73.56719074,45.49009844],[-73.57228394,45.49253382],[-73.57717527,45.48906257],[-73.56938917,45.48334264],[-73.56089621,45.48872079],[-73.5571012,45.4906925],[-73.55633699,45.4929995],[-73.55365962,45.49316457]]]]},"properties":{"ADAIDU":"24660158","IDUGD":"2021S051624660158","SUPTERRE":1.5646,"PRIDU":"24"},"bbox":[-73.57717527,45.47605834,-73.55365962,45.49836268]},{"type":"Feature","geometry":{"type":"Polygon","coordinates":[[[-73.645624,45.50154638],[-73.64804395,45.49904519],[-73.64053735,45.49565721],[-73.63487289,45.50206783],[-73.64015563,45.5044822],[-73.64233788,45.50548814],[-73.645624,45.50154638]]]},"properties":{"ADAIDU":"24660159","IDUGD":"2021S051624660159","SUPTERRE":0.5754,"PRIDU":"24"},"bbox":[-73.64804395,45.49565721,-73.63487289,45.50548814]},{"type":"Feature","geometry":{"type":"Polygon","coordinates":[[[-73.63487289,45.50206783],[-73.64053735,45.49565721],[-73.63761997,45.49436483],[-73.63313233,45.49234922],[-73.62745923,45.4986494],[-73.632186,45.50085653],[-73.63487289,45.50206783]]]},"properties":{"ADAIDU":"24660160","IDUGD":"2021S051624660160","SUPTERRE":0.5744,"PRIDU":"24"},"bbox":[-73.64053735,45.49234922,-73.62745923,45.50206783]},{"type":"Feature","geometry":{"type":"Polygon","coordinates":[[[-73.60649756,45.49537772],[-73.60672431,45.49543183],[-73.61144028,45.49164804],[-73.61481888,45.49301688],[-73.61799412,45.48941437],[-73.61840919,45.48822901],[-73.61531861,45.48680209],[-73.61720109,45.48478518],[-73.61502653,45.48388511],[-73.60683313,45.48818769],[-73.60090781,45.48961845],[-73.59443419,45.48682631],[-73.59847779,45.48327747],[-73.59348086,45.48104105],[-73.5892084,45.48458089],[-73.58473993,45.48910528],[-73.58887146,45.49043601],[-73.59568095,45.49260031],[-73.59650143,45.49173881],[-73.60070666,45.49348987],[-73.60293681,45.49523451],[-73.60649756,45.49537772]]]},"properties":{"ADAIDU":"24660161","IDUGD":"2021S051624660161","SUPTERRE":1.7729,"PRIDU":"24"},"bbox":[-73.61840919,45.48104105,-73.58473993,45.49543183]},{"type":"Feature","geometry":{"type":"Polygon","coordinates":[[[-73.61886004,45.49510437],[-73.62238625,45.4912687],[-73.61799412,45.48941437],[-73.61481888,45.49301688],[-73.61144028,45.49164804],[-73.60672431,45.49543183],[-73.60868652,45.49598319],[-73.61886004,45.49510437]]]},"properties":{"ADAIDU":"24660162","IDUGD":"2021S051624660162","SUPTERRE":0.4271,"PRIDU":"24"},"bbox":[-73.62238625,45.48941437,-73.60672431,45.49598319]},{"type":"Feature","geometry":{"type":"Polygon","coordinates":[[[-73.66506046,45.50362124],[-73.6750166,45.50946276],[-73.68016946,45.50536818],[-73.68793646,45.51007097],[-73.69243048,45.50643108],[-73.68032654,45.4988166],[-73.67894713,45.49991245],[-73.67429098,45.49700858],[-73.67386582,45.49718099],[-73.66759842,45.50214837],[-73.66506046,45.50362124]]]},"properties":{"ADAIDU":"24660163","IDUGD":"2021S051624660163","SUPTERRE":1.5027,"PRIDU":"24"},"bbox":[-73.69243048,45.49700858,-73.66506046,45.51007097]},{"type":"Feature","geometry":{"type":"Polygon","coordinates":[[[-73.58111137,45.48631073],[-73.58059332,45.48563288],[-73.58512429,45.4822325],[-73.58296679,45.48122056],[-73.57948238,45.48384892],[-73.57790595,45.48127546],[-73.57502593,45.47881445],[-73.56938917,45.48334264],[-73.57717527,45.48906257],[-73.58111137,45.48631073]]]},"properties":{"ADAIDU":"24660164","IDUGD":"2021S051624660164","SUPTERRE":0.6084,"PRIDU":"24"},"bbox":[-73.58512429,45.47881445,-73.56938917,45.48906257]},{"type":"Feature","geometry":{"type":"Polygon","coordinates":[[[-73.6772848,45.48386281],[-73.67793734,45.48160279],[-73.67570148,45.48307972],[-73.67441226,45.48211088],[-73.66972684,45.4836314],[-73.66186812,45.48024741],[-73.66078294,45.48131782],[-73.65607335,45.47915612],[-73.65621663,45.48440171],[-73.65450878,45.48850423],[-73.65058602,45.49281452],[-73.64815133,45.49183318],[-73.64221322,45.4895611],[-73.63761997,45.49436483],[-73.64053735,45.49565721],[-73.64804395,45.49904519],[-73.645624,45.50154638],[-73.65202795,45.50426649],[-73.65646588,45.50377879],[-73.65980822,45.50475042],[-73.66214334,45.50195841],[-73.66304047,45.49874019],[-73.65622702,45.49435256],[-73.66711904,45.48607602],[-73.67526046,45.49133816],[-73.6772848,45.48386281]]]},"properties":{"ADAIDU":"24660165","IDUGD":"2021S051624660165","SUPTERRE":3.2616,"PRIDU":"24"},"bbox":[-73.67793734,45.47915612,-73.63761997,45.50475042]},{"type":"Feature","geometry":{"type":"Polygon","coordinates":[[[-73.62745923,45.4986494],[-73.63313233,45.49234922],[-73.62478823,45.48862603],[-73.62238625,45.4912687],[-73.61886004,45.49510437],[-73.62745923,45.4986494]]]},"properties":{"ADAIDU":"24660166","IDUGD":"2021S051624660166","SUPTERRE":0.6414,"PRIDU":"24"},"bbox":[-73.63313233,45.48862603,-73.61886004,45.4986494]},{"type":"Feature","geometry":{"type":"Polygon","coordinates":[[[-73.58473993,45.48910528],[-73.5892084,45.48458089],[-73.59348086,45.48104105],[-73.59847779,45.48327747],[-73.60594343,45.47681877],[-73.60076753,45.47512299],[-73.5973625,45.47379162],[-73.59576543,45.47484871],[-73.59382883,45.47735999],[-73.58611803,45.48271924],[-73.58512429,45.4822325],[-73.58059332,45.48563288],[-73.58111137,45.48631073],[-73.58473993,45.48910528]]]},"properties":{"ADAIDU":"24660168","IDUGD":"2021S051624660168","SUPTERRE":1.0463,"PRIDU":"24"},"bbox":[-73.60594343,45.47379162,-73.58059332,45.48910528]},{"type":"Feature","geometry":{"type":"Polygon","coordinates":[[[-73.61502653,45.48388511],[-73.61240628,45.48270168],[-73.61407199,45.48046334],[-73.60594343,45.47681877],[-73.59847779,45.48327747],[-73.59443419,45.48682631],[-73.60090781,45.48961845],[-73.60683313,45.48818769],[-73.61502653,45.48388511]]]},"properties":{"ADAIDU":"24660170","IDUGD":"2021S051624660170","SUPTERRE":1.2246,"PRIDU":"24"},"bbox":[-73.61502653,45.47681877,-73.59443419,45.48961845]},{"type":"Feature","geometry":{"type":"Polygon","coordinates":[[[-73.58512429,45.4822325],[-73.58611803,45.48271924],[-73.59382883,45.47735999],[-73.59576543,45.47484871],[-73.59649297,45.4731767],[-73.59811872,45.46920801],[-73.58769078,45.47567575],[-73.58114426,45.47277694],[-73.57502593,45.47881445],[-73.57790595,45.48127546],[-73.57948238,45.48384892],[-73.58296679,45.48122056],[-73.58512429,45.4822325]]]},"properties":{"ADAIDU":"24660171","IDUGD":"2021S051624660171","SUPTERRE":1.1557,"PRIDU":"24"},"bbox":[-73.59811872,45.46920801,-73.57502593,45.48384892]},{"type":"Feature","geometry":{"type":"Polygon","coordinates":[[[-73.69243048,45.50643108],[-73.70134702,45.49932913],[-73.6990787,45.49543956],[-73.69617733,45.49301121],[-73.68771588,45.49475479],[-73.67735264,45.49547208],[-73.67429098,45.49700858],[-73.67894713,45.49991245],[-73.68032654,45.4988166],[-73.69243048,45.50643108]]]},"properties":{"ADAIDU":"24660172","IDUGD":"2021S051624660172","SUPTERRE":1.6146,"PRIDU":"24"},"bbox":[-73.70134702,45.49301121,-73.67429098,45.50643108]},{"type":"Feature","geometry":{"type":"Polygon","coordinates":[[[-73.61799412,45.48941437],[-73.62238625,45.4912687],[-73.62478823,45.48862603],[-73.62901362,45.48366081],[-73.63199674,45.48035877],[-73.63073423,45.47929229],[-73.62949481,45.47831092],[-73.62603264,45.47896384],[-73.62346498,45.47982005],[-73.61952318,45.48321342],[-73.61502653,45.48388511],[-73.61720109,45.48478518],[-73.61531861,45.48680209],[-73.61840919,45.48822901],[-73.61799412,45.48941437]]]},"properties":{"ADAIDU":"24660173","IDUGD":"2021S051624660173","SUPTERRE":0.9146,"PRIDU":"24"},"bbox":[-73.63199674,45.47831092,-73.61502653,45.4912687]},{"type":"Feature","geometry":{"type":"Polygon","coordinates":[[[-73.63761997,45.49436483],[-73.64221322,45.4895611],[-73.62901362,45.48366081],[-73.62478823,45.48862603],[-73.63313233,45.49234922],[-73.63761997,45.49436483]]]},"properties":{"ADAIDU":"24660174","IDUGD":"2021S051624660174","SUPTERRE":0.7716,"PRIDU":"24"},"bbox":[-73.64221322,45.48366081,-73.62478823,45.49436483]},{"type":"Feature","geometry":{"type":"MultiPolygon","coordinates":[[[[-73.59811872,45.46920801],[-73.59822499,45.46794841],[-73.59548028,45.46544281],[-73.58519998,45.46949361],[-73.58114426,45.47277694],[-73.58769078,45.47567575],[-73.59811872,45.46920801]]],[[[-73.57330349,45.47605834],[-73.57454158,45.47832837],[-73.58438079,45.46903521],[-73.58986369,45.46678141],[-73.59577331,45.46496471],[-73.59365155,45.46393899],[-73.58786668,45.46368864],[-73.58097715,45.46342676],[-73.58026211,45.46656073],[-73.57975598,45.46653161],[-73.5788062,45.46755914],[-73.57524256,45.46772693],[-73.57538884,45.46640941],[-73.57215689,45.46630801],[-73.57202556,45.4673654],[-73.57158166,45.47237209],[-73.57262727,45.47422548],[-73.57006568,45.47451686],[-73.57003784,45.4756574],[-73.57330349,45.47605834]]]]},"properties":{"ADAIDU":"24660175","IDUGD":"2021S051624660175","SUPTERRE":1.9451,"PRIDU":"24"},"bbox":[-73.59822499,45.46342676,-73.57003784,45.47832837]},{"type":"Feature","geometry":{"type":"Polygon","coordinates":[[[-73.65621663,45.48440171],[-73.65434763,45.48530006],[-73.65084617,45.48888642],[-73.64815133,45.49183318],[-73.65058602,45.49281452],[-73.65450878,45.48850423],[-73.65621663,45.48440171]]]},"properties":{"ADAIDU":"24660176","IDUGD":"2021S051624660176","SUPTERRE":0.1971,"PRIDU":"24"},"bbox":[-73.65621663,45.48440171,-73.64815133,45.49281452]},{"type":"Feature","geometry":{"type":"Polygon","coordinates":[[[-73.64815133,45.49183318],[-73.65084617,45.48888642],[-73.63891823,45.48352011],[-73.63199674,45.48035877],[-73.62901362,45.48366081],[-73.64221322,45.4895611],[-73.64815133,45.49183318]]]},"properties":{"ADAIDU":"24660177","IDUGD":"2021S051624660177","SUPTERRE":0.7497,"PRIDU":"24"},"bbox":[-73.65084617,45.48035877,-73.62901362,45.49183318]},{"type":"Feature","geometry":{"type":"Polygon","coordinates":[[[-73.57006568,45.47451686],[-73.57262727,45.47422548],[-73.57158166,45.47237209],[-73.57202556,45.4673654],[-73.56661286,45.46713025],[-73.56702251,45.4627658],[-73.56006231,45.4624546],[-73.55951831,45.4680431],[-73.55694322,45.46920901],[-73.56297736,45.47229138],[-73.57006568,45.47451686]]]},"properties":{"ADAIDU":"24660178","IDUGD":"2021S051624660178","SUPTERRE":0.9365,"PRIDU":"24"},"bbox":[-73.57262727,45.4624546,-73.55694322,45.47451686]},{"type":"Feature","geometry":{"type":"Polygon","coordinates":[[[-73.60594343,45.47681877],[-73.61407199,45.48046334],[-73.61240628,45.48270168],[-73.61502653,45.48388511],[-73.61952318,45.48321342],[-73.62346498,45.47982005],[-73.62603264,45.47896384],[-73.6119812,45.47253333],[-73.6105997,45.47325478],[-73.60716407,45.47166347],[-73.60076753,45.47512299],[-73.60594343,45.47681877]]]},"properties":{"ADAIDU":"24660179","IDUGD":"2021S051624660179","SUPTERRE":1.1761,"PRIDU":"24"},"bbox":[-73.62603264,45.47166347,-73.60076753,45.48388511]},{"type":"Feature","geometry":{"type":"Polygon","coordinates":[[[-73.65607335,45.47915612],[-73.64423513,45.47392788],[-73.64206198,45.47508828],[-73.63956743,45.47666075],[-73.63389558,45.47729307],[-73.62949481,45.47831092],[-73.63073423,45.47929229],[-73.63922679,45.48318133],[-73.63891823,45.48352011],[-73.65084617,45.48888642],[-73.65434763,45.48530006],[-73.65621663,45.48440171],[-73.65607335,45.47915612]]]},"properties":{"ADAIDU":"24660180","IDUGD":"2021S051624660180","SUPTERRE":1.7942,"PRIDU":"24"},"bbox":[-73.65621663,45.47392788,-73.62949481,45.48888642]},{"type":"Feature","geometry":{"type":"Polygon","coordinates":[[[-73.75872581,45.50876005],[-73.75971811,45.5084363],[-73.7597535,45.509332],[-73.76159796,45.51035843],[-73.77178791,45.5087411],[-73.77695691,45.5084678],[-73.78297739,45.5095869],[-73.79058861,45.50886589],[-73.79696461,45.5093804],[-73.79921129,45.51071529],[-73.80016731,45.51480711],[-73.8057093,45.5147923],[-73.808469,45.51622469],[-73.81229013,45.51576025],[-73.80418818,45.51034949],[-73.78990023,45.50478177],[-73.78410603,45.50347681],[-73.78631824,45.50156076],[-73.7829394,45.49927764],[-73.78049599,45.4996838],[-73.77910526,45.50043188],[-73.77291015,45.49773238],[-73.77081505,45.49916212],[-73.77037821,45.50111509],[-73.77264219,45.50257745],[-73.76833035,45.50350662],[-73.76652046,45.50208289],[-73.76382402,45.50276191],[-73.76060341,45.50089011],[-73.7580309,45.50135938],[-73.75220174,45.50408266],[-73.75568305,45.50640605],[-73.75744595,45.50781157],[-73.75813114,45.50835782],[-73.75872581,45.50876005]]]},"properties":{"ADAIDU":"24660181","IDUGD":"2021S051624660181","SUPTERRE":2.9677,"PRIDU":"24"},"bbox":[-73.81229013,45.49773238,-73.75220174,45.51622469]},{"type":"Feature","geometry":{"type":"Polygon","coordinates":[[[-73.60076753,45.47512299],[-73.60716407,45.47166347],[-73.6105997,45.47325478],[-73.6119812,45.47253333],[-73.61717091,45.46986134],[-73.61363896,45.46829792],[-73.62540531,45.46218836],[-73.64213884,45.45345211],[-73.63508375,45.45069499],[-73.63082441,45.45301595],[-73.62811258,45.45548146],[-73.62115957,45.46030976],[-73.61249618,45.46389759],[-73.60271467,45.46893751],[-73.59649297,45.4731767],[-73.59576543,45.47484871],[-73.5973625,45.47379162],[-73.60076753,45.47512299]]]},"properties":{"ADAIDU":"24660182","IDUGD":"2021S051624660182","SUPTERRE":1.9974,"PRIDU":"24"},"bbox":[-73.64213884,45.45069499,-73.59576543,45.47512299]},{"type":"Feature","geometry":{"type":"Polygon","coordinates":[[[-73.63199674,45.48035877],[-73.63891823,45.48352011],[-73.63922679,45.48318133],[-73.63073423,45.47929229],[-73.63199674,45.48035877]]]},"properties":{"ADAIDU":"24660183","IDUGD":"2021S051624660183","SUPTERRE":0.0371,"PRIDU":"24"},"bbox":[-73.63922679,45.47929229,-73.63073423,45.48352011]},{"type":"Feature","geometry":{"type":"MultiPolygon","coordinates":[[[[-73.58097715,45.46342676],[-73.58068959,45.46340063],[-73.58026211,45.46656073],[-73.58097715,45.46342676]]],[[[-73.57975598,45.46653161],[-73.58024163,45.46337396],[-73.57134624,45.46297913],[-73.56702251,45.4627658],[-73.56661286,45.46713025],[-73.57202556,45.4673654],[-73.57215689,45.46630801],[-73.57538884,45.46640941],[-73.57524256,45.46772693],[-73.5788062,45.46755914],[-73.57975598,45.46653161]]]]},"properties":{"ADAIDU":"24660184","IDUGD":"2021S051624660184","SUPTERRE":0.4685,"PRIDU":"24"},"bbox":[-73.58097715,45.4627658,-73.56661286,45.46772693]},{"type":"Feature","geometry":{"type":"Polygon","coordinates":[[[-73.61350004,45.45749752],[-73.62132122,45.4539744],[-73.62968051,45.44740541],[-73.6322854,45.44605259],[-73.64580914,45.44075411],[-73.63468265,45.43056597],[-73.62989126,45.43240326],[-73.62537555,45.43643484],[-73.62215757,45.43941772],[-73.61498697,45.4435657],[-73.60873548,45.44841448],[-73.60589699,45.451805],[-73.60726397,45.45463026],[-73.61350004,45.45749752]]]},"properties":{"ADAIDU":"24660185","IDUGD":"2021S051624660185","SUPTERRE":3.8456,"PRIDU":"24"},"bbox":[-73.64580914,45.43056597,-73.60589699,45.45749752]},{"type":"Feature","geometry":{"type":"Polygon","coordinates":[[[-73.62949481,45.47831092],[-73.63389558,45.47729307],[-73.61717091,45.46986134],[-73.6119812,45.47253333],[-73.62603264,45.47896384],[-73.62949481,45.47831092]]]},"properties":{"ADAIDU":"24660186","IDUGD":"2021S051624660186","SUPTERRE":0.6831,"PRIDU":"24"},"bbox":[-73.63389558,45.46986134,-73.6119812,45.47896384]},{"type":"Feature","geometry":{"type":"Polygon","coordinates":[[[-73.81229013,45.51576025],[-73.81689439,45.5145369],[-73.80933674,45.50913739],[-73.81418997,45.51023689],[-73.81837543,45.51290073],[-73.82136622,45.51296599],[-73.81803414,45.51001664],[-73.81250888,45.50479714],[-73.8157821,45.50261202],[-73.81023047,45.49686544],[-73.80150205,45.50059811],[-73.80016201,45.49933987],[-73.79406604,45.50222333],[-73.78990023,45.50478177],[-73.80418818,45.51034949],[-73.81229013,45.51576025]]]},"properties":{"ADAIDU":"24660187","IDUGD":"2021S051624660187","SUPTERRE":2.2488,"PRIDU":"24"},"bbox":[-73.82136622,45.49686544,-73.78990023,45.51576025]},{"type":"Feature","geometry":{"type":"MultiPolygon","coordinates":[[[[-73.85601781,45.5078708],[-73.85839291,45.50704451],[-73.85705411,45.50580701],[-73.85601781,45.5078708]]],[[[-73.81689439,45.5145369],[-73.81837543,45.51290073],[-73.81418997,45.51023689],[-73.80933674,45.50913739],[-73.81689439,45.5145369]]],[[[-73.82136622,45.51296599],[-73.82496342,45.51549499],[-73.82974609,45.5169661],[-73.83212332,45.5163563],[-73.84161229,45.51710219],[-73.84590959,45.5165403],[-73.85097169,45.5113778],[-73.85560758,45.5077731],[-73.85801548,45.5020245],[-73.85792219,45.49940631],[-73.85555691,45.4997107],[-73.85315368,45.4959928],[-73.85377571,45.49487206],[-73.85286792,45.49370359],[-73.84875109,45.49801296],[-73.84781059,45.50008545],[-73.84489669,45.50179052],[-73.83980129,45.50309257],[-73.83432341,45.5055203],[-73.82491981,45.50730213],[-73.81803414,45.51001664],[-73.82136622,45.51296599]]]]},"properties":{"ADAIDU":"24660189","IDUGD":"2021S051624660189","SUPTERRE":3.8914,"PRIDU":"24"},"bbox":[-73.85839291,45.49370359,-73.80933674,45.51710219]},{"type":"Feature","geometry":{"type":"Polygon","coordinates":[[[-73.56702251,45.4627658],[-73.57134624,45.46297913],[-73.57207945,45.45484453],[-73.5635314,45.45440811],[-73.56055679,45.45856711],[-73.56006231,45.4624546],[-73.56702251,45.4627658]]]},"properties":{"ADAIDU":"24660190","IDUGD":"2021S051624660190","SUPTERRE":0.7485,"PRIDU":"24"},"bbox":[-73.57207945,45.45440811,-73.56006231,45.46297913]},{"type":"Feature","geometry":{"type":"Polygon","coordinates":[[[-73.64206198,45.47508828],[-73.63174979,45.47053624],[-73.62339482,45.46665049],[-73.61717091,45.46986134],[-73.63389558,45.47729307],[-73.63956743,45.47666075],[-73.64206198,45.47508828]]]},"properties":{"ADAIDU":"24660191","IDUGD":"2021S051624660191","SUPTERRE":0.9229,"PRIDU":"24"},"bbox":[-73.64206198,45.46665049,-73.61717091,45.47729307]},{"type":"Feature","geometry":{"type":"Polygon","coordinates":[[[-73.67793734,45.48160279],[-73.67949341,45.47591359],[-73.66894812,45.4728153],[-73.66841897,45.47350442],[-73.66391826,45.47227401],[-73.66134911,45.47606793],[-73.65604958,45.47471836],[-73.65607335,45.47915612],[-73.66078294,45.48131782],[-73.66186812,45.48024741],[-73.66972684,45.4836314],[-73.67441226,45.48211088],[-73.67570148,45.48307972],[-73.67793734,45.48160279]]]},"properties":{"ADAIDU":"24660192","IDUGD":"2021S051624660192","SUPTERRE":1.508,"PRIDU":"24"},"bbox":[-73.67949341,45.47227401,-73.65604958,45.4836314]},{"type":"Feature","geometry":{"type":"Polygon","coordinates":[[[-73.58097715,45.46342676],[-73.58074296,45.45787102],[-73.58196857,45.45513971],[-73.58357405,45.45326277],[-73.58907904,45.44877153],[-73.58882337,45.44883074],[-73.5933305,45.44424639],[-73.59920488,45.43747317],[-73.60261899,45.43442099],[-73.60952336,45.42995557],[-73.6175273,45.42478721],[-73.62195692,45.42300112],[-73.62843141,45.4208251],[-73.6303822,45.41903209],[-73.63142713,45.41588683],[-73.6297429,45.41882589],[-73.62742181,45.4207632],[-73.6189173,45.42348991],[-73.61488764,45.42584687],[-73.60839411,45.42995089],[-73.60095819,45.43484539],[-73.59847472,45.43731978],[-73.58794277,45.44903468],[-73.58682796,45.44929283],[-73.57704123,45.4481819],[-73.57640591,45.45494492],[-73.57207945,45.45484453],[-73.57134624,45.46297913],[-73.58024163,45.46337396],[-73.57975598,45.46653161],[-73.58026211,45.46656073],[-73.58068959,45.46340063],[-73.58097715,45.46342676]]]},"properties":{"ADAIDU":"24660193","IDUGD":"2021S051624660193","SUPTERRE":1.0529,"PRIDU":"24"},"bbox":[-73.63142713,45.41588683,-73.57134624,45.46656073]},{"type":"Feature","geometry":{"type":"Polygon","coordinates":[[[-73.65607335,45.47915612],[-73.65604958,45.47471836],[-73.66134911,45.47606793],[-73.66391826,45.47227401],[-73.6664112,45.46879133],[-73.65846929,45.4657552],[-73.65613171,45.47083184],[-73.65578288,45.46284883],[-73.65376673,45.4653775],[-73.6496266,45.46995225],[-73.64423513,45.47392788],[-73.65607335,45.47915612]]]},"properties":{"ADAIDU":"24660194","IDUGD":"2021S051624660194","SUPTERRE":1.3461,"PRIDU":"24"},"bbox":[-73.6664112,45.46284883,-73.64423513,45.47915612]},{"type":"Feature","geometry":{"type":"Polygon","coordinates":[[[-73.58786668,45.46368864],[-73.5881362,45.46060393],[-73.59696203,45.46100991],[-73.59541901,45.45690946],[-73.59498591,45.45575953],[-73.58196857,45.45513971],[-73.58074296,45.45787102],[-73.58097715,45.46342676],[-73.58786668,45.46368864]]]},"properties":{"ADAIDU":"24660195","IDUGD":"2021S051624660195","SUPTERRE":0.8649,"PRIDU":"24"},"bbox":[-73.59696203,45.45513971,-73.58074296,45.46368864]},{"type":"Feature","geometry":{"type":"Polygon","coordinates":[[[-73.64423513,45.47392788],[-73.6496266,45.46995225],[-73.64329929,45.46750087],[-73.63912971,45.4667466],[-73.64018954,45.46538411],[-73.63728687,45.46426772],[-73.63174979,45.47053624],[-73.64206198,45.47508828],[-73.64423513,45.47392788]]]},"properties":{"ADAIDU":"24660196","IDUGD":"2021S051624660196","SUPTERRE":0.8167,"PRIDU":"24"},"bbox":[-73.6496266,45.46426772,-73.63174979,45.47508828]},{"type":"Feature","geometry":{"type":"Polygon","coordinates":[[[-73.61717091,45.46986134],[-73.62339482,45.46665049],[-73.62896981,45.46372473],[-73.62540531,45.46218836],[-73.61363896,45.46829792],[-73.61717091,45.46986134]]]},"properties":{"ADAIDU":"24660197","IDUGD":"2021S051624660197","SUPTERRE":0.3488,"PRIDU":"24"},"bbox":[-73.62896981,45.46218836,-73.61363896,45.46986134]},{"type":"Feature","geometry":{"type":"MultiPolygon","coordinates":[[[[-73.59577331,45.46496471],[-73.5986044,45.46296781],[-73.60326801,45.46093001],[-73.61350004,45.45749752],[-73.60726397,45.45463026],[-73.60589699,45.451805],[-73.60323887,45.45553118],[-73.59541901,45.45690946],[-73.59696203,45.46100991],[-73.5881362,45.46060393],[-73.58786668,45.46368864],[-73.59365155,45.46393899],[-73.59577331,45.46496471]]],[[[-73.59649297,45.4731767],[-73.60271467,45.46893751],[-73.61249618,45.46389759],[-73.62115957,45.46030976],[-73.62811258,45.45548146],[-73.63082441,45.45301595],[-73.63508375,45.45069499],[-73.63257648,45.44972912],[-73.62923809,45.44834523],[-73.62676061,45.4507561],[-73.62014728,45.45510051],[-73.61396451,45.45780641],[-73.60439349,45.46101901],[-73.59548028,45.46544281],[-73.59822499,45.46794841],[-73.59811872,45.46920801],[-73.59649297,45.4731767]]]]},"properties":{"ADAIDU":"24660198","IDUGD":"2021S051624660198","SUPTERRE":2.8929,"PRIDU":"24"},"bbox":[-73.63508375,45.44834523,-73.58786668,45.4731767]},{"type":"Feature","geometry":{"type":"MultiPolygon","coordinates":[[[[-73.86573601,45.48158683],[-73.85867107,45.48741206],[-73.85979816,45.48888991],[-73.86905541,45.4858463],[-73.8688182,45.48477621],[-73.87148309,45.48149209],[-73.8745633,45.4791875],[-73.8775901,45.47272561],[-73.87954089,45.47218898],[-73.87857752,45.47090002],[-73.8770496,45.47090479],[-73.87131785,45.47318964],[-73.87281164,45.47546562],[-73.86573601,45.48158683]]],[[[-73.87741545,45.48559836],[-73.87618509,45.48647089],[-73.87237949,45.48552951],[-73.86618151,45.49047171],[-73.86425401,45.4911527],[-73.86430619,45.49329419],[-73.86149492,45.4958317],[-73.86107081,45.4975428],[-73.86320822,45.4996146],[-73.86339559,45.50289851],[-73.86035612,45.5038439],[-73.85835419,45.50900629],[-73.85502888,45.5113922],[-73.85730169,45.51458859],[-73.8612913,45.51600679],[-73.86428749,45.5181749],[-73.86368019,45.51927459],[-73.86795211,45.51873909],[-73.87125911,45.51943021],[-73.87996749,45.5200765],[-73.88281549,45.5209848],[-73.8860244,45.52039811],[-73.8875331,45.51829639],[-73.89170033,45.51874921],[-73.88899592,45.51612847],[-73.87876542,45.50446556],[-73.87650789,45.50234737],[-73.87693127,45.49869562],[-73.87359521,45.49810562],[-73.87133095,45.49654446],[-73.87217186,45.49494088],[-73.87157788,45.4920211],[-73.8693704,45.49193368],[-73.87424731,45.48934779],[-73.87146887,45.48719272],[-73.87266305,45.48602296],[-73.87645116,45.48813325],[-73.87868899,45.48658282],[-73.87741545,45.48559836]]]]},"properties":{"ADAIDU":"24660199","IDUGD":"2021S051624660199","SUPTERRE":5.7859,"PRIDU":"24"},"bbox":[-73.89170033,45.47090002,-73.85502888,45.5209848]},{"type":"Feature","geometry":{"type":"Polygon","coordinates":[[[-73.78990023,45.50478177],[-73.79406604,45.50222333],[-73.80016201,45.49933987],[-73.80150205,45.50059811],[-73.81023047,45.49686544],[-73.80897189,45.49555841],[-73.80286664,45.49027041],[-73.79710129,45.49217502],[-73.79395582,45.49486021],[-73.78894633,45.49603376],[-73.78049599,45.4996838],[-73.7829394,45.49927764],[-73.78631824,45.50156076],[-73.78410603,45.50347681],[-73.78990023,45.50478177]]]},"properties":{"ADAIDU":"24660200","IDUGD":"2021S051624660200","SUPTERRE":1.6248,"PRIDU":"24"},"bbox":[-73.81023047,45.49027041,-73.78049599,45.50478177]},{"type":"Feature","geometry":{"type":"Polygon","coordinates":[[[-73.81803414,45.51001664],[-73.82491981,45.50730213],[-73.83432341,45.5055203],[-73.83980129,45.50309257],[-73.84489669,45.50179052],[-73.84781059,45.50008545],[-73.84875109,45.49801296],[-73.85286792,45.49370359],[-73.84911883,45.48766924],[-73.83516543,45.49468269],[-73.83782604,45.49780459],[-73.83319285,45.49945682],[-73.81939265,45.50608957],[-73.8157821,45.50261202],[-73.81250888,45.50479714],[-73.81803414,45.51001664]]]},"properties":{"ADAIDU":"24660201","IDUGD":"2021S051624660201","SUPTERRE":2.3334,"PRIDU":"24"},"bbox":[-73.85286792,45.48766924,-73.81250888,45.51001664]},{"type":"Feature","geometry":{"type":"MultiPolygon","coordinates":[[[[-73.8748675,45.48454949],[-73.87705441,45.48447029],[-73.87717822,45.4819234],[-73.8753374,45.48210039],[-73.8748675,45.48454949]]],[[[-73.89170033,45.51874921],[-73.8983465,45.5160996],[-73.89996709,45.51720971],[-73.90270779,45.5156254],[-73.90200439,45.5139091],[-73.90290282,45.5106755],[-73.9064687,45.5082154],[-73.9094772,45.50836649],[-73.91240499,45.50621439],[-73.91276729,45.5032526],[-73.91453019,45.50109559],[-73.91748861,45.50144471],[-73.9226568,45.49952699],[-73.92703959,45.4936438],[-73.93498221,45.4932809],[-73.940042,45.4891402],[-73.941215,45.4837097],[-73.94078709,45.4813177],[-73.9385232,45.4813534],[-73.9387507,45.4793548],[-73.94283869,45.4786912],[-73.94432601,45.47588691],[-73.935046,45.47665149],[-73.93350789,45.47622541],[-73.9314238,45.477997],[-73.92941901,45.4767628],[-73.92474299,45.47748208],[-73.9218272,45.47410949],[-73.9197163,45.4740363],[-73.91777339,45.4707319],[-73.91256749,45.46888821],[-73.91400531,45.46788421],[-73.90843992,45.469335],[-73.9043495,45.46961051],[-73.90159938,45.4677665],[-73.89969759,45.47009469],[-73.90418768,45.47025],[-73.89978832,45.4720471],[-73.892021,45.47148019],[-73.88744519,45.47562609],[-73.8784418,45.48149629],[-73.87741545,45.48559836],[-73.87868899,45.48658282],[-73.87645116,45.48813325],[-73.87266305,45.48602296],[-73.87146887,45.48719272],[-73.87424731,45.48934779],[-73.8693704,45.49193368],[-73.87157788,45.4920211],[-73.87217186,45.49494088],[-73.87133095,45.49654446],[-73.87359521,45.49810562],[-73.87693127,45.49869562],[-73.87650789,45.50234737],[-73.87876542,45.50446556],[-73.88899592,45.51612847],[-73.89170033,45.51874921]]]]},"properties":{"ADAIDU":"24660202","IDUGD":"2021S051624660202","SUPTERRE":17.5803,"PRIDU":"24"},"bbox":[-73.94432601,45.4677665,-73.8693704,45.51874921]},{"type":"Feature","geometry":{"type":"Polygon","coordinates":[[[-73.62540531,45.46218836],[-73.62896981,45.46372473],[-73.62339482,45.46665049],[-73.63174979,45.47053624],[-73.63728687,45.46426772],[-73.64028911,45.46038509],[-73.63724912,45.45919369],[-73.64260069,45.45359365],[-73.64213884,45.45345211],[-73.62540531,45.46218836]]]},"properties":{"ADAIDU":"24660203","IDUGD":"2021S051624660203","SUPTERRE":1.0798,"PRIDU":"24"},"bbox":[-73.64260069,45.45345211,-73.62339482,45.47053624]},{"type":"Feature","geometry":{"type":"Polygon","coordinates":[[[-73.78049599,45.4996838],[-73.78894633,45.49603376],[-73.79395582,45.49486021],[-73.79710129,45.49217502],[-73.80286664,45.49027041],[-73.79586752,45.48292679],[-73.79467191,45.48182684],[-73.77618702,45.49072026],[-73.76792367,45.49451222],[-73.77291015,45.49773238],[-73.77910526,45.50043188],[-73.78049599,45.4996838]]]},"properties":{"ADAIDU":"24660204","IDUGD":"2021S051624660204","SUPTERRE":2.5447,"PRIDU":"24"},"bbox":[-73.80286664,45.48182684,-73.76792367,45.50043188]},{"type":"Feature","geometry":{"type":"Polygon","coordinates":[[[-73.57207945,45.45484453],[-73.57640591,45.45494492],[-73.57704123,45.4481819],[-73.5691099,45.44719894],[-73.5635314,45.45440811],[-73.57207945,45.45484453]]]},"properties":{"ADAIDU":"24660205","IDUGD":"2021S051624660205","SUPTERRE":0.6656,"PRIDU":"24"},"bbox":[-73.57704123,45.44719894,-73.5635314,45.45494492]},{"type":"Feature","geometry":{"type":"Polygon","coordinates":[[[-73.84911883,45.48766924],[-73.8463785,45.48468029],[-73.83298708,45.47141674],[-73.82950777,45.4735043],[-73.82934599,45.47598387],[-73.83214206,45.47969214],[-73.83016075,45.48088112],[-73.8329447,45.48342861],[-73.8315977,45.48453932],[-73.83371507,45.48559504],[-73.82730663,45.488826],[-73.83318267,45.49565681],[-73.83516543,45.49468269],[-73.84911883,45.48766924]]]},"properties":{"ADAIDU":"24660206","IDUGD":"2021S051624660206","SUPTERRE":2.1876,"PRIDU":"24"},"bbox":[-73.84911883,45.47141674,-73.82730663,45.49565681]},{"type":"Feature","geometry":{"type":"Polygon","coordinates":[[[-73.79467191,45.48182684],[-73.78029502,45.46719277],[-73.78461176,45.46508541],[-73.78329771,45.4637119],[-73.78004985,45.4548924],[-73.78217715,45.45446714],[-73.78037317,45.44994544],[-73.77861803,45.44498956],[-73.77579282,45.44303369],[-73.7738956,45.43927691],[-73.7695826,45.4408439],[-73.76526279,45.43825339],[-73.7642219,45.43979459],[-73.76062955,45.43940707],[-73.76404315,45.44962551],[-73.74177596,45.44919096],[-73.72082428,45.44889436],[-73.72489109,45.46094796],[-73.70836119,45.47320688],[-73.72030266,45.48059866],[-73.72404633,45.4819217],[-73.74080186,45.46841663],[-73.75020185,45.46120812],[-73.76214954,45.46859028],[-73.7682489,45.4750542],[-73.76620112,45.47693167],[-73.77223755,45.48070299],[-73.77385673,45.48213643],[-73.76797544,45.48461203],[-73.76596592,45.48645036],[-73.76676946,45.4887072],[-73.76486149,45.49096069],[-73.76792367,45.49451222],[-73.77618702,45.49072026],[-73.79467191,45.48182684]]]},"properties":{"ADAIDU":"24660207","IDUGD":"2021S051624660207","SUPTERRE":16.7118,"PRIDU":"24"},"bbox":[-73.79467191,45.43825339,-73.70836119,45.49451222]},{"type":"Feature","geometry":{"type":"Polygon","coordinates":[[[-73.65376673,45.4653775],[-73.64028911,45.46038509],[-73.63728687,45.46426772],[-73.64018954,45.46538411],[-73.63912971,45.4667466],[-73.64329929,45.46750087],[-73.6496266,45.46995225],[-73.65376673,45.4653775]]]},"properties":{"ADAIDU":"24660208","IDUGD":"2021S051624660208","SUPTERRE":0.709,"PRIDU":"24"},"bbox":[-73.65376673,45.46038509,-73.63728687,45.46995225]},{"type":"Feature","geometry":{"type":"Polygon","coordinates":[[[-73.67949341,45.47591359],[-73.68159172,45.46814673],[-73.68314692,45.46481944],[-73.68536309,45.46080214],[-73.68634836,45.45480244],[-73.67800864,45.4524397],[-73.67496948,45.45256567],[-73.67059269,45.45503473],[-73.65846929,45.4657552],[-73.6664112,45.46879133],[-73.66391826,45.47227401],[-73.66841897,45.47350442],[-73.66894812,45.4728153],[-73.67949341,45.47591359]]]},"properties":{"ADAIDU":"24660209","IDUGD":"2021S051624660209","SUPTERRE":3.358,"PRIDU":"24"},"bbox":[-73.68634836,45.4524397,-73.65846929,45.47591359]},{"type":"Feature","geometry":{"type":"Polygon","coordinates":[[[-73.65846929,45.4657552],[-73.67059269,45.45503473],[-73.67496948,45.45256567],[-73.67187888,45.45255086],[-73.6682402,45.4566072],[-73.66743043,45.4575962],[-73.65946808,45.45455262],[-73.65806105,45.45604037],[-73.66143064,45.45729743],[-73.65805598,45.45948614],[-73.65772512,45.46165953],[-73.65578288,45.46284883],[-73.65613171,45.47083184],[-73.65846929,45.4657552]]]},"properties":{"ADAIDU":"24660210","IDUGD":"2021S051624660210","SUPTERRE":0.5897,"PRIDU":"24"},"bbox":[-73.67496948,45.45255086,-73.65578288,45.47083184]},{"type":"Feature","geometry":{"type":"Polygon","coordinates":[[[-73.58196857,45.45513971],[-73.59498591,45.45575953],[-73.59326208,45.45116736],[-73.60487138,45.44908641],[-73.61012404,45.44352896],[-73.61126063,45.43935311],[-73.6009682,45.43739162],[-73.59937431,45.43751194],[-73.59380346,45.44393817],[-73.58907904,45.44877153],[-73.58357405,45.45326277],[-73.58196857,45.45513971]]]},"properties":{"ADAIDU":"24660211","IDUGD":"2021S051624660211","SUPTERRE":1.9522,"PRIDU":"24"},"bbox":[-73.61126063,45.43739162,-73.58196857,45.45575953]},{"type":"Feature","geometry":{"type":"Polygon","coordinates":[[[-73.8157821,45.50261202],[-73.81939265,45.50608957],[-73.83319285,45.49945682],[-73.83782604,45.49780459],[-73.83516543,45.49468269],[-73.83318267,45.49565681],[-73.82730663,45.488826],[-73.8227376,45.49102112],[-73.81615695,45.4933971],[-73.81340657,45.49341368],[-73.80897189,45.49555841],[-73.81023047,45.49686544],[-73.8157821,45.50261202]]]},"properties":{"ADAIDU":"24660212","IDUGD":"2021S051624660212","SUPTERRE":2.165,"PRIDU":"24"},"bbox":[-73.83782604,45.488826,-73.80897189,45.50608957]},{"type":"Feature","geometry":{"type":"Polygon","coordinates":[[[-73.59541901,45.45690946],[-73.60323887,45.45553118],[-73.60589699,45.451805],[-73.60487138,45.44908641],[-73.59326208,45.45116736],[-73.59498591,45.45575953],[-73.59541901,45.45690946]]]},"properties":{"ADAIDU":"24660213","IDUGD":"2021S051624660213","SUPTERRE":0.5585,"PRIDU":"24"},"bbox":[-73.60589699,45.44908641,-73.59326208,45.45690946]},{"type":"Feature","geometry":{"type":"Polygon","coordinates":[[[-73.65578288,45.46284883],[-73.65772512,45.46165953],[-73.65805598,45.45948614],[-73.64260069,45.45359365],[-73.63724912,45.45919369],[-73.64028911,45.46038509],[-73.65376673,45.4653775],[-73.65578288,45.46284883]]]},"properties":{"ADAIDU":"24660214","IDUGD":"2021S051624660214","SUPTERRE":1.0375,"PRIDU":"24"},"bbox":[-73.65805598,45.45359365,-73.63724912,45.4653775]},{"type":"Feature","geometry":{"type":"MultiPolygon","coordinates":[[[[-73.58907904,45.44877153],[-73.59380346,45.44393817],[-73.59937431,45.43751194],[-73.59920488,45.43747317],[-73.5933305,45.44424639],[-73.58882337,45.44883074],[-73.58907904,45.44877153]]],[[[-73.59847472,45.43731978],[-73.58376341,45.43504394],[-73.5691099,45.44719894],[-73.57704123,45.4481819],[-73.58682796,45.44929283],[-73.58794277,45.44903468],[-73.59847472,45.43731978]]]]},"properties":{"ADAIDU":"24660215","IDUGD":"2021S051624660215","SUPTERRE":2.0356,"PRIDU":"24"},"bbox":[-73.59937431,45.43504394,-73.5691099,45.44929283]},{"type":"Feature","geometry":{"type":"Polygon","coordinates":[[[-73.80897189,45.49555841],[-73.81340657,45.49341368],[-73.81615695,45.4933971],[-73.8227376,45.49102112],[-73.82730663,45.488826],[-73.83371507,45.48559504],[-73.8315977,45.48453932],[-73.8329447,45.48342861],[-73.83016075,45.48088112],[-73.83214206,45.47969214],[-73.82934599,45.47598387],[-73.82950777,45.4735043],[-73.83298708,45.47141674],[-73.83185004,45.47029539],[-73.81558132,45.47834076],[-73.81303828,45.47546524],[-73.79586752,45.48292679],[-73.80286664,45.49027041],[-73.80897189,45.49555841]]]},"properties":{"ADAIDU":"24660216","IDUGD":"2021S051624660216","SUPTERRE":4.1503,"PRIDU":"24"},"bbox":[-73.83371507,45.47029539,-73.79586752,45.49555841]},{"type":"Feature","geometry":{"type":"Polygon","coordinates":[[[-73.72082428,45.44889436],[-73.72232416,45.44877943],[-73.72087629,45.44443031],[-73.7202076,45.44447429],[-73.70112424,45.44023357],[-73.69191182,45.43713562],[-73.69299324,45.44795803],[-73.68560337,45.44754859],[-73.68556471,45.44186618],[-73.67688687,45.44198785],[-73.67676946,45.44771674],[-73.6707176,45.44757224],[-73.67059628,45.45232229],[-73.67187888,45.45255086],[-73.67496948,45.45256567],[-73.67800864,45.4524397],[-73.68634836,45.45480244],[-73.68536309,45.46080214],[-73.68314692,45.46481944],[-73.69234359,45.47035556],[-73.69367518,45.46374727],[-73.70209733,45.46954971],[-73.70836119,45.47320688],[-73.72489109,45.46094796],[-73.72082428,45.44889436]]]},"properties":{"ADAIDU":"24660217","IDUGD":"2021S051624660217","SUPTERRE":9.3778,"PRIDU":"24"},"bbox":[-73.72489109,45.43713562,-73.67059628,45.47320688]},{"type":"Feature","geometry":{"type":"Polygon","coordinates":[[[-73.62537555,45.43643484],[-73.61562445,45.43461105],[-73.61464349,45.43678067],[-73.61227288,45.43637806],[-73.61126063,45.43935311],[-73.61012404,45.44352896],[-73.60487138,45.44908641],[-73.60589699,45.451805],[-73.60873548,45.44841448],[-73.61498697,45.4435657],[-73.62215757,45.43941772],[-73.62537555,45.43643484]]]},"properties":{"ADAIDU":"24660218","IDUGD":"2021S051624660218","SUPTERRE":0.9131,"PRIDU":"24"},"bbox":[-73.62537555,45.43461105,-73.60487138,45.451805]},{"type":"Feature","geometry":{"type":"Polygon","coordinates":[[[-73.64213884,45.45345211],[-73.64260069,45.45359365],[-73.65805598,45.45948614],[-73.66143064,45.45729743],[-73.65806105,45.45604037],[-73.65946808,45.45455262],[-73.66743043,45.4575962],[-73.6682402,45.4566072],[-73.64836948,45.44907691],[-73.63950301,45.44696223],[-73.63257648,45.44972912],[-73.63508375,45.45069499],[-73.64213884,45.45345211]]]},"properties":{"ADAIDU":"24660219","IDUGD":"2021S051624660219","SUPTERRE":1.3683,"PRIDU":"24"},"bbox":[-73.6682402,45.44696223,-73.63257648,45.45948614]},{"type":"Feature","geometry":{"type":"Polygon","coordinates":[[[-73.63257648,45.44972912],[-73.63950301,45.44696223],[-73.64836948,45.44907691],[-73.6682402,45.4566072],[-73.67187888,45.45255086],[-73.67059628,45.45232229],[-73.66646595,45.45154329],[-73.66644919,45.44958771],[-73.66434354,45.44826071],[-73.65596229,45.44539608],[-73.65595368,45.44385429],[-73.65190405,45.44240628],[-73.65034132,45.44026419],[-73.65114504,45.43856399],[-73.64743239,45.44055399],[-73.6334232,45.44608719],[-73.62923809,45.44834523],[-73.63257648,45.44972912]]]},"properties":{"ADAIDU":"24660221","IDUGD":"2021S051624660221","SUPTERRE":2.0628,"PRIDU":"24"},"bbox":[-73.67187888,45.43856399,-73.62923809,45.4566072]},{"type":"Feature","geometry":{"type":"Polygon","coordinates":[[[-73.85377571,45.49487206],[-73.85755678,45.4902021],[-73.85979816,45.48888991],[-73.85867107,45.48741206],[-73.86573601,45.48158683],[-73.86522176,45.47917721],[-73.86251686,45.47431315],[-73.85744594,45.47285338],[-73.85491373,45.47031483],[-73.85458621,45.47065938],[-73.85730641,45.47363213],[-73.8459003,45.47970709],[-73.85060724,45.48668782],[-73.84911883,45.48766924],[-73.85286792,45.49370359],[-73.85377571,45.49487206]]]},"properties":{"ADAIDU":"24660222","IDUGD":"2021S051624660222","SUPTERRE":1.9944,"PRIDU":"24"},"bbox":[-73.86573601,45.47031483,-73.8459003,45.49487206]},{"type":"Feature","geometry":{"type":"Polygon","coordinates":[[[-73.79586752,45.48292679],[-73.81303828,45.47546524],[-73.81558132,45.47834076],[-73.83185004,45.47029539],[-73.84639065,45.46254541],[-73.84047657,45.45683079],[-73.83688148,45.45819076],[-73.82549227,45.46395853],[-73.82308618,45.46145177],[-73.81794744,45.4494031],[-73.81357087,45.45196624],[-73.79447273,45.46144749],[-73.79220747,45.46186278],[-73.78461176,45.46508541],[-73.78029502,45.46719277],[-73.79467191,45.48182684],[-73.79586752,45.48292679]]]},"properties":{"ADAIDU":"24660223","IDUGD":"2021S051624660223","SUPTERRE":8.6639,"PRIDU":"24"},"bbox":[-73.84639065,45.4494031,-73.78029502,45.48292679]},{"type":"Feature","geometry":{"type":"MultiPolygon","coordinates":[[[[-73.57406942,45.4271813],[-73.57739219,45.4273141],[-73.5842259,45.42505061],[-73.58074991,45.42496311],[-73.5737361,45.42638061],[-73.57406942,45.4271813]]],[[[-73.57156322,45.42595899],[-73.57341629,45.4261649],[-73.57842389,45.42482071],[-73.58430179,45.4245286],[-73.58656059,45.4226192],[-73.58406569,45.42046139],[-73.57394759,45.4219622],[-73.57056439,45.42441189],[-73.57156322,45.42595899]]],[[[-73.59847472,45.43731978],[-73.60095819,45.43484539],[-73.60839411,45.42995089],[-73.59434141,45.42746066],[-73.59271438,45.4254766],[-73.59261966,45.42520887],[-73.59125709,45.42678191],[-73.59311171,45.42777021],[-73.58895179,45.43175989],[-73.58376341,45.43504394],[-73.59847472,45.43731978]]]]},"properties":{"ADAIDU":"24660224","IDUGD":"2021S051624660224","SUPTERRE":1.7905,"PRIDU":"24"},"bbox":[-73.60839411,45.42046139,-73.57056439,45.43731978]},{"type":"Feature","geometry":{"type":"MultiPolygon","coordinates":[[[[-73.66561978,45.42818573],[-73.66507998,45.43166707],[-73.67307589,45.4286399],[-73.68024731,45.42923171],[-73.68777231,45.42853571],[-73.6773925,45.4276884],[-73.67301019,45.42802811],[-73.66884741,45.42916811],[-73.66561978,45.42818573]]],[[[-73.6707176,45.44757224],[-73.67088737,45.44003535],[-73.6702612,45.43757761],[-73.68008279,45.43572495],[-73.68646221,45.43537343],[-73.69017952,45.43488245],[-73.69137082,45.43287595],[-73.6866522,45.4337927],[-73.67745641,45.43177371],[-73.6691596,45.4309944],[-73.66281409,45.43318129],[-73.65114504,45.43856399],[-73.65034132,45.44026419],[-73.65190405,45.44240628],[-73.65595368,45.44385429],[-73.65596229,45.44539608],[-73.66434354,45.44826071],[-73.66644919,45.44958771],[-73.66646595,45.45154329],[-73.67059628,45.45232229],[-73.6707176,45.44757224]]]]},"properties":{"ADAIDU":"24660225","IDUGD":"2021S051624660225","SUPTERRE":3.1626,"PRIDU":"24"},"bbox":[-73.69137082,45.4276884,-73.65034132,45.45232229]},{"type":"Feature","geometry":{"type":"Polygon","coordinates":[[[-73.62989126,45.43240326],[-73.62489346,45.43130039],[-73.61685823,45.43119448],[-73.60952336,45.42995557],[-73.60261899,45.43442099],[-73.59920488,45.43747317],[-73.59937431,45.43751194],[-73.6009682,45.43739162],[-73.61126063,45.43935311],[-73.61227288,45.43637806],[-73.61464349,45.43678067],[-73.61562445,45.43461105],[-73.62537555,45.43643484],[-73.62989126,45.43240326]]]},"properties":{"ADAIDU":"24660226","IDUGD":"2021S051624660226","SUPTERRE":1.2386,"PRIDU":"24"},"bbox":[-73.62989126,45.42995557,-73.59920488,45.43935311]},{"type":"Feature","geometry":{"type":"Polygon","coordinates":[[[-73.84911883,45.48766924],[-73.85060724,45.48668782],[-73.8459003,45.47970709],[-73.85730641,45.47363213],[-73.85458621,45.47065938],[-73.84639065,45.46254541],[-73.83185004,45.47029539],[-73.83298708,45.47141674],[-73.8463785,45.48468029],[-73.84911883,45.48766924]]]},"properties":{"ADAIDU":"24660227","IDUGD":"2021S051624660227","SUPTERRE":2.3121,"PRIDU":"24"},"bbox":[-73.85730641,45.46254541,-73.83185004,45.48766924]},{"type":"Feature","geometry":{"type":"Polygon","coordinates":[[[-73.68556471,45.44186618],[-73.68544699,45.43786649],[-73.68651788,45.43582653],[-73.68646221,45.43537343],[-73.68008279,45.43572495],[-73.6702612,45.43757761],[-73.67088737,45.44003535],[-73.6707176,45.44757224],[-73.67676946,45.44771674],[-73.67688687,45.44198785],[-73.68556471,45.44186618]]]},"properties":{"ADAIDU":"24660228","IDUGD":"2021S051624660228","SUPTERRE":1.0434,"PRIDU":"24"},"bbox":[-73.68651788,45.43537343,-73.6702612,45.44771674]},{"type":"Feature","geometry":{"type":"Polygon","coordinates":[[[-73.64580914,45.44075411],[-73.65002805,45.43871736],[-73.65009543,45.43867503],[-73.65597584,45.43569442],[-73.65603796,45.42816623],[-73.65433989,45.42900592],[-73.63973903,45.42690832],[-73.62646474,45.42508263],[-73.62413634,45.42546859],[-73.63468265,45.43056597],[-73.64580914,45.44075411]]]},"properties":{"ADAIDU":"24660229","IDUGD":"2021S051624660229","SUPTERRE":1.9152,"PRIDU":"24"},"bbox":[-73.65603796,45.42508263,-73.62413634,45.44075411]},{"type":"Feature","geometry":{"type":"Polygon","coordinates":[[[-73.69191182,45.43713562],[-73.68651788,45.43582653],[-73.68544699,45.43786649],[-73.68556471,45.44186618],[-73.68560337,45.44754859],[-73.69299324,45.44795803],[-73.69191182,45.43713562]]]},"properties":{"ADAIDU":"24660230","IDUGD":"2021S051624660230","SUPTERRE":0.6885,"PRIDU":"24"},"bbox":[-73.69299324,45.43582653,-73.68544699,45.44795803]},{"type":"Feature","geometry":{"type":"MultiPolygon","coordinates":[[[[-73.59040701,45.4146435],[-73.5946881,45.4151709],[-73.59350971,45.41342619],[-73.59040701,45.4146435]]],[[[-73.60839411,45.42995089],[-73.61488764,45.42584687],[-73.6114244,45.42375847],[-73.60707827,45.41792459],[-73.60229881,45.41989759],[-73.59696551,45.42449149],[-73.59434141,45.42746066],[-73.60839411,45.42995089]]]]},"properties":{"ADAIDU":"24660231","IDUGD":"2021S051624660231","SUPTERRE":1.2209,"PRIDU":"24"},"bbox":[-73.61488764,45.41342619,-73.59040701,45.42995089]},{"type":"Feature","geometry":{"type":"Polygon","coordinates":[[[-73.63468265,45.43056597],[-73.62413634,45.42546859],[-73.62195692,45.42300112],[-73.6175273,45.42478721],[-73.60952336,45.42995557],[-73.61685823,45.43119448],[-73.62489346,45.43130039],[-73.62989126,45.43240326],[-73.63468265,45.43056597]]]},"properties":{"ADAIDU":"24660232","IDUGD":"2021S051624660232","SUPTERRE":0.9792,"PRIDU":"24"},"bbox":[-73.63468265,45.42300112,-73.60952336,45.43240326]},{"type":"Feature","geometry":{"type":"Polygon","coordinates":[[[-73.78461176,45.46508541],[-73.79220747,45.46186278],[-73.79447273,45.46144749],[-73.81357087,45.45196624],[-73.81794744,45.4494031],[-73.81569694,45.44357934],[-73.80222763,45.44762041],[-73.79371243,45.44942663],[-73.78787465,45.44996723],[-73.78037317,45.44994544],[-73.78217715,45.45446714],[-73.78004985,45.4548924],[-73.78329771,45.4637119],[-73.78461176,45.46508541]]]},"properties":{"ADAIDU":"24660233","IDUGD":"2021S051624660233","SUPTERRE":3.3212,"PRIDU":"24"},"bbox":[-73.81794744,45.44357934,-73.78004985,45.46508541]},{"type":"Feature","geometry":{"type":"Polygon","coordinates":[[[-73.8770496,45.47090479],[-73.87241564,45.46466433],[-73.86721562,45.46136588],[-73.86294142,45.46378749],[-73.85491373,45.47031483],[-73.85744594,45.47285338],[-73.86251686,45.47431315],[-73.86522176,45.47917721],[-73.86573601,45.48158683],[-73.87281164,45.47546562],[-73.87131785,45.47318964],[-73.8770496,45.47090479]]]},"properties":{"ADAIDU":"24660234","IDUGD":"2021S051624660234","SUPTERRE":1.8749,"PRIDU":"24"},"bbox":[-73.8770496,45.46136588,-73.85491373,45.48158683]},{"type":"Feature","geometry":{"type":"Polygon","coordinates":[[[-73.66561978,45.42818573],[-73.65946788,45.42495231],[-73.65311871,45.42095661],[-73.64970439,45.41995329],[-73.64446008,45.41677179],[-73.63973903,45.42690832],[-73.65433989,45.42900592],[-73.65603796,45.42816623],[-73.65597584,45.43569442],[-73.66507998,45.43166707],[-73.66561978,45.42818573]]]},"properties":{"ADAIDU":"24660235","IDUGD":"2021S051624660235","SUPTERRE":1.7462,"PRIDU":"24"},"bbox":[-73.66561978,45.41677179,-73.63973903,45.43569442]},{"type":"Feature","geometry":{"type":"Polygon","coordinates":[[[-73.74177596,45.44919096],[-73.73916955,45.43751508],[-73.7337143,45.4375935],[-73.73097428,45.43642921],[-73.72347981,45.4385228],[-73.7199426,45.43836683],[-73.71940505,45.43923947],[-73.72087629,45.44443031],[-73.72232416,45.44877943],[-73.72082428,45.44889436],[-73.74177596,45.44919096]]]},"properties":{"ADAIDU":"24660236","IDUGD":"2021S051624660236","SUPTERRE":1.9961,"PRIDU":"24"},"bbox":[-73.74177596,45.43642921,-73.71940505,45.44919096]},{"type":"Feature","geometry":{"type":"Polygon","coordinates":[[[-73.61488764,45.42584687],[-73.6189173,45.42348991],[-73.62742181,45.4207632],[-73.6297429,45.41882589],[-73.63142713,45.41588683],[-73.63267397,45.41580575],[-73.63349001,45.4147902],[-73.6201899,45.4149489],[-73.61579661,45.41590731],[-73.61110751,45.41590309],[-73.60707827,45.41792459],[-73.6114244,45.42375847],[-73.61488764,45.42584687]]]},"properties":{"ADAIDU":"24660237","IDUGD":"2021S051624660237","SUPTERRE":1.4005,"PRIDU":"24"},"bbox":[-73.63349001,45.4147902,-73.60707827,45.42584687]},{"type":"Feature","geometry":{"type":"Polygon","coordinates":[[[-73.63973903,45.42690832],[-73.64446008,45.41677179],[-73.6398543,45.41545751],[-73.63267397,45.41580575],[-73.63142713,45.41588683],[-73.6303822,45.41903209],[-73.62843141,45.4208251],[-73.62195692,45.42300112],[-73.62413634,45.42546859],[-73.62646474,45.42508263],[-73.63973903,45.42690832]]]},"properties":{"ADAIDU":"24660238","IDUGD":"2021S051624660238","SUPTERRE":1.3488,"PRIDU":"24"},"bbox":[-73.64446008,45.41545751,-73.62195692,45.42690832]},{"type":"Feature","geometry":{"type":"Polygon","coordinates":[[[-73.76062955,45.43940707],[-73.7569671,45.4382004],[-73.75479821,45.43623461],[-73.7530927,45.43786711],[-73.75059871,45.4374946],[-73.74894151,45.4356086],[-73.74501461,45.43787569],[-73.73916955,45.43751508],[-73.74177596,45.44919096],[-73.76404315,45.44962551],[-73.76062955,45.43940707]]]},"properties":{"ADAIDU":"24660239","IDUGD":"2021S051624660239","SUPTERRE":2.205,"PRIDU":"24"},"bbox":[-73.76404315,45.4356086,-73.73916955,45.44962551]},{"type":"Feature","geometry":{"type":"Polygon","coordinates":[[[-73.72087629,45.44443031],[-73.71940505,45.43923947],[-73.7199426,45.43836683],[-73.71406751,45.43723601],[-73.71322099,45.4364727],[-73.70799171,45.4360144],[-73.70532951,45.4350115],[-73.69937209,45.43461709],[-73.69151399,45.43225538],[-73.69145013,45.43246188],[-73.69137082,45.43287595],[-73.69017952,45.43488245],[-73.68646221,45.43537343],[-73.68651788,45.43582653],[-73.69191182,45.43713562],[-73.70112424,45.44023357],[-73.7202076,45.44447429],[-73.72087629,45.44443031]]]},"properties":{"ADAIDU":"24660240","IDUGD":"2021S051624660240","SUPTERRE":1.4673,"PRIDU":"24"},"bbox":[-73.72087629,45.43225538,-73.68646221,45.44447429]},{"type":"Feature","geometry":{"type":"Polygon","coordinates":[[[-73.85491373,45.47031483],[-73.86294142,45.46378749],[-73.86721562,45.46136588],[-73.86606707,45.45996797],[-73.87263866,45.45683672],[-73.88154951,45.45270906],[-73.88360765,45.45267972],[-73.88179537,45.45216355],[-73.87495699,45.44476282],[-73.87480622,45.44458845],[-73.8587887,45.45245682],[-73.85521554,45.45363659],[-73.84041297,45.45676896],[-73.84047657,45.45683079],[-73.84639065,45.46254541],[-73.85458621,45.47065938],[-73.85491373,45.47031483]]]},"properties":{"ADAIDU":"24660241","IDUGD":"2021S051624660241","SUPTERRE":3.7027,"PRIDU":"24"},"bbox":[-73.88360765,45.44458845,-73.84041297,45.47065938]},{"type":"Feature","geometry":{"type":"Polygon","coordinates":[[[-73.84047657,45.45683079],[-73.84041297,45.45676896],[-73.83383054,45.45009379],[-73.83535836,45.44939966],[-73.83216772,45.44544322],[-73.83846351,45.44558108],[-73.83542601,45.43825566],[-73.81569694,45.44357934],[-73.81794744,45.4494031],[-73.82308618,45.46145177],[-73.82549227,45.46395853],[-73.83688148,45.45819076],[-73.84047657,45.45683079]]]},"properties":{"ADAIDU":"24660242","IDUGD":"2021S051624660242","SUPTERRE":3.1545,"PRIDU":"24"},"bbox":[-73.84047657,45.43825566,-73.81569694,45.46395853]},{"type":"Feature","geometry":{"type":"MultiPolygon","coordinates":[[[[-73.87954089,45.47218898],[-73.88289189,45.4718621],[-73.88556399,45.4698284],[-73.87857752,45.47090002],[-73.87954089,45.47218898]]],[[[-73.87263866,45.45683672],[-73.87298575,45.45719582],[-73.88231101,45.45302113],[-73.88455816,45.45616759],[-73.87991114,45.45710102],[-73.88174828,45.45938948],[-73.88592169,45.45784118],[-73.88683009,45.46183799],[-73.88290425,45.46499167],[-73.88501394,45.46484062],[-73.88795298,45.46631992],[-73.88602069,45.46700587],[-73.8873599,45.4687785],[-73.89009538,45.4685803],[-73.89217849,45.4665305],[-73.8936267,45.46696641],[-73.89739029,45.4656936],[-73.89977301,45.4626708],[-73.90171831,45.46288889],[-73.9039654,45.46059541],[-73.91006018,45.46173441],[-73.9127352,45.460339],[-73.91488232,45.461915],[-73.91782542,45.4621922],[-73.92163259,45.46688439],[-73.92228691,45.4705804],[-73.924805,45.47210979],[-73.92593309,45.47415719],[-73.93273799,45.47256601],[-73.93440591,45.47324351],[-73.938267,45.471411],[-73.94033031,45.4686586],[-73.9392018,45.4666203],[-73.94187119,45.4661871],[-73.9428292,45.4644196],[-73.94559139,45.46440891],[-73.94587101,45.4625721],[-73.94340439,45.46275271],[-73.94183239,45.46122899],[-73.9448647,45.45818481],[-73.94326322,45.45615729],[-73.94078291,45.45617601],[-73.93632642,45.45361049],[-73.93713543,45.45055574],[-73.93448348,45.44913927],[-73.92541936,45.44118082],[-73.92273817,45.443106],[-73.91582926,45.44494682],[-73.90611343,45.44851929],[-73.90457549,45.44672075],[-73.90150803,45.44634127],[-73.89833317,45.44752881],[-73.89505647,45.44699454],[-73.88889346,45.44929726],[-73.88360765,45.45267972],[-73.88154951,45.45270906],[-73.87263866,45.45683672]]]]},"properties":{"ADAIDU":"24660243","IDUGD":"2021S051624660243","SUPTERRE":9.9688,"PRIDU":"24"},"bbox":[-73.94587101,45.44118082,-73.87263866,45.47415719]},{"type":"Feature","geometry":{"type":"Polygon","coordinates":[[[-73.87857752,45.47090002],[-73.88556399,45.4698284],[-73.8873599,45.4687785],[-73.88602069,45.46700587],[-73.88795298,45.46631992],[-73.88501394,45.46484062],[-73.88290425,45.46499167],[-73.88683009,45.46183799],[-73.88592169,45.45784118],[-73.88174828,45.45938948],[-73.87991114,45.45710102],[-73.88455816,45.45616759],[-73.88231101,45.45302113],[-73.87298575,45.45719582],[-73.87263866,45.45683672],[-73.86606707,45.45996797],[-73.86721562,45.46136588],[-73.87241564,45.46466433],[-73.8770496,45.47090479],[-73.87857752,45.47090002]]]},"properties":{"ADAIDU":"24660244","IDUGD":"2021S051624660244","SUPTERRE":1.8003,"PRIDU":"24"},"bbox":[-73.88795298,45.45302113,-73.86606707,45.47090479]},{"type":"Feature","geometry":{"type":"Polygon","coordinates":[[[-73.78037317,45.44994544],[-73.78787465,45.44996723],[-73.79371243,45.44942663],[-73.80222763,45.44762041],[-73.81569694,45.44357934],[-73.83542601,45.43825566],[-73.83133274,45.42844653],[-73.82674801,45.4279077],[-73.8263237,45.4252544],[-73.82071469,45.42768189],[-73.82211438,45.42885681],[-73.8183017,45.43035219],[-73.81828622,45.4321519],[-73.8159782,45.4330942],[-73.81145269,45.43290869],[-73.806185,45.43488461],[-73.80359881,45.43405461],[-73.8026737,45.4355329],[-73.80396059,45.4371672],[-73.80277558,45.4426234],[-73.79873221,45.44430771],[-73.7956298,45.44750141],[-73.7927567,45.44813861],[-73.7855826,45.4476979],[-73.77861803,45.44498956],[-73.78037317,45.44994544]]]},"properties":{"ADAIDU":"24660245","IDUGD":"2021S051624660245","SUPTERRE":3.7706,"PRIDU":"24"},"bbox":[-73.83542601,45.4252544,-73.77861803,45.44996723]},{"type":"Feature","geometry":{"type":"Polygon","coordinates":[[[-73.87495699,45.44476282],[-73.8826949,45.44096328],[-73.88963787,45.4380583],[-73.89492102,45.43669235],[-73.88661054,45.43687549],[-73.88371306,45.43755332],[-73.88109252,45.43667638],[-73.88187508,45.43887073],[-73.87984982,45.43971992],[-73.8791295,45.43819043],[-73.8759172,45.43862655],[-73.87689639,45.44149653],[-73.87284063,45.44261395],[-73.87152534,45.44135834],[-73.86829834,45.44284418],[-73.86702706,45.44129628],[-73.86465916,45.43904399],[-73.85211163,45.44540077],[-73.83846351,45.44558108],[-73.83216772,45.44544322],[-73.83535836,45.44939966],[-73.83383054,45.45009379],[-73.84041297,45.45676896],[-73.85521554,45.45363659],[-73.8587887,45.45245682],[-73.87480622,45.44458845],[-73.87495699,45.44476282]]]},"properties":{"ADAIDU":"24660246","IDUGD":"2021S051624660246","SUPTERRE":3.5139,"PRIDU":"24"},"bbox":[-73.89492102,45.43667638,-73.83216772,45.45676896]},{"type":"Feature","geometry":{"type":"Polygon","coordinates":[[[-73.73700701,45.4333303],[-73.74415371,45.43385519],[-73.7463575,45.43215881],[-73.74022869,45.4305341],[-73.73700701,45.4333303]]]},"properties":{"ADAIDU":"24660247","IDUGD":"2021S051624660247","SUPTERRE":0.1939,"PRIDU":"24"},"bbox":[-73.7463575,45.4305341,-73.73700701,45.43385519]},{"type":"Feature","geometry":{"type":"Polygon","coordinates":[[[-73.83846351,45.44558108],[-73.85211163,45.44540077],[-73.86465916,45.43904399],[-73.86702706,45.44129628],[-73.86237467,45.43135554],[-73.85686584,45.43248122],[-73.83542601,45.43825566],[-73.83846351,45.44558108]]]},"properties":{"ADAIDU":"24660248","IDUGD":"2021S051624660248","SUPTERRE":2.3804,"PRIDU":"24"},"bbox":[-73.86702706,45.43135554,-73.83542601,45.44558108]},{"type":"Feature","geometry":{"type":"Polygon","coordinates":[[[-73.88360765,45.45267972],[-73.88889346,45.44929726],[-73.89505647,45.44699454],[-73.89833317,45.44752881],[-73.90150803,45.44634127],[-73.90457549,45.44672075],[-73.90545043,45.44475389],[-73.90451631,45.44079355],[-73.90311259,45.44049704],[-73.90105517,45.4350816],[-73.89492102,45.43669235],[-73.88963787,45.4380583],[-73.8826949,45.44096328],[-73.87495699,45.44476282],[-73.88179537,45.45216355],[-73.88360765,45.45267972]]]},"properties":{"ADAIDU":"24660249","IDUGD":"2021S051624660249","SUPTERRE":2.4321,"PRIDU":"24"},"bbox":[-73.90545043,45.4350816,-73.87495699,45.45267972]},{"type":"Feature","geometry":{"type":"Polygon","coordinates":[[[-73.83542601,45.43825566],[-73.85686584,45.43248122],[-73.86237467,45.43135554],[-73.89866671,45.42550394],[-73.89543572,45.41418364],[-73.8888952,45.4149081],[-73.88659109,45.4142861],[-73.88221931,45.41584841],[-73.8804837,45.41423461],[-73.87864589,45.4164543],[-73.87286991,45.42021669],[-73.86451019,45.42172839],[-73.85897071,45.4247245],[-73.85622259,45.42461609],[-73.8514997,45.42753731],[-73.84585151,45.42967819],[-73.84014159,45.42803061],[-73.83522151,45.42586751],[-73.8333553,45.42796971],[-73.83133274,45.42844653],[-73.83542601,45.43825566]]]},"properties":{"ADAIDU":"24660250","IDUGD":"2021S051624660250","SUPTERRE":5.4647,"PRIDU":"24"},"bbox":[-73.89866671,45.41418364,-73.83133274,45.43825566]},{"type":"Feature","geometry":{"type":"Polygon","coordinates":[[[-73.89492102,45.43669235],[-73.90105517,45.4350816],[-73.89866671,45.42550394],[-73.86237467,45.43135554],[-73.86702706,45.44129628],[-73.86829834,45.44284418],[-73.87152534,45.44135834],[-73.87284063,45.44261395],[-73.87689639,45.44149653],[-73.8759172,45.43862655],[-73.8791295,45.43819043],[-73.87984982,45.43971992],[-73.88187508,45.43887073],[-73.88109252,45.43667638],[-73.88371306,45.43755332],[-73.88661054,45.43687549],[-73.89492102,45.43669235]]]},"properties":{"ADAIDU":"24660251","IDUGD":"2021S051624660251","SUPTERRE":3.1858,"PRIDU":"24"},"bbox":[-73.90105517,45.42550394,-73.86237467,45.44284418]},{"type":"Feature","geometry":{"type":"Polygon","coordinates":[[[-73.92541936,45.44118082],[-73.93178316,45.43957879],[-73.93519746,45.43719925],[-73.93757966,45.43701015],[-73.9411843,45.43850316],[-73.94395576,45.43694191],[-73.94651404,45.4370465],[-73.94823986,45.43263286],[-73.95045827,45.43377329],[-73.9578784,45.42650338],[-73.95655192,45.42600436],[-73.94984336,45.41695093],[-73.95004572,45.41319077],[-73.95473892,45.40780799],[-73.95673097,45.40959897],[-73.9576544,45.40853115],[-73.9566839,45.4048847],[-73.9480017,45.40220149],[-73.94383821,45.40229869],[-73.93393221,45.40445858],[-73.93284157,45.41010988],[-73.93159495,45.41986537],[-73.92772687,45.42134478],[-73.90560464,45.43321466],[-73.90105517,45.4350816],[-73.90311259,45.44049704],[-73.90451631,45.44079355],[-73.90545043,45.44475389],[-73.90457549,45.44672075],[-73.90611343,45.44851929],[-73.91582926,45.44494682],[-73.92273817,45.443106],[-73.92541936,45.44118082]]]},"properties":{"ADAIDU":"24660252","IDUGD":"2021S051624660252","SUPTERRE":10.4558,"PRIDU":"24"},"bbox":[-73.9578784,45.40220149,-73.90105517,45.44851929]},{"type":"Feature","geometry":{"type":"MultiPolygon","coordinates":[[[[-73.97340512,45.421644],[-73.97448689,45.42265629],[-73.97538609,45.42016],[-73.9713291,45.4209327],[-73.97340512,45.421644]]],[[[-73.93713543,45.45055574],[-73.9400741,45.44888991],[-73.94333489,45.44899419],[-73.94811551,45.45051441],[-73.95187139,45.44855589],[-73.95001781,45.4469525],[-73.95261219,45.44527749],[-73.95664831,45.44642221],[-73.9604506,45.44553411],[-73.95783481,45.44454579],[-73.9585519,45.4431301],[-73.9646412,45.4421336],[-73.96818211,45.44212819],[-73.96720481,45.4398735],[-73.96815241,45.43855591],[-73.972395,45.4368917],[-73.97518921,45.42868241],[-73.97425461,45.4254379],[-73.9707238,45.42496661],[-73.97073199,45.42134011],[-73.9638816,45.4165089],[-73.96542452,45.41457689],[-73.96180359,45.41236889],[-73.9576544,45.40853115],[-73.95673097,45.40959897],[-73.95473892,45.40780799],[-73.95004572,45.41319077],[-73.94984336,45.41695093],[-73.95655192,45.42600436],[-73.9578784,45.42650338],[-73.95045827,45.43377329],[-73.94823986,45.43263286],[-73.94651404,45.4370465],[-73.94395576,45.43694191],[-73.9411843,45.43850316],[-73.93757966,45.43701015],[-73.93519746,45.43719925],[-73.93178316,45.43957879],[-73.92541936,45.44118082],[-73.93448348,45.44913927],[-73.93713543,45.45055574]]]]},"properties":{"ADAIDU":"24660253","IDUGD":"2021S051624660253","SUPTERRE":7.4457,"PRIDU":"24"},"bbox":[-73.97538609,45.40780799,-73.92541936,45.45055574]},{"type":"Feature","geometry":{"type":"Polygon","coordinates":[[[-73.89866671,45.42550394],[-73.90105517,45.4350816],[-73.90560464,45.43321466],[-73.92772687,45.42134478],[-73.93159495,45.41986537],[-73.93284157,45.41010988],[-73.93393221,45.40445858],[-73.92744301,45.4031352],[-73.92343951,45.40413991],[-73.92119982,45.40358129],[-73.91885298,45.4075313],[-73.91671909,45.4074581],[-73.90864529,45.41101481],[-73.90592819,45.4115733],[-73.90054709,45.41124138],[-73.89543572,45.41418364],[-73.89866671,45.42550394]]]},"properties":{"ADAIDU":"24660254","IDUGD":"2021S051624660254","SUPTERRE":6.0333,"PRIDU":"24"},"bbox":[-73.93393221,45.4031352,-73.89543572,45.4350816]},{"type":"Feature","geometry":{"type":"Polygon","coordinates":[[[-73.53724356,45.61588496],[-73.53794581,45.61402413],[-73.54411143,45.61508131],[-73.54653273,45.61276084],[-73.54540134,45.61081258],[-73.54120973,45.60950369],[-73.54153703,45.60855963],[-73.53425703,45.60576042],[-73.52972392,45.60519153],[-73.52495854,45.61374794],[-73.53724356,45.61588496]]]},"properties":{"ADAIDU":"24660255","IDUGD":"2021S051624660255","SUPTERRE":1.2093,"PRIDU":"24"},"bbox":[-73.54653273,45.60519153,-73.52495854,45.61588496]},{"type":"Feature","geometry":{"type":"Polygon","coordinates":[[[-73.54083984,45.56441531],[-73.54236557,45.56146209],[-73.54583732,45.56260266],[-73.55166806,45.55371575],[-73.54476054,45.55149011],[-73.54304567,45.5509447],[-73.53952552,45.55709879],[-73.53657683,45.56277249],[-73.54083984,45.56441531]]]},"properties":{"ADAIDU":"24660256","IDUGD":"2021S051624660256","SUPTERRE":0.9006,"PRIDU":"24"},"bbox":[-73.55166806,45.5509447,-73.53657683,45.56441531]},{"type":"Feature","geometry":{"type":"Polygon","coordinates":[[[-73.68285434,45.53103303],[-73.68533432,45.53048155],[-73.686873,45.52875556],[-73.68051934,45.52714635],[-73.67740053,45.53075344],[-73.67387925,45.53127252],[-73.67008198,45.53071161],[-73.66896181,45.528838],[-73.6666786,45.52817974],[-73.66522532,45.53068882],[-73.66934492,45.53227143],[-73.67379378,45.53280532],[-73.68285434,45.53103303]]]},"properties":{"ADAIDU":"24660257","IDUGD":"2021S051624660257","SUPTERRE":0.4159,"PRIDU":"24"},"bbox":[-73.686873,45.52714635,-73.66522532,45.53280532]},{"type":"Feature","geometry":{"type":"Polygon","coordinates":[[[-73.6666786,45.52817974],[-73.66896181,45.528838],[-73.67008198,45.53071161],[-73.67387925,45.53127252],[-73.67740053,45.53075344],[-73.68051934,45.52714635],[-73.67149272,45.52455967],[-73.66859389,45.52372154],[-73.6666786,45.52817974]]]},"properties":{"ADAIDU":"24660258","IDUGD":"2021S051624660258","SUPTERRE":0.5559,"PRIDU":"24"},"bbox":[-73.68051934,45.52372154,-73.6666786,45.53127252]},{"type":"Feature","geometry":{"type":"Polygon","coordinates":[[[-73.67386582,45.49718099],[-73.67429098,45.49700858],[-73.67735264,45.49547208],[-73.68771588,45.49475479],[-73.69617733,45.49301121],[-73.6990787,45.49543956],[-73.70134702,45.49932913],[-73.69243048,45.50643108],[-73.68793646,45.51007097],[-73.69157602,45.5123498],[-73.7074493,45.52218277],[-73.71496232,45.51831952],[-73.72243557,45.51223131],[-73.72656771,45.51199842],[-73.72639922,45.50966697],[-73.71828188,45.50988262],[-73.71562637,45.50809789],[-73.71037141,45.51231926],[-73.70834703,45.51273503],[-73.70545343,45.5109292],[-73.70806733,45.51047426],[-73.70969737,45.50658754],[-73.72257473,45.49631288],[-73.72432502,45.49401933],[-73.72470886,45.4894824],[-73.73571584,45.49013165],[-73.73187689,45.48741089],[-73.73636564,45.48832602],[-73.73902725,45.48508099],[-73.74115707,45.485585],[-73.74795155,45.48020655],[-73.76396408,45.47798445],[-73.7681644,45.48175576],[-73.77223755,45.48070299],[-73.76620112,45.47693167],[-73.7682489,45.4750542],[-73.76214954,45.46859028],[-73.75020185,45.46120812],[-73.74080186,45.46841663],[-73.72404633,45.4819217],[-73.72030266,45.48059866],[-73.70836119,45.47320688],[-73.70209733,45.46954971],[-73.69367518,45.46374727],[-73.69234359,45.47035556],[-73.68314692,45.46481944],[-73.68159172,45.46814673],[-73.67949341,45.47591359],[-73.67793734,45.48160279],[-73.6772848,45.48386281],[-73.68619735,45.48950714],[-73.68149434,45.49125952],[-73.67386582,45.49718099]]]},"properties":{"ADAIDU":"24660259","IDUGD":"2021S051624660259","SUPTERRE":18.5867,"PRIDU":"24"},"bbox":[-73.77223755,45.46120812,-73.67386582,45.52218277]},{"type":"Feature","geometry":{"type":"Polygon","coordinates":[[[-73.54514399,45.45226629],[-73.53990709,45.45925999],[-73.5390658,45.4629677],[-73.53350539,45.46673081],[-73.5320221,45.46677619],[-73.53789712,45.47462111],[-73.5421177,45.4743947],[-73.54476338,45.47195511],[-73.547167,45.47109931],[-73.55137171,45.4677321],[-73.55478581,45.46735261],[-73.55629361,45.46614601],[-73.55685032,45.46015269],[-73.55794359,45.45827489],[-73.55534013,45.45787499],[-73.55371448,45.46118458],[-73.54600849,45.46068186],[-73.54334561,45.45860953],[-73.54334236,45.45614061],[-73.54677683,45.45348605],[-73.54514399,45.45226629]]]},"properties":{"ADAIDU":"24660260","IDUGD":"2021S051624660260","SUPTERRE":2.1047,"PRIDU":"24"},"bbox":[-73.55794359,45.45226629,-73.5320221,45.47462111]},{"type":"Feature","geometry":{"type":"Polygon","coordinates":[[[-73.75568305,45.50640605],[-73.75220174,45.50408266],[-73.7580309,45.50135938],[-73.76060341,45.50089011],[-73.76382402,45.50276191],[-73.76652046,45.50208289],[-73.76833035,45.50350662],[-73.77264219,45.50257745],[-73.77037821,45.50111509],[-73.77081505,45.49916212],[-73.77291015,45.49773238],[-73.76792367,45.49451222],[-73.76486149,45.49096069],[-73.76676946,45.4887072],[-73.76596592,45.48645036],[-73.76797544,45.48461203],[-73.77385673,45.48213643],[-73.77223755,45.48070299],[-73.7681644,45.48175576],[-73.76396408,45.47798445],[-73.74795155,45.48020655],[-73.74115707,45.485585],[-73.73902725,45.48508099],[-73.73636564,45.48832602],[-73.73187689,45.48741089],[-73.73571584,45.49013165],[-73.72470886,45.4894824],[-73.72432502,45.49401933],[-73.72257473,45.49631288],[-73.70969737,45.50658754],[-73.70806733,45.51047426],[-73.70545343,45.5109292],[-73.70834703,45.51273503],[-73.71037141,45.51231926],[-73.71562637,45.50809789],[-73.71828188,45.50988262],[-73.72639922,45.50966697],[-73.72656771,45.51199842],[-73.73027429,45.51185588],[-73.73386942,45.51428314],[-73.75568305,45.50640605]]]},"properties":{"ADAIDU":"24660261","IDUGD":"2021S051624660261","SUPTERRE":10.8819,"PRIDU":"24"},"bbox":[-73.77385673,45.47798445,-73.70545343,45.51428314]},{"type":"Feature","geometry":{"type":"Polygon","coordinates":[[[-73.55794359,45.45827489],[-73.56201679,45.44898289],[-73.5592258,45.4452409],[-73.55461181,45.44607111],[-73.55290052,45.44787169],[-73.54776191,45.44860279],[-73.54514399,45.45226629],[-73.54677683,45.45348605],[-73.54334236,45.45614061],[-73.54334561,45.45860953],[-73.54600849,45.46068186],[-73.55371448,45.46118458],[-73.55534013,45.45787499],[-73.55794359,45.45827489]]]},"properties":{"ADAIDU":"24660262","IDUGD":"2021S051624660262","SUPTERRE":1.6032,"PRIDU":"24"},"bbox":[-73.56201679,45.4452409,-73.54334236,45.46118458]},{"type":"Feature","geometry":{"type":"Polygon","coordinates":[[[-73.3866519,45.41319994],[-73.38832518,45.41440264],[-73.42063654,45.41587796],[-73.43838281,45.41701485],[-73.43787134,45.42186782],[-73.44936029,45.42205668],[-73.46098788,45.40353343],[-73.48872525,45.41644859],[-73.49650639,45.40793634],[-73.49953891,45.40330989],[-73.50274963,45.4004879],[-73.51245092,45.39310855],[-73.50881995,45.39128697],[-73.50380716,45.39328051],[-73.49782554,45.39032134],[-73.49545767,45.39177665],[-73.48657923,45.38806868],[-73.48448253,45.39132369],[-73.48223191,45.39024323],[-73.47754091,45.39370226],[-73.47164885,45.39116734],[-73.47050403,45.39008299],[-73.4464846,45.3788354],[-73.44625532,45.37908056],[-73.43291506,45.37332248],[-73.39035227,45.35529855],[-73.38765115,45.35852952],[-73.3922222,45.36014934],[-73.39451611,45.37234603],[-73.39795722,45.37366371],[-73.38800237,45.38415007],[-73.3870584,45.38752197],[-73.38556143,45.39836699],[-73.38610793,45.39990944],[-73.38315443,45.39975222],[-73.38043016,45.40114932],[-73.39372689,45.4104731],[-73.38518886,45.41012468],[-73.3866519,45.41319994]]]},"properties":{"ADAIDU":"24670001","IDUGD":"2021S051624670001","SUPTERRE":35.7711,"PRIDU":"24"},"bbox":[-73.51245092,45.35529855,-73.38043016,45.42205668]},{"type":"Feature","geometry":{"type":"MultiPolygon","coordinates":[[[[-73.5021983,45.43391314],[-73.50297771,45.43013881],[-73.50550759,45.42451459],[-73.508574,45.420492],[-73.5133136,45.41646021],[-73.51814249,45.41371499],[-73.5257672,45.41098303],[-73.52481184,45.41057885],[-73.52016049,45.41211291],[-73.51217648,45.4164693],[-73.50706621,45.421158],[-73.504677,45.42437069],[-73.50214701,45.43008481],[-73.50153377,45.43378585],[-73.5021983,45.43391314]]],[[[-73.49110889,45.43161081],[-73.49142471,45.4298415],[-73.49514399,45.4243976],[-73.49937382,45.4209333],[-73.49930999,45.41909761],[-73.50102208,45.41532711],[-73.50337301,45.41277151],[-73.50654122,45.41124169],[-73.5117017,45.40654389],[-73.51372075,45.40559115],[-73.50274963,45.4004879],[-73.49953891,45.40330989],[-73.49650639,45.40793634],[-73.48872525,45.41644859],[-73.47923246,45.43050523],[-73.48236658,45.43004679],[-73.48433316,45.43207],[-73.48700507,45.43103656],[-73.49110889,45.43161081]]]]},"properties":{"ADAIDU":"24670002","IDUGD":"2021S051624670002","SUPTERRE":3.3396,"PRIDU":"24"},"bbox":[-73.5257672,45.4004879,-73.47923246,45.43391314]},{"type":"Feature","geometry":{"type":"Polygon","coordinates":[[[-73.47923246,45.43050523],[-73.48872525,45.41644859],[-73.46098788,45.40353343],[-73.44936029,45.42205668],[-73.45549749,45.42232697],[-73.45641062,45.42117672],[-73.46426805,45.42174021],[-73.46467419,45.42323885],[-73.47084078,45.42519807],[-73.47223087,45.42676135],[-73.47438197,45.42670832],[-73.47923246,45.43050523]]]},"properties":{"ADAIDU":"24670003","IDUGD":"2021S051624670003","SUPTERRE":4.3597,"PRIDU":"24"},"bbox":[-73.48872525,45.40353343,-73.44936029,45.43050523]},{"type":"Feature","geometry":{"type":"MultiPolygon","coordinates":[[[[-73.53599502,45.4009151],[-73.53551663,45.40192384],[-73.53567689,45.4019407],[-73.53599502,45.4009151]]],[[[-73.53331063,45.40775391],[-73.54499341,45.4074445],[-73.54261691,45.40697749],[-73.53347993,45.40730654],[-73.53331063,45.40775391]]],[[[-73.56382331,45.40707571],[-73.56152461,45.40784181],[-73.5695729,45.40783721],[-73.5680773,45.40711811],[-73.5760102,45.4068882],[-73.575473,45.40639359],[-73.5652662,45.40658889],[-73.56382331,45.40707571]]],[[[-73.55334579,45.40487631],[-73.554497,45.4065046],[-73.56273711,45.4068243],[-73.56214799,45.40547479],[-73.55832711,45.40416309],[-73.5526928,45.40329301],[-73.55334579,45.40487631]]],[[[-73.60157944,45.40675392],[-73.59537849,45.4078546],[-73.58883859,45.4084357],[-73.57473512,45.4087248],[-73.56848731,45.4081438],[-73.55526531,45.40834891],[-73.55631309,45.4086094],[-73.53740579,45.40863509],[-73.53285647,45.408954],[-73.53261876,45.40960098],[-73.53514499,45.40920269],[-73.55471692,45.40923101],[-73.56229229,45.40891219],[-73.57155461,45.40911372],[-73.57421521,45.4117036],[-73.57764981,45.41013561],[-73.5855588,45.4107329],[-73.59377239,45.4100065],[-73.5972992,45.41042651],[-73.60028747,45.40934302],[-73.60157944,45.40675392]]],[[[-73.56171181,45.40374729],[-73.56672221,45.4062191],[-73.57604721,45.4059253],[-73.5773968,45.4026579],[-73.5788406,45.4028279],[-73.58477339,45.40663009],[-73.58519631,45.40751161],[-73.59295009,45.40719971],[-73.60215689,45.40559659],[-73.61187266,45.38482768],[-73.60915166,45.3857],[-73.60719859,45.38483529],[-73.60068115,45.38520118],[-73.59566782,45.39522276],[-73.58877252,45.39508942],[-73.5852244,45.39443836],[-73.56931032,45.38868456],[-73.56171181,45.40374729]]]]},"properties":{"ADAIDU":"24670004","IDUGD":"2021S051624670004","SUPTERRE":6.5662,"PRIDU":"24"},"bbox":[-73.61187266,45.38482768,-73.53261876,45.4117036]},{"type":"Feature","geometry":{"type":"MultiPolygon","coordinates":[[[[-73.5257672,45.41098303],[-73.53261876,45.40960098],[-73.53285647,45.408954],[-73.52481184,45.41057885],[-73.5257672,45.41098303]]],[[[-73.50274963,45.4004879],[-73.51372075,45.40559115],[-73.51948069,45.40431121],[-73.52260949,45.402133],[-73.52691351,45.4004494],[-73.53551663,45.40192384],[-73.53599502,45.4009151],[-73.53704082,45.397414],[-73.5344865,45.39768469],[-73.53497021,45.39506601],[-73.53788181,45.39439021],[-73.53835329,45.39279731],[-73.53436889,45.39350951],[-73.537968,45.3895669],[-73.5344676,45.3876513],[-73.53543257,45.38371896],[-73.53620492,45.37647329],[-73.52100938,45.36887712],[-73.52414014,45.36652606],[-73.5238143,45.36544916],[-73.51975481,45.36342321],[-73.51935478,45.37562806],[-73.51740327,45.38358033],[-73.51597733,45.38960259],[-73.51445484,45.39228175],[-73.51245092,45.39310855],[-73.50274963,45.4004879]]]]},"properties":{"ADAIDU":"24670005","IDUGD":"2021S051624670005","SUPTERRE":5.8904,"PRIDU":"24"},"bbox":[-73.53835329,45.36342321,-73.50274963,45.41098303]},{"type":"Feature","geometry":{"type":"Polygon","coordinates":[[[-73.39035227,45.35529855],[-73.43291506,45.37332248],[-73.44625532,45.37908056],[-73.4464846,45.3788354],[-73.47050403,45.39008299],[-73.47164885,45.39116734],[-73.47754091,45.39370226],[-73.48223191,45.39024323],[-73.48448253,45.39132369],[-73.48657923,45.38806868],[-73.47840727,45.38417489],[-73.48445918,45.38136443],[-73.49599233,45.37510155],[-73.49376838,45.37405801],[-73.49741331,45.36315597],[-73.49195789,45.3642328],[-73.48797617,45.3635294],[-73.4973804,45.35882064],[-73.49898865,45.36026775],[-73.50104439,45.35939645],[-73.4979156,45.35357061],[-73.49590309,45.3539856],[-73.49272559,45.3500599],[-73.49291711,45.34903411],[-73.49207547,45.34739784],[-73.50388723,45.34192013],[-73.50155198,45.3389524],[-73.51133819,45.33399881],[-73.50940831,45.33104477],[-73.5114686,45.32827405],[-73.50934688,45.32314376],[-73.5043421,45.32099381],[-73.50632412,45.31999668],[-73.50134985,45.31791315],[-73.50540517,45.31587746],[-73.50292222,45.31482752],[-73.50490713,45.31253569],[-73.50458303,45.31031258],[-73.48795515,45.31860874],[-73.48647251,45.31780405],[-73.49974645,45.31111074],[-73.494032,45.30610131],[-73.4931395,45.30461649],[-73.49363709,45.30150299],[-73.49263049,45.29692261],[-73.49283906,45.2925792],[-73.48843089,45.29423745],[-73.48631193,45.29157336],[-73.48022448,45.29462699],[-73.47710357,45.29179318],[-73.48005599,45.29031013],[-73.47704985,45.28689289],[-73.4793081,45.28578052],[-73.4759815,45.28079249],[-73.46074083,45.28897214],[-73.46382662,45.29424979],[-73.44378959,45.30373021],[-73.44223069,45.3080666],[-73.44376896,45.31067865],[-73.42475758,45.3192149],[-73.42121371,45.3177367],[-73.41185218,45.3256307],[-73.40842819,45.32890358],[-73.4096096,45.332117],[-73.40607908,45.33772041],[-73.40505803,45.34211824],[-73.40500777,45.34588615],[-73.4016215,45.34840649],[-73.39490366,45.3497423],[-73.39035227,45.35529855]]]},"properties":{"ADAIDU":"24670006","IDUGD":"2021S051624670006","SUPTERRE":61.9571,"PRIDU":"24"},"bbox":[-73.5114686,45.28079249,-73.39035227,45.39370226]},{"type":"Feature","geometry":{"type":"Polygon","coordinates":[[[-73.53567689,45.4019407],[-73.54003329,45.4025332],[-73.5479058,45.38753136],[-73.55389378,45.38667675],[-73.55188446,45.38438514],[-73.55264157,45.38245665],[-73.55090486,45.38100391],[-73.55144797,45.37865692],[-73.56167536,45.37873299],[-73.56013659,45.37836725],[-73.56248909,45.37389079],[-73.56692945,45.3749539],[-73.56878253,45.37359453],[-73.55791082,45.3710008],[-73.55917218,45.36906208],[-73.5407495,45.36418986],[-73.53846804,45.36313231],[-73.53733844,45.35909696],[-73.52462529,45.3531843],[-73.52582678,45.35181223],[-73.5202585,45.34922481],[-73.51989177,45.3536459],[-73.51975481,45.36342321],[-73.5238143,45.36544916],[-73.52414014,45.36652606],[-73.52100938,45.36887712],[-73.53620492,45.37647329],[-73.53543257,45.38371896],[-73.5344676,45.3876513],[-73.537968,45.3895669],[-73.53436889,45.39350951],[-73.53835329,45.39279731],[-73.53788181,45.39439021],[-73.53497021,45.39506601],[-73.5344865,45.39768469],[-73.53704082,45.397414],[-73.53599502,45.4009151],[-73.53567689,45.4019407]]]},"properties":{"ADAIDU":"24670007","IDUGD":"2021S051624670007","SUPTERRE":7.6433,"PRIDU":"24"},"bbox":[-73.56878253,45.34922481,-73.51975481,45.4025332]},{"type":"Feature","geometry":{"type":"Polygon","coordinates":[[[-73.56931032,45.38868456],[-73.56510318,45.38762347],[-73.55389378,45.38667675],[-73.5479058,45.38753136],[-73.54003329,45.4025332],[-73.5443883,45.40144269],[-73.54973991,45.40090071],[-73.55505529,45.40256289],[-73.56171181,45.40374729],[-73.56931032,45.38868456]]]},"properties":{"ADAIDU":"24670008","IDUGD":"2021S051624670008","SUPTERRE":2.8036,"PRIDU":"24"},"bbox":[-73.56931032,45.38667675,-73.54003329,45.40374729]},{"type":"Feature","geometry":{"type":"Polygon","coordinates":[[[-73.51245092,45.39310855],[-73.51445484,45.39228175],[-73.51597733,45.38960259],[-73.51740327,45.38358033],[-73.51144434,45.38230663],[-73.5048916,45.37938933],[-73.50383403,45.37734188],[-73.50539043,45.37288695],[-73.49992436,45.37299985],[-73.49599233,45.37510155],[-73.48445918,45.38136443],[-73.47840727,45.38417489],[-73.48657923,45.38806868],[-73.49545767,45.39177665],[-73.49782554,45.39032134],[-73.50380716,45.39328051],[-73.50881995,45.39128697],[-73.51245092,45.39310855]]]},"properties":{"ADAIDU":"24670009","IDUGD":"2021S051624670009","SUPTERRE":3.7223,"PRIDU":"24"},"bbox":[-73.51740327,45.37288695,-73.47840727,45.39328051]},{"type":"Feature","geometry":{"type":"MultiPolygon","coordinates":[[[[-73.6948978,45.4120744],[-73.68739271,45.41425559],[-73.68635251,45.41652491],[-73.6910772,45.41568931],[-73.71012038,45.4103557],[-73.70667929,45.40912919],[-73.6948978,45.4120744]]],[[[-73.60028747,45.40934302],[-73.60927908,45.40853491],[-73.61773241,45.40671781],[-73.6251292,45.4068],[-73.63071928,45.404517],[-73.63700239,45.40375381],[-73.64266331,45.4045207],[-73.64966959,45.40682439],[-73.65124678,45.40900901],[-73.65426581,45.41046281],[-73.65646252,45.41022579],[-73.65459131,45.41272099],[-73.65610202,45.4138528],[-73.66586879,45.4157736],[-73.66980359,45.41565091],[-73.67620929,45.4170899],[-73.68270229,45.41775461],[-73.6877359,45.4175575],[-73.69178371,45.41679491],[-73.71914809,45.4091509],[-73.71908321,45.408899],[-73.6910169,45.41676919],[-73.6843245,45.41759909],[-73.67539071,45.41678521],[-73.66817811,45.41468151],[-73.65200851,45.40721729],[-73.64464382,45.40469819],[-73.63697481,45.402926],[-73.6308423,45.4024742],[-73.62066339,45.4032863],[-73.60157944,45.40675392],[-73.60028747,45.40934302]]],[[[-73.60215689,45.40559659],[-73.6224999,45.4019795],[-73.62735289,45.40152441],[-73.63598839,45.40172141],[-73.64115071,45.40244401],[-73.64974132,45.40491669],[-73.6699658,45.4143279],[-73.67621881,45.4160101],[-73.6858412,45.41645379],[-73.68613798,45.4134477],[-73.69417952,45.41123879],[-73.69585889,45.4092022],[-73.6987205,45.40917931],[-73.70259961,45.40790361],[-73.70440769,45.40626259],[-73.7116527,45.40672641],[-73.71467721,45.40590189],[-73.71997548,45.39849491],[-73.7229917,45.39895709],[-73.72704281,45.3962585],[-73.72695939,45.39777941],[-73.72933209,45.40017731],[-73.73264101,45.40032351],[-73.73704581,45.40290609],[-73.7397775,45.40246851],[-73.74470981,45.39986641],[-73.75248718,45.39980675],[-73.72831766,45.38211771],[-73.72391108,45.37867994],[-73.70984536,45.36876097],[-73.67851488,45.34547849],[-73.67437678,45.34476427],[-73.67010161,45.35090648],[-73.66248347,45.34920496],[-73.66118457,45.35019954],[-73.66056263,45.3513399],[-73.65376455,45.35212197],[-73.65169729,45.35310773],[-73.64860066,45.35246894],[-73.64611614,45.35411358],[-73.64192561,45.35991551],[-73.6359094,45.36343229],[-73.63133669,45.367757],[-73.62609391,45.36954471],[-73.62201201,45.3770179],[-73.61943768,45.37982053],[-73.61617749,45.38583545],[-73.61187266,45.38482768],[-73.60215689,45.40559659]]]]},"properties":{"ADAIDU":"24670010","IDUGD":"2021S051624670010","SUPTERRE":49.3362,"PRIDU":"24"},"bbox":[-73.75248718,45.34476427,-73.60028747,45.41775461]},{"type":"Feature","geometry":{"type":"Polygon","coordinates":[[[-73.51975481,45.36342321],[-73.51989177,45.3536459],[-73.52000733,45.34546953],[-73.51944939,45.34300418],[-73.51634192,45.3373091],[-73.49481921,45.34822596],[-73.49291711,45.34903411],[-73.49272559,45.3500599],[-73.49590309,45.3539856],[-73.4979156,45.35357061],[-73.50104439,45.35939645],[-73.49898865,45.36026775],[-73.4973804,45.35882064],[-73.48797617,45.3635294],[-73.49195789,45.3642328],[-73.49741331,45.36315597],[-73.49376838,45.37405801],[-73.49599233,45.37510155],[-73.49992436,45.37299985],[-73.50539043,45.37288695],[-73.50383403,45.37734188],[-73.5048916,45.37938933],[-73.51144434,45.38230663],[-73.51740327,45.38358033],[-73.51935478,45.37562806],[-73.51975481,45.36342321]]]},"properties":{"ADAIDU":"24670011","IDUGD":"2021S051624670011","SUPTERRE":7.6611,"PRIDU":"24"},"bbox":[-73.52000733,45.3373091,-73.48797617,45.38358033]},{"type":"Feature","geometry":{"type":"Polygon","coordinates":[[[-73.60719859,45.38483529],[-73.59774447,45.38112103],[-73.59211579,45.37926472],[-73.56878253,45.37359453],[-73.56692945,45.3749539],[-73.56248909,45.37389079],[-73.56013659,45.37836725],[-73.56167536,45.37873299],[-73.55144797,45.37865692],[-73.55090486,45.38100391],[-73.55264157,45.38245665],[-73.55188446,45.38438514],[-73.55389378,45.38667675],[-73.56510318,45.38762347],[-73.56931032,45.38868456],[-73.5852244,45.39443836],[-73.58877252,45.39508942],[-73.59566782,45.39522276],[-73.60068115,45.38520118],[-73.60719859,45.38483529]]]},"properties":{"ADAIDU":"24670012","IDUGD":"2021S051624670012","SUPTERRE":5.7396,"PRIDU":"24"},"bbox":[-73.60719859,45.37359453,-73.55090486,45.39522276]},{"type":"Feature","geometry":{"type":"Polygon","coordinates":[[[-73.75248718,45.39980675],[-73.75518619,45.40039251],[-73.7553989,45.4022456],[-73.75861701,45.39923291],[-73.7619527,45.39965719],[-73.76503929,45.39596071],[-73.7647749,45.39402659],[-73.7672451,45.3897105],[-73.7719035,45.38644201],[-73.77217448,45.38438071],[-73.76841281,45.3827878],[-73.7695739,45.37993249],[-73.77308979,45.37818751],[-73.77567081,45.37593159],[-73.776615,45.37319371],[-73.7755989,45.37166639],[-73.76871372,45.37083689],[-73.77241478,45.3705852],[-73.77251222,45.36961304],[-73.76994502,45.36798873],[-73.77239489,45.36634664],[-73.77370776,45.36320335],[-73.77153539,45.35986207],[-73.7670846,45.36079173],[-73.75277215,45.36455335],[-73.75422681,45.36979367],[-73.7515836,45.37242359],[-73.75118752,45.37685099],[-73.73682438,45.38010289],[-73.7353753,45.37961911],[-73.73602121,45.37675162],[-73.73119256,45.37620524],[-73.73141569,45.37443277],[-73.72903303,45.37415391],[-73.72880991,45.37220759],[-73.72611081,45.37103904],[-73.72213866,45.37123745],[-73.72187687,45.37226384],[-73.71815109,45.37251672],[-73.7161937,45.36911666],[-73.7213293,45.36968023],[-73.72234505,45.36884426],[-73.72070106,45.36647811],[-73.7176541,45.36600554],[-73.71851043,45.36470679],[-73.71449812,45.36356467],[-73.71951293,45.36405139],[-73.71706863,45.360812],[-73.7219982,45.36061716],[-73.72344784,45.35940622],[-73.71594003,45.35850272],[-73.70984536,45.36876097],[-73.72391108,45.37867994],[-73.72831766,45.38211771],[-73.75248718,45.39980675]]]},"properties":{"ADAIDU":"24670013","IDUGD":"2021S051624670013","SUPTERRE":7.7901,"PRIDU":"24"},"bbox":[-73.776615,45.35850272,-73.70984536,45.4022456]},{"type":"Feature","geometry":{"type":"Polygon","coordinates":[[[-73.61187266,45.38482768],[-73.61617749,45.38583545],[-73.61943768,45.37982053],[-73.61104095,45.37625246],[-73.59910147,45.37344097],[-73.60149735,45.37188212],[-73.58439357,45.36793568],[-73.58714456,45.36217697],[-73.5768035,45.35963789],[-73.56989883,45.36414384],[-73.57115711,45.37060675],[-73.56878253,45.37359453],[-73.59211579,45.37926472],[-73.59774447,45.38112103],[-73.60719859,45.38483529],[-73.60915166,45.3857],[-73.61187266,45.38482768]]]},"properties":{"ADAIDU":"24670014","IDUGD":"2021S051624670014","SUPTERRE":4.5048,"PRIDU":"24"},"bbox":[-73.61943768,45.35963789,-73.56878253,45.38583545]},{"type":"Feature","geometry":{"type":"Polygon","coordinates":[[[-73.49291711,45.34903411],[-73.49481921,45.34822596],[-73.51634192,45.3373091],[-73.51944939,45.34300418],[-73.52000733,45.34546953],[-73.51989177,45.3536459],[-73.5202585,45.34922481],[-73.52582678,45.35181223],[-73.52462529,45.3531843],[-73.53733844,45.35909696],[-73.53846804,45.36313231],[-73.5407495,45.36418986],[-73.55917218,45.36906208],[-73.55791082,45.3710008],[-73.56878253,45.37359453],[-73.57115711,45.37060675],[-73.56989883,45.36414384],[-73.5768035,45.35963789],[-73.58714456,45.36217697],[-73.58439357,45.36793568],[-73.60149735,45.37188212],[-73.59910147,45.37344097],[-73.61104095,45.37625246],[-73.61943768,45.37982053],[-73.62201201,45.3770179],[-73.62609391,45.36954471],[-73.63133669,45.367757],[-73.6359094,45.36343229],[-73.64192561,45.35991551],[-73.64611614,45.35411358],[-73.64860066,45.35246894],[-73.65169729,45.35310773],[-73.65376455,45.35212197],[-73.66056263,45.3513399],[-73.66118457,45.35019954],[-73.64393839,45.34599083],[-73.64426254,45.34554378],[-73.63100712,45.34243281],[-73.6411145,45.33461301],[-73.6345889,45.33279416],[-73.62009953,45.32943632],[-73.62431965,45.32755404],[-73.62802149,45.32486216],[-73.63135433,45.31840311],[-73.63399555,45.31469645],[-73.59423601,45.30339667],[-73.59303906,45.30263848],[-73.56812364,45.29578017],[-73.55839111,45.29271451],[-73.54748832,45.28992989],[-73.54647503,45.2913767],[-73.5386682,45.28935259],[-73.5365636,45.29108571],[-73.5365596,45.29294034],[-73.53367418,45.29168911],[-73.53371378,45.29404807],[-73.51537741,45.28660952],[-73.51787552,45.2818826],[-73.51741202,45.28030069],[-73.51001331,45.27764664],[-73.50758469,45.2799674],[-73.50943435,45.28088079],[-73.50842916,45.28352374],[-73.50543955,45.28582588],[-73.50249545,45.28528584],[-73.49363891,45.29683935],[-73.49263049,45.29692261],[-73.49363709,45.30150299],[-73.4931395,45.30461649],[-73.494032,45.30610131],[-73.49974645,45.31111074],[-73.48647251,45.31780405],[-73.48795515,45.31860874],[-73.50458303,45.31031258],[-73.50490713,45.31253569],[-73.50292222,45.31482752],[-73.50540517,45.31587746],[-73.50134985,45.31791315],[-73.50632412,45.31999668],[-73.5043421,45.32099381],[-73.50934688,45.32314376],[-73.5114686,45.32827405],[-73.50940831,45.33104477],[-73.51133819,45.33399881],[-73.50155198,45.3389524],[-73.50388723,45.34192013],[-73.49207547,45.34739784],[-73.49291711,45.34903411]]]},"properties":{"ADAIDU":"24670015","IDUGD":"2021S051624670015","SUPTERRE":78.2288,"PRIDU":"24"},"bbox":[-73.66118457,45.27764664,-73.48647251,45.37982053]},{"type":"Feature","geometry":{"type":"Polygon","coordinates":[[[-73.75277215,45.36455335],[-73.74995196,45.36180629],[-73.74671486,45.36131984],[-73.7441357,45.36176968],[-73.73258622,45.36042701],[-73.73109325,45.36806867],[-73.73303848,45.37072156],[-73.73668167,45.37391066],[-73.73602121,45.37675162],[-73.7353753,45.37961911],[-73.73682438,45.38010289],[-73.75118752,45.37685099],[-73.7515836,45.37242359],[-73.75422681,45.36979367],[-73.75277215,45.36455335]]]},"properties":{"ADAIDU":"24670016","IDUGD":"2021S051624670016","SUPTERRE":2.6102,"PRIDU":"24"},"bbox":[-73.75422681,45.36042701,-73.73109325,45.38010289]},{"type":"Feature","geometry":{"type":"MultiPolygon","coordinates":[[[[-73.84603569,45.33991871],[-73.8469072,45.34075607],[-73.84647262,45.34031416],[-73.84635701,45.34020952],[-73.84603569,45.33991871]]],[[[-73.83299109,45.3529313],[-73.8356046,45.35029609],[-73.83867139,45.3487842],[-73.83980798,45.34680111],[-73.84386471,45.3444673],[-73.84631849,45.3408875],[-73.84421709,45.339427],[-73.84182082,45.33985709],[-73.84441731,45.34299891],[-73.84148471,45.34338559],[-73.83564541,45.34856819],[-73.83299109,45.3529313]]],[[[-73.7754824,45.37133371],[-73.7809229,45.36912479],[-73.78312661,45.36559189],[-73.78794869,45.3624123],[-73.79448212,45.3595251],[-73.7883486,45.35821799],[-73.79407221,45.35433389],[-73.8032101,45.34946881],[-73.8090006,45.344171],[-73.8130918,45.343242],[-73.81222109,45.34039179],[-73.81647268,45.3385623],[-73.81642759,45.33732961],[-73.82122332,45.332511],[-73.8241409,45.3318098],[-73.8289453,45.32868259],[-73.8327299,45.3301384],[-73.82924413,45.32707123],[-73.8142676,45.31592074],[-73.81293045,45.31666286],[-73.80930534,45.31530731],[-73.80797214,45.31812179],[-73.80927099,45.31855247],[-73.80842334,45.32218949],[-73.80149813,45.32931042],[-73.79640283,45.32986328],[-73.79614546,45.33278625],[-73.79300044,45.33708983],[-73.79109539,45.33709494],[-73.78943014,45.33513535],[-73.78125089,45.34267545],[-73.78404113,45.34408123],[-73.77466913,45.34874206],[-73.77420464,45.35241311],[-73.77583576,45.35387567],[-73.76941935,45.35707338],[-73.77153539,45.35986207],[-73.77370776,45.36320335],[-73.77239489,45.36634664],[-73.76994502,45.36798873],[-73.77251222,45.36961304],[-73.77530832,45.37130852],[-73.7754824,45.37133371]]]]},"properties":{"ADAIDU":"24670017","IDUGD":"2021S051624670017","SUPTERRE":10.3619,"PRIDU":"24"},"bbox":[-73.8469072,45.31530731,-73.76941935,45.37133371]},{"type":"Feature","geometry":{"type":"Polygon","coordinates":[[[-73.73602121,45.37675162],[-73.73668167,45.37391066],[-73.73303848,45.37072156],[-73.73109325,45.36806867],[-73.73258622,45.36042701],[-73.72344784,45.35940622],[-73.7219982,45.36061716],[-73.71706863,45.360812],[-73.71951293,45.36405139],[-73.71449812,45.36356467],[-73.71851043,45.36470679],[-73.7176541,45.36600554],[-73.72070106,45.36647811],[-73.72234505,45.36884426],[-73.7213293,45.36968023],[-73.7161937,45.36911666],[-73.71815109,45.37251672],[-73.72187687,45.37226384],[-73.72213866,45.37123745],[-73.72611081,45.37103904],[-73.72880991,45.37220759],[-73.72903303,45.37415391],[-73.73141569,45.37443277],[-73.73119256,45.37620524],[-73.73602121,45.37675162]]]},"properties":{"ADAIDU":"24670018","IDUGD":"2021S051624670018","SUPTERRE":1.6473,"PRIDU":"24"},"bbox":[-73.73668167,45.35940622,-73.71449812,45.37675162]},{"type":"Feature","geometry":{"type":"Polygon","coordinates":[[[-73.70984536,45.36876097],[-73.71594003,45.35850272],[-73.72481094,45.34374254],[-73.70551696,45.3416279],[-73.7031693,45.34117016],[-73.68784852,45.33672341],[-73.6836049,45.34399385],[-73.67659534,45.34202289],[-73.67577806,45.34341249],[-73.67851488,45.34547849],[-73.70984536,45.36876097]]]},"properties":{"ADAIDU":"24670019","IDUGD":"2021S051624670019","SUPTERRE":6.3297,"PRIDU":"24"},"bbox":[-73.72481094,45.33672341,-73.67577806,45.36876097]},{"type":"Feature","geometry":{"type":"Polygon","coordinates":[[[-73.67851488,45.34547849],[-73.67577806,45.34341249],[-73.67659534,45.34202289],[-73.6836049,45.34399385],[-73.68784852,45.33672341],[-73.70733259,45.30270774],[-73.73434973,45.25594736],[-73.70362783,45.23285618],[-73.69821215,45.22900529],[-73.67748311,45.24740838],[-73.68626814,45.25006592],[-73.67822433,45.26677035],[-73.66057912,45.28901769],[-73.65090433,45.30163866],[-73.64555072,45.29783707],[-73.63399555,45.31469645],[-73.63135433,45.31840311],[-73.62802149,45.32486216],[-73.62431965,45.32755404],[-73.62009953,45.32943632],[-73.6345889,45.33279416],[-73.6411145,45.33461301],[-73.63100712,45.34243281],[-73.64426254,45.34554378],[-73.64393839,45.34599083],[-73.66118457,45.35019954],[-73.66248347,45.34920496],[-73.67010161,45.35090648],[-73.67437678,45.34476427],[-73.67851488,45.34547849]]]},"properties":{"ADAIDU":"24670020","IDUGD":"2021S051624670020","SUPTERRE":52.2871,"PRIDU":"24"},"bbox":[-73.73434973,45.22900529,-73.62009953,45.35090648]},{"type":"Feature","geometry":{"type":"Polygon","coordinates":[[[-73.77153539,45.35986207],[-73.76941935,45.35707338],[-73.77583576,45.35387567],[-73.77420464,45.35241311],[-73.77466913,45.34874206],[-73.78404113,45.34408123],[-73.78125089,45.34267545],[-73.78943014,45.33513535],[-73.79109539,45.33709494],[-73.79300044,45.33708983],[-73.79614546,45.33278625],[-73.79640283,45.32986328],[-73.80149813,45.32931042],[-73.80842334,45.32218949],[-73.80927099,45.31855247],[-73.80797214,45.31812179],[-73.80930534,45.31530731],[-73.81293045,45.31666286],[-73.8142676,45.31592074],[-73.81128906,45.31373554],[-73.79838111,45.3037593],[-73.79577235,45.30860473],[-73.79612542,45.31095758],[-73.7950679,45.31370094],[-73.79178579,45.31844646],[-73.7838175,45.3198279],[-73.78013842,45.32132171],[-73.77328897,45.32303329],[-73.77001036,45.32676821],[-73.76383085,45.32856236],[-73.76046586,45.33425647],[-73.75677897,45.33778102],[-73.75541087,45.34026414],[-73.75142851,45.34344847],[-73.75047419,45.34615486],[-73.74677682,45.34900631],[-73.74473522,45.351519],[-73.73989052,45.35231645],[-73.73833151,45.35553814],[-73.73938113,45.35648244],[-73.74363509,45.35688957],[-73.74471507,45.3609816],[-73.74671486,45.36131984],[-73.74995196,45.36180629],[-73.75277215,45.36455335],[-73.7670846,45.36079173],[-73.77153539,45.35986207]]]},"properties":{"ADAIDU":"24670022","IDUGD":"2021S051624670022","SUPTERRE":12.7345,"PRIDU":"24"},"bbox":[-73.8142676,45.3037593,-73.73833151,45.36455335]},{"type":"Feature","geometry":{"type":"Polygon","coordinates":[[[-73.72481094,45.34374254],[-73.72503865,45.34337091],[-73.75047419,45.34615486],[-73.75142851,45.34344847],[-73.75541087,45.34026414],[-73.75677897,45.33778102],[-73.76046586,45.33425647],[-73.76383085,45.32856236],[-73.77001036,45.32676821],[-73.77328897,45.32303329],[-73.78013842,45.32132171],[-73.7838175,45.3198279],[-73.79178579,45.31844646],[-73.7950679,45.31370094],[-73.79612542,45.31095758],[-73.79577235,45.30860473],[-73.79838111,45.3037593],[-73.78468018,45.2937317],[-73.73434973,45.25594736],[-73.70733259,45.30270774],[-73.68784852,45.33672341],[-73.7031693,45.34117016],[-73.70551696,45.3416279],[-73.72481094,45.34374254]]]},"properties":{"ADAIDU":"24670023","IDUGD":"2021S051624670023","SUPTERRE":45.963,"PRIDU":"24"},"bbox":[-73.79838111,45.25594736,-73.68784852,45.34615486]},{"type":"Feature","geometry":{"type":"Polygon","coordinates":[[[-73.72344784,45.35940622],[-73.73258622,45.36042701],[-73.7441357,45.36176968],[-73.74671486,45.36131984],[-73.74471507,45.3609816],[-73.74363509,45.35688957],[-73.73938113,45.35648244],[-73.73833151,45.35553814],[-73.73989052,45.35231645],[-73.74473522,45.351519],[-73.74677682,45.34900631],[-73.75047419,45.34615486],[-73.72503865,45.34337091],[-73.72481094,45.34374254],[-73.71594003,45.35850272],[-73.72344784,45.35940622]]]},"properties":{"ADAIDU":"24670024","IDUGD":"2021S051624670024","SUPTERRE":3.1945,"PRIDU":"24"},"bbox":[-73.75047419,45.34337091,-73.71594003,45.36176968]},{"type":"Feature","geometry":{"type":"Polygon","coordinates":[[[-73.40842819,45.32890358],[-73.41185218,45.3256307],[-73.42121371,45.3177367],[-73.42475758,45.3192149],[-73.44376896,45.31067865],[-73.44223069,45.3080666],[-73.44378959,45.30373021],[-73.46382662,45.29424979],[-73.46074083,45.28897214],[-73.4759815,45.28079249],[-73.46812273,45.26871195],[-73.467638,45.26556183],[-73.4725625,45.24634632],[-73.476814,45.22088303],[-73.47980872,45.20211007],[-73.47526128,45.2043975],[-73.47332418,45.20277536],[-73.46651514,45.20619266],[-73.4559143,45.19976499],[-73.45411101,45.19719018],[-73.45307056,45.19349707],[-73.44877124,45.19508323],[-73.4518613,45.19082013],[-73.44969388,45.19091434],[-73.45044129,45.18766507],[-73.4536305,45.18754457],[-73.46789771,45.15588794],[-73.47547606,45.13760063],[-73.48236178,45.12337947],[-73.46831236,45.1234206],[-73.46814428,45.12551628],[-73.45971871,45.12519934],[-73.4308511,45.12486446],[-73.43136671,45.10805597],[-73.3997975,45.10742865],[-73.39146703,45.10728263],[-73.39141024,45.12206822],[-73.37791899,45.12184735],[-73.37743367,45.13282585],[-73.35626671,45.13232689],[-73.35552139,45.15302935],[-73.35485303,45.16695002],[-73.36529205,45.17966882],[-73.35940607,45.19765202],[-73.38020264,45.21162329],[-73.36554068,45.22262521],[-73.36669329,45.22338347],[-73.35187039,45.23428277],[-73.3665678,45.24390421],[-73.36749735,45.244796],[-73.3857239,45.25724389],[-73.3830816,45.25962589],[-73.41144439,45.25487636],[-73.40146076,45.26572501],[-73.38979015,45.26778275],[-73.37887633,45.28166424],[-73.38155595,45.29034074],[-73.38262072,45.29515594],[-73.37927367,45.29572645],[-73.37985545,45.30018098],[-73.37548506,45.30108766],[-73.37595575,45.30268853],[-73.37198946,45.30639012],[-73.36974096,45.31176222],[-73.39346416,45.32243829],[-73.40842819,45.32890358]]]},"properties":{"ADAIDU":"24680001","IDUGD":"2021S051624680001","SUPTERRE":169.4372,"PRIDU":"24"},"bbox":[-73.48236178,45.10728263,-73.35187039,45.32890358]},{"type":"Feature","geometry":{"type":"Polygon","coordinates":[[[-73.3997975,45.10742865],[-73.43136671,45.10805597],[-73.4308511,45.12486446],[-73.45971871,45.12519934],[-73.46814428,45.12551628],[-73.46831236,45.1234206],[-73.48236178,45.12337947],[-73.47547606,45.13760063],[-73.46789771,45.15588794],[-73.4536305,45.18754457],[-73.45044129,45.18766507],[-73.44969388,45.19091434],[-73.4518613,45.19082013],[-73.44877124,45.19508323],[-73.45307056,45.19349707],[-73.45411101,45.19719018],[-73.4559143,45.19976499],[-73.46651514,45.20619266],[-73.47332418,45.20277536],[-73.47526128,45.2043975],[-73.47980872,45.20211007],[-73.476814,45.22088303],[-73.4725625,45.24634632],[-73.467638,45.26556183],[-73.46812273,45.26871195],[-73.4759815,45.28079249],[-73.4793081,45.28578052],[-73.47704985,45.28689289],[-73.48005599,45.29031013],[-73.47710357,45.29179318],[-73.48022448,45.29462699],[-73.48631193,45.29157336],[-73.48843089,45.29423745],[-73.49283906,45.2925792],[-73.49263049,45.29692261],[-73.49363891,45.29683935],[-73.50249545,45.28528584],[-73.50543955,45.28582588],[-73.50842916,45.28352374],[-73.50943435,45.28088079],[-73.50758469,45.2799674],[-73.51001331,45.27764664],[-73.51741202,45.28030069],[-73.51787552,45.2818826],[-73.51537741,45.28660952],[-73.53371378,45.29404807],[-73.53367418,45.29168911],[-73.5365596,45.29294034],[-73.5365636,45.29108571],[-73.5386682,45.28935259],[-73.54647503,45.2913767],[-73.54748832,45.28992989],[-73.55839111,45.29271451],[-73.56812364,45.29578017],[-73.57164298,45.29005749],[-73.57651528,45.29105159],[-73.57727937,45.2895416],[-73.57234978,45.28797907],[-73.57692909,45.28715983],[-73.57960909,45.28043309],[-73.58287417,45.27587032],[-73.58152312,45.27431312],[-73.58271107,45.2721035],[-73.5813788,45.2701097],[-73.57887098,45.26917268],[-73.58153196,45.26464697],[-73.58070582,45.26145446],[-73.58638587,45.25501584],[-73.5830627,45.25407341],[-73.58493113,45.25074208],[-73.5897356,45.25208664],[-73.59744643,45.23909372],[-73.60243037,45.2311617],[-73.59812521,45.2294356],[-73.60479337,45.21810392],[-73.61533845,45.22102229],[-73.62829328,45.20086934],[-73.63924052,45.18461721],[-73.66848712,45.20652681],[-73.69592122,45.18834641],[-73.71011471,45.17966634],[-73.72640305,45.16891262],[-73.73808844,45.17781137],[-73.75528237,45.16821555],[-73.73913077,45.1558535],[-73.73644397,45.15729867],[-73.72031246,45.1455797],[-73.70796065,45.13762884],[-73.69856881,45.13077968],[-73.70620659,45.12509358],[-73.67689063,45.10350862],[-73.67063544,45.09907464],[-73.68352854,45.0944835],[-73.6830319,45.08498841],[-73.68275794,45.07226833],[-73.68635364,45.07227248],[-73.68630984,45.04631667],[-73.69431492,45.0462919],[-73.69450367,45.0257547],[-73.69431268,45.01029794],[-73.69493734,45.00278288],[-73.673369,45.002537],[-73.65154035,45.00264347],[-73.63868326,45.00300093],[-73.61807808,45.00401248],[-73.58020046,45.0051051],[-73.56522117,45.00537684],[-73.5383786,45.0061148],[-73.45367255,45.00882448],[-73.43556161,45.00907183],[-73.41070973,45.00978857],[-73.41134029,45.02285316],[-73.41194522,45.04209184],[-73.39106213,45.04245216],[-73.39097322,45.04940324],[-73.39117587,45.08009092],[-73.39139972,45.09225334],[-73.39976832,45.0923708],[-73.3997975,45.10742865]]]},"properties":{"ADAIDU":"24680002","IDUGD":"2021S051624680002","SUPTERRE":554.9096,"PRIDU":"24"},"bbox":[-73.75528237,45.002537,-73.39097322,45.29692261]},{"type":"Feature","geometry":{"type":"Polygon","coordinates":[[[-73.63399555,45.31469645],[-73.64555072,45.29783707],[-73.65090433,45.30163866],[-73.66057912,45.28901769],[-73.67822433,45.26677035],[-73.68626814,45.25006592],[-73.67748311,45.24740838],[-73.69821215,45.22900529],[-73.66848712,45.20652681],[-73.63924052,45.18461721],[-73.62829328,45.20086934],[-73.61533845,45.22102229],[-73.60479337,45.21810392],[-73.59812521,45.2294356],[-73.60243037,45.2311617],[-73.59744643,45.23909372],[-73.5897356,45.25208664],[-73.58493113,45.25074208],[-73.5830627,45.25407341],[-73.58638587,45.25501584],[-73.58070582,45.26145446],[-73.58153196,45.26464697],[-73.57887098,45.26917268],[-73.5813788,45.2701097],[-73.58271107,45.2721035],[-73.58152312,45.27431312],[-73.58287417,45.27587032],[-73.57960909,45.28043309],[-73.57692909,45.28715983],[-73.57234978,45.28797907],[-73.57727937,45.2895416],[-73.57651528,45.29105159],[-73.57164298,45.29005749],[-73.56812364,45.29578017],[-73.59303906,45.30263848],[-73.59423601,45.30339667],[-73.63399555,45.31469645]]]},"properties":{"ADAIDU":"24680003","IDUGD":"2021S051624680003","SUPTERRE":78.1761,"PRIDU":"24"},"bbox":[-73.69821215,45.18461721,-73.56812364,45.31469645]},{"type":"Feature","geometry":{"type":"Polygon","coordinates":[[[-73.75528237,45.16821555],[-73.7610652,45.1732449],[-73.77274817,45.1659534],[-73.78348041,45.17400252],[-73.79514195,45.18173731],[-73.78304911,45.18966298],[-73.79355557,45.19707071],[-73.80343763,45.20468422],[-73.81390634,45.19770311],[-73.83128816,45.20989854],[-73.82783447,45.21234146],[-73.83772423,45.2185929],[-73.84116647,45.21667282],[-73.84364986,45.21144048],[-73.8460795,45.20962789],[-73.85767168,45.21815651],[-73.86087076,45.21707562],[-73.86449177,45.21202281],[-73.86744292,45.21406779],[-73.86963984,45.21200747],[-73.87179808,45.21165023],[-73.87395991,45.20939212],[-73.88453175,45.20759754],[-73.88848113,45.20413745],[-73.90049097,45.20363892],[-73.9107534,45.196292],[-73.91203648,45.19672799],[-73.9121898,45.19405499],[-73.91412537,45.19249106],[-73.91186023,45.19074509],[-73.91444551,45.18897602],[-73.91662391,45.19061036],[-73.92238163,45.18525663],[-73.92545012,45.18481486],[-73.92953674,45.1817486],[-73.9284497,45.1809249],[-73.93718695,45.1750235],[-73.93828309,45.16980962],[-73.9504516,45.16246345],[-73.97281983,45.17963349],[-73.98012486,45.17571537],[-74.01883206,45.15592367],[-74.02411765,45.15334947],[-74.02590896,45.15471576],[-74.03004216,45.15468049],[-74.03702004,45.15368669],[-74.12410519,45.14548597],[-74.1016421,45.12663137],[-74.08934416,45.11685784],[-74.0860399,45.11388034],[-74.06894983,45.10011355],[-74.03428514,45.07186369],[-74.01609057,45.05722608],[-73.99613564,45.04067748],[-73.98764968,45.03387741],[-73.98686557,45.02329542],[-73.98510818,45.02339387],[-73.98270372,44.99726365],[-73.93920404,44.99896417],[-73.90294751,45.00007941],[-73.85833193,45.00176601],[-73.8339487,45.00219704],[-73.78779716,45.00271447],[-73.74724659,45.00307742],[-73.69493734,45.00278288],[-73.69431268,45.01029794],[-73.69450367,45.0257547],[-73.69431492,45.0462919],[-73.68630984,45.04631667],[-73.68635364,45.07227248],[-73.68275794,45.07226833],[-73.6830319,45.08498841],[-73.68352854,45.0944835],[-73.67063544,45.09907464],[-73.67689063,45.10350862],[-73.70620659,45.12509358],[-73.69856881,45.13077968],[-73.70796065,45.13762884],[-73.72031246,45.1455797],[-73.73644397,45.15729867],[-73.73913077,45.1558535],[-73.75528237,45.16821555]]]},"properties":{"ADAIDU":"24690001","IDUGD":"2021S051624690001","SUPTERRE":541.5813,"PRIDU":"24"},"bbox":[-74.12410519,44.99726365,-73.67063544,45.2185929]},{"type":"Feature","geometry":{"type":"MultiPolygon","coordinates":[[[[-74.5943146,45.0197308],[-74.5996522,45.0195085],[-74.59844909,45.0183052],[-74.5943146,45.0197308]]],[[[-74.48486798,45.04511491],[-74.48324602,45.04750459],[-74.48855939,45.04570389],[-74.48800849,45.04467379],[-74.48644301,45.0451733],[-74.48486798,45.04511491]]],[[[-74.47356351,45.04471691],[-74.476195,45.04270561],[-74.47230819,45.0432967],[-74.47356351,45.04471691]]],[[[-74.46368252,45.04819329],[-74.46356999,45.04981409],[-74.4672452,45.0486761],[-74.46657241,45.04717001],[-74.46368252,45.04819329]]],[[[-74.5577018,45.02970489],[-74.55968431,45.0291736],[-74.5597734,45.0264369],[-74.55716039,45.02787401],[-74.5577018,45.02970489]]],[[[-74.499624,45.04324981],[-74.50293101,45.04362579],[-74.50615191,45.04271551],[-74.50023469,45.04040979],[-74.50177002,45.043294],[-74.499624,45.04324981]]],[[[-74.59002742,45.02114861],[-74.59064159,45.02208771],[-74.59610802,45.02128839],[-74.59978389,45.021748],[-74.60122281,45.02069019],[-74.59264599,45.0207276],[-74.59002742,45.02114861]]],[[[-74.48237361,45.0454874],[-74.48739202,45.0442561],[-74.48825889,45.0444736],[-74.4887575,45.04541421],[-74.49261719,45.0439859],[-74.4922397,45.0412444],[-74.49023669,45.04138779],[-74.48731282,45.04333889],[-74.48237361,45.0454874]]],[[[-74.60736951,45.0216297],[-74.60562701,45.02141261],[-74.6019436,45.02321211],[-74.59967405,45.02705443],[-74.6020368,45.0267478],[-74.60314041,45.0267192],[-74.60407097,45.02603775],[-74.60871482,45.02354145],[-74.60736951,45.0216297]]],[[[-74.58385578,45.03099834],[-74.58714412,45.03104819],[-74.58809132,45.0284357],[-74.58986099,45.02909649],[-74.59255598,45.0273339],[-74.59701852,45.0264452],[-74.59950129,45.0228937],[-74.59587331,45.02228959],[-74.5916331,45.02285211],[-74.5906052,45.0241848],[-74.58732519,45.02519699],[-74.58176739,45.02857951],[-74.5787045,45.0296884],[-74.58198563,45.0306751],[-74.58236648,45.02860771],[-74.58385578,45.03099834]]],[[[-74.57097979,45.0298961],[-74.5723333,45.02898339],[-74.5766412,45.02929391],[-74.5771037,45.0282456],[-74.5821568,45.027019],[-74.58790941,45.0232117],[-74.59017011,45.0226501],[-74.58847852,45.02110039],[-74.58588211,45.02068421],[-74.56999369,45.02260701],[-74.5697468,45.02366221],[-74.56429209,45.0251261],[-74.56117449,45.02671189],[-74.56102838,45.02911609],[-74.55683391,45.0315037],[-74.56084429,45.03151161],[-74.56204625,45.03238974],[-74.57003242,45.02884985],[-74.57097979,45.0298961]],[[-74.57406711,45.02739265],[-74.57273184,45.02538185],[-74.57463053,45.0251638],[-74.57406711,45.02739265]]],[[[-74.12410519,45.14548597],[-74.14639973,45.16466706],[-74.16341351,45.17974183],[-74.18230215,45.19593348],[-74.18279799,45.1941128],[-74.18745302,45.19173609],[-74.1900848,45.1894165],[-74.19552501,45.1878357],[-74.2019581,45.18422379],[-74.20685011,45.1826278],[-74.2110437,45.18319569],[-74.21417421,45.1822043],[-74.2140098,45.18025249],[-74.2179907,45.17910271],[-74.22298419,45.17553461],[-74.22715339,45.17522909],[-74.2305986,45.17700691],[-74.23866819,45.1752632],[-74.2413186,45.17557899],[-74.24607071,45.17899471],[-74.25060571,45.1755273],[-74.25512382,45.17755839],[-74.25701791,45.17551209],[-74.26142108,45.17368301],[-74.26674561,45.1732154],[-74.2693963,45.17448439],[-74.2704895,45.17346921],[-74.27535229,45.17367921],[-74.28031728,45.17484231],[-74.28195561,45.1727703],[-74.28418941,45.17330389],[-74.28571692,45.17151159],[-74.2899556,45.17167141],[-74.29125489,45.1736331],[-74.29460509,45.173016],[-74.29613502,45.1714215],[-74.29479299,45.17006301],[-74.29743571,45.1689017],[-74.30022408,45.1663445],[-74.30205969,45.16842841],[-74.30585579,45.16879759],[-74.30439812,45.16735909],[-74.30714479,45.16728569],[-74.31102579,45.1646665],[-74.31245861,45.16613209],[-74.31645671,45.1672825],[-74.31943149,45.16626231],[-74.32206679,45.16728718],[-74.32051989,45.1649856],[-74.32300489,45.16264601],[-74.325942,45.16343471],[-74.32671031,45.16115241],[-74.33493209,45.16060659],[-74.33395371,45.15894001],[-74.3373042,45.1566927],[-74.3390953,45.15740849],[-74.34073328,45.15549771],[-74.34324179,45.1548313],[-74.3486515,45.1508406],[-74.35125261,45.1512892],[-74.35376509,45.14921859],[-74.35002882,45.1476808],[-74.3493152,45.14585919],[-74.3520553,45.14200531],[-74.3559677,45.14004119],[-74.36002879,45.14037071],[-74.36161431,45.1417986],[-74.3635148,45.14134319],[-74.36618558,45.1388663],[-74.3654277,45.1366673],[-74.36690241,45.13498231],[-74.36872309,45.1351574],[-74.37109691,45.13324051],[-74.37416909,45.1329471],[-74.37664119,45.13415201],[-74.3783966,45.13255471],[-74.3905259,45.1276913],[-74.39432829,45.1269686],[-74.39820631,45.12863899],[-74.40606361,45.12709209],[-74.4084665,45.12470629],[-74.40612112,45.123501],[-74.40605659,45.12183671],[-74.40839859,45.12123309],[-74.411244,45.11871771],[-74.40840259,45.1190734],[-74.40576731,45.11640361],[-74.40616202,45.1140337],[-74.41040539,45.1115433],[-74.41397732,45.11079469],[-74.4142337,45.10854291],[-74.4121061,45.1098018],[-74.40874068,45.10995471],[-74.40701578,45.1085645],[-74.4050162,45.10426091],[-74.4068367,45.0988559],[-74.4099584,45.09780521],[-74.41483241,45.09749629],[-74.41338919,45.09622999],[-74.416241,45.09420941],[-74.41959582,45.09425439],[-74.420956,45.09588131],[-74.42680329,45.09370119],[-74.43205201,45.09067981],[-74.42824602,45.09099879],[-74.4250042,45.08849631],[-74.42356139,45.0848994],[-74.42386259,45.08230519],[-74.42738549,45.07864999],[-74.4301558,45.07873541],[-74.4335927,45.07685359],[-74.44076589,45.0782255],[-74.44284012,45.07692159],[-74.43979439,45.07552481],[-74.4390783,45.0705722],[-74.44166401,45.06871511],[-74.44445091,45.06906999],[-74.44170549,45.0673828],[-74.44193181,45.0641503],[-74.44437762,45.06307719],[-74.43590529,45.0566856],[-74.44503719,45.0630358],[-74.44913251,45.06265979],[-74.4486359,45.05874029],[-74.44965029,45.05942479],[-74.45147979,45.05566599],[-74.45489989,45.0551875],[-74.45935661,45.05217141],[-74.46319089,45.0506723],[-74.46330049,45.04812459],[-74.46764361,45.04671099],[-74.47504501,45.0407625],[-74.47715459,45.04165341],[-74.481274,45.03834251],[-74.48409389,45.0369863],[-74.49391291,45.03597429],[-74.50086818,45.03816341],[-74.5052526,45.03630711],[-74.5090269,45.0365708],[-74.5100408,45.0379296],[-74.50682791,45.03711209],[-74.5024438,45.0382665],[-74.51517049,45.03947699],[-74.5176447,45.03727719],[-74.52353828,45.03681061],[-74.5247946,45.03537749],[-74.51987421,45.03489061],[-74.51825121,45.03211521],[-74.51509831,45.0296506],[-74.5160975,45.0265909],[-74.52067919,45.02448929],[-74.52237788,45.0229622],[-74.53056381,45.0195049],[-74.52947358,45.01558441],[-74.53148195,45.01308663],[-74.53519723,45.01128155],[-74.53617924,45.009632],[-74.53559951,45.00668294],[-74.53991967,45.00714849],[-74.54250663,45.00455252],[-74.54424384,44.99971429],[-74.54560389,44.99829427],[-74.499597,44.99799594],[-74.45984592,44.99668681],[-74.44184509,44.99633954],[-74.42105639,44.99534205],[-74.3965803,44.99468258],[-74.35638565,44.99262269],[-74.35229963,44.99271597],[-74.33085305,44.99183531],[-74.27574476,44.99211901],[-74.25739852,44.99231573],[-74.22817815,44.99210616],[-74.20116508,44.9915965],[-74.16345533,44.99141218],[-74.15005184,44.99114317],[-74.12627801,44.99168045],[-74.10759961,44.99256535],[-74.07896372,44.99372891],[-74.00000002,44.99677381],[-73.98270372,44.99726365],[-73.98510818,45.02339387],[-73.98686557,45.02329542],[-73.98764968,45.03387741],[-73.99613564,45.04067748],[-74.01609057,45.05722608],[-74.03428514,45.07186369],[-74.06894983,45.10011355],[-74.0860399,45.11388034],[-74.08934416,45.11685784],[-74.1016421,45.12663137],[-74.12410519,45.14548597]]]]},"properties":{"ADAIDU":"24690002","IDUGD":"2021S051624690002","SUPTERRE":602.706,"PRIDU":"24"},"bbox":[-74.60871482,44.99114317,-73.98270372,45.19593348]},{"type":"Feature","geometry":{"type":"MultiPolygon","coordinates":[[[[-74.59967405,45.02705443],[-74.60052079,45.0284274],[-74.6020368,45.0267478],[-74.59967405,45.02705443]]],[[[-74.57406711,45.02739265],[-74.57463053,45.0251638],[-74.57273184,45.02538185],[-74.57406711,45.02739265]]],[[[-74.58198563,45.0306751],[-74.58385578,45.03099834],[-74.58236648,45.02860771],[-74.58198563,45.0306751]]],[[[-74.58862639,45.03760349],[-74.58863788,45.0348676],[-74.58666539,45.0359303],[-74.58862639,45.03760349]]],[[[-74.52556248,45.0463945],[-74.52716661,45.0466501],[-74.52736439,45.0442275],[-74.52518789,45.04460699],[-74.52556248,45.0463945]]],[[[-74.58714412,45.03104819],[-74.58974612,45.0310684],[-74.58986099,45.02909649],[-74.58809132,45.0284357],[-74.58714412,45.03104819]]],[[[-74.61200935,45.02161218],[-74.60736951,45.0216297],[-74.60871482,45.02354145],[-74.61161949,45.02263288],[-74.61200935,45.02161218]]],[[[-74.56204625,45.03238974],[-74.56738271,45.03232349],[-74.57097979,45.0298961],[-74.57003242,45.02884985],[-74.56204625,45.03238974]]],[[[-74.5090655,45.05032111],[-74.5113251,45.05103001],[-74.51393829,45.050197],[-74.51722611,45.047324],[-74.51580791,45.04608571],[-74.50985698,45.04840629],[-74.5090655,45.05032111]]],[[[-74.6408229,45.00274401],[-74.64193379,45.0037498],[-74.64517831,45.0023315],[-74.6514627,45.0045091],[-74.65373429,45.00202939],[-74.65935151,45.0006676],[-74.66121361,44.99944439],[-74.64276319,44.99939432],[-74.6408229,45.00274401]]],[[[-74.48923528,45.0532484],[-74.49235729,45.05244741],[-74.49693888,45.05235351],[-74.50078151,45.04701931],[-74.49812699,45.0440278],[-74.48702188,45.04857],[-74.48477759,45.04798639],[-74.48122902,45.0505637],[-74.4848765,45.05226909],[-74.4866557,45.0516328],[-74.48923528,45.0532484]]],[[[-74.60444611,45.0187333],[-74.6078223,45.01944759],[-74.6152335,45.01754859],[-74.6181147,45.01629639],[-74.6215009,45.0129786],[-74.62676432,45.0096601],[-74.62670991,45.00364909],[-74.6200665,45.0038225],[-74.61647201,45.00619749],[-74.6144899,45.01060839],[-74.60867949,45.01455261],[-74.60444611,45.0187333]]],[[[-74.6091475,45.02893781],[-74.60996821,45.0306937],[-74.61194981,45.02947751],[-74.61367668,45.0301806],[-74.62117432,45.02744349],[-74.62318261,45.0256689],[-74.63021111,45.0255816],[-74.63358668,45.02301931],[-74.63650452,45.0229813],[-74.63967679,45.02042991],[-74.64259141,45.02022981],[-74.64343911,45.01883551],[-74.64747121,45.01742711],[-74.64946919,45.01836089],[-74.65333479,45.01625221],[-74.65542761,45.016222],[-74.66012472,45.0119538],[-74.65824649,45.00877809],[-74.65363862,45.01116459],[-74.64918541,45.0111554],[-74.64672339,45.0092094],[-74.64481801,45.01035341],[-74.64099932,45.0084297],[-74.63769081,45.0092007],[-74.63297121,45.0130454],[-74.62957049,45.01301599],[-74.62759359,45.01506939],[-74.6274498,45.01743761],[-74.62420969,45.02108719],[-74.61593779,45.02636989],[-74.6091475,45.02893781]]],[[[-74.5247946,45.03537749],[-74.52940309,45.03474201],[-74.53365769,45.0349016],[-74.5353919,45.03675771],[-74.54050319,45.03375949],[-74.5421831,45.0312155],[-74.54531971,45.0306198],[-74.54849901,45.03167961],[-74.55181301,45.03038021],[-74.55165188,45.0292028],[-74.5560382,45.02481569],[-74.55801209,45.0251934],[-74.56586421,45.0223126],[-74.56945571,45.0202992],[-74.57470511,45.01942201],[-74.58031421,45.02014299],[-74.58697551,45.0187929],[-74.5922168,45.0195078],[-74.59441062,45.01744399],[-74.59879591,45.0172039],[-74.6018211,45.0181467],[-74.60492899,45.0167938],[-74.60973209,45.0125626],[-74.6134926,45.01021321],[-74.61506612,45.008272],[-74.61616429,45.00472451],[-74.61939959,45.00280309],[-74.62768251,45.00214559],[-74.63038661,45.00096699],[-74.63461799,45.00134799],[-74.63736816,44.99931451],[-74.62535527,44.99942621],[-74.60082656,44.9991412],[-74.55882747,44.99884661],[-74.54560389,44.99829427],[-74.54424384,44.99971429],[-74.54250663,45.00455252],[-74.53991967,45.00714849],[-74.53559951,45.00668294],[-74.53617924,45.009632],[-74.53519723,45.01128155],[-74.53148195,45.01308663],[-74.52947358,45.01558441],[-74.53056381,45.0195049],[-74.52237788,45.0229622],[-74.52067919,45.02448929],[-74.5160975,45.0265909],[-74.51509831,45.0296506],[-74.51825121,45.03211521],[-74.51987421,45.03489061],[-74.5247946,45.03537749]]]]},"properties":{"ADAIDU":"24690003","IDUGD":"2021S051624690003","SUPTERRE":23.7925,"PRIDU":"24"},"bbox":[-74.66121361,44.99829427,-74.48122902,45.0532484]},{"type":"Feature","geometry":{"type":"MultiPolygon","coordinates":[[[[-73.85317171,45.3287542],[-73.85565931,45.3287285],[-73.8554323,45.3271184],[-73.85317171,45.3287542]]],[[[-73.86274002,45.32281199],[-73.85894839,45.32433579],[-73.85874672,45.32673899],[-73.86004311,45.32798581],[-73.86274002,45.32281199]]],[[[-73.84008951,45.33841351],[-73.8436875,45.3383757],[-73.84971719,45.3395542],[-73.85097901,45.335195],[-73.8467913,45.33473089],[-73.8482729,45.33707501],[-73.84700159,45.33783479],[-73.8433745,45.33726081],[-73.84008951,45.33841351]]],[[[-73.84888881,45.33347371],[-73.8525921,45.33403819],[-73.85621541,45.33199329],[-73.85579459,45.32997889],[-73.85044152,45.3307873],[-73.84779678,45.33226221],[-73.84888881,45.33347371]]],[[[-73.95484726,45.26928407],[-73.9488567,45.27614449],[-73.93305371,45.29641669],[-73.930797,45.2997908],[-73.9279571,45.30195219],[-73.9213037,45.3143772],[-73.91994222,45.3148051],[-73.91757241,45.31861131],[-73.91839701,45.31974211],[-73.9163121,45.3241861],[-73.91999019,45.321302],[-73.92101729,45.3187606],[-73.9263395,45.31919989],[-73.93086419,45.3187689],[-73.9332789,45.31929069],[-73.9429991,45.3193883],[-73.94412719,45.32310385],[-73.94421857,45.32309366],[-73.9433899,45.31879301],[-73.94858571,45.31613601],[-73.9539343,45.31510709],[-73.9597621,45.31500281],[-73.9669228,45.32034599],[-73.96827719,45.31598501],[-73.97466703,45.31915447],[-73.9748764,45.31906779],[-73.9685564,45.3158039],[-73.9712012,45.3148302],[-73.97214031,45.31272961],[-73.9641693,45.30409309],[-73.95737998,45.27790461],[-73.95484726,45.26928407]]],[[[-73.8327299,45.3301384],[-73.8347139,45.3290887],[-73.83747331,45.3297285],[-73.83956842,45.32806649],[-73.84694399,45.32840431],[-73.85008852,45.3273329],[-73.85364499,45.32485631],[-73.8515317,45.32347701],[-73.84970961,45.31967609],[-73.85282519,45.31815469],[-73.85868492,45.3189554],[-73.86346502,45.3184904],[-73.8649999,45.31717161],[-73.8692868,45.31738291],[-73.87230161,45.3161582],[-73.87913491,45.31569479],[-73.8813927,45.31763101],[-73.88090758,45.31947741],[-73.8871719,45.3159648],[-73.8915782,45.31682259],[-73.8968708,45.31491459],[-73.90187888,45.31611201],[-73.90398381,45.3143767],[-73.90332491,45.3131913],[-73.91367149,45.31540399],[-73.91158332,45.3194069],[-73.9132601,45.32373821],[-73.91736711,45.31844111],[-73.923526,45.30794389],[-73.9277261,45.30176409],[-73.92926532,45.2978889],[-73.9273668,45.2997587],[-73.91866059,45.3104994],[-73.9137702,45.31493559],[-73.90360201,45.3127043],[-73.90263041,45.3087754],[-73.90335078,45.30606421],[-73.9091585,45.2997354],[-73.9229851,45.29008339],[-73.92498491,45.2881412],[-73.9351214,45.27503681],[-73.9428107,45.26569351],[-73.95156987,45.25706311],[-73.95124521,45.25598105],[-73.92308911,45.2595066],[-73.91140786,45.27108661],[-73.89841373,45.26454541],[-73.89373077,45.26086507],[-73.89175082,45.26361345],[-73.89101,45.26855601],[-73.88598764,45.28184956],[-73.88259073,45.29423412],[-73.88483644,45.29592013],[-73.88413026,45.30032162],[-73.87998234,45.30451946],[-73.87751574,45.30275402],[-73.87415899,45.30489032],[-73.87907317,45.30802749],[-73.87808325,45.31085454],[-73.87852768,45.31465501],[-73.8699551,45.31644075],[-73.86796627,45.31613187],[-73.85915048,45.31034338],[-73.85536402,45.30664925],[-73.85648786,45.30601612],[-73.85273238,45.3028334],[-73.84925137,45.30491213],[-73.85374164,45.3085713],[-73.84867517,45.31251664],[-73.83786408,45.30413122],[-73.83655817,45.30640306],[-73.84596827,45.31404246],[-73.8443879,45.31435369],[-73.83572635,45.30730597],[-73.83239374,45.30941846],[-73.81822117,45.29883088],[-73.81446119,45.30403839],[-73.81193852,45.30636172],[-73.81285268,45.31185124],[-73.81128906,45.31373554],[-73.8142676,45.31592074],[-73.82924413,45.32707123],[-73.8327299,45.3301384]]]]},"properties":{"ADAIDU":"24700001","IDUGD":"2021S051624700001","SUPTERRE":37.8005,"PRIDU":"24"},"bbox":[-73.9748764,45.25598105,-73.81128906,45.3395542]},{"type":"Feature","geometry":{"type":"MultiPolygon","coordinates":[[[[-74.03871889,45.22596541],[-74.03688381,45.22683801],[-74.03009459,45.2280306],[-74.02429141,45.2298301],[-74.00923499,45.2337047],[-74.00361121,45.2343326],[-74.00780271,45.24020831],[-74.00540789,45.2401829],[-73.99651451,45.2384042],[-73.9953072,45.23871539],[-73.97927831,45.24929882],[-74.00820324,45.24073233],[-74.00496409,45.23521923],[-74.00608868,45.23464964],[-74.02240398,45.23046072],[-74.03758131,45.22714203],[-74.03871889,45.22596541]]],[[[-73.73434973,45.25594736],[-73.78468018,45.2937317],[-73.79838111,45.3037593],[-73.81128906,45.31373554],[-73.81285268,45.31185124],[-73.81193852,45.30636172],[-73.81446119,45.30403839],[-73.81822117,45.29883088],[-73.81982673,45.29396424],[-73.82377883,45.289458],[-73.82506331,45.28605741],[-73.82226372,45.28329619],[-73.82681416,45.27861588],[-73.82573385,45.27784927],[-73.81950726,45.27759189],[-73.82047483,45.27397137],[-73.82158307,45.27430359],[-73.8435715,45.24150037],[-73.86660438,45.25906404],[-73.87438691,45.26473492],[-73.88244479,45.25244174],[-73.89373077,45.26086507],[-73.89841373,45.26454541],[-73.91140786,45.27108661],[-73.92308911,45.2595066],[-73.95124521,45.25598105],[-73.95156987,45.25706311],[-73.95754609,45.2519572],[-73.96348471,45.2474788],[-73.98287818,45.23450311],[-73.9894654,45.23035361],[-73.9998018,45.22545841],[-74.0175327,45.22040321],[-74.0307181,45.21702201],[-74.03714891,45.21576809],[-74.0495514,45.2146293],[-74.08125469,45.2147423],[-74.0936079,45.21507469],[-74.10148399,45.2158254],[-74.1184303,45.21935241],[-74.1341067,45.222992],[-74.14558171,45.22431351],[-74.1576158,45.22435291],[-74.1566383,45.220192],[-74.15834501,45.21471979],[-74.16148689,45.21446769],[-74.1662443,45.21301821],[-74.16598309,45.21137301],[-74.16392421,45.211664],[-74.16244879,45.20959379],[-74.16212291,45.2045473],[-74.16382369,45.20083881],[-74.17037901,45.1986768],[-74.17329001,45.19620289],[-74.1772494,45.19521669],[-74.18230215,45.19593348],[-74.16341351,45.17974183],[-74.14639973,45.16466706],[-74.12410519,45.14548597],[-74.03702004,45.15368669],[-74.03004216,45.15468049],[-74.02590896,45.15471576],[-74.02411765,45.15334947],[-74.01883206,45.15592367],[-73.98012486,45.17571537],[-73.97281983,45.17963349],[-73.9504516,45.16246345],[-73.93828309,45.16980962],[-73.93718695,45.1750235],[-73.9284497,45.1809249],[-73.92953674,45.1817486],[-73.92545012,45.18481486],[-73.92238163,45.18525663],[-73.91662391,45.19061036],[-73.91444551,45.18897602],[-73.91186023,45.19074509],[-73.91412537,45.19249106],[-73.9121898,45.19405499],[-73.91203648,45.19672799],[-73.9107534,45.196292],[-73.90049097,45.20363892],[-73.88848113,45.20413745],[-73.88453175,45.20759754],[-73.87395991,45.20939212],[-73.87179808,45.21165023],[-73.86963984,45.21200747],[-73.86744292,45.21406779],[-73.86449177,45.21202281],[-73.86087076,45.21707562],[-73.85767168,45.21815651],[-73.8460795,45.20962789],[-73.84364986,45.21144048],[-73.84116647,45.21667282],[-73.83772423,45.2185929],[-73.82783447,45.21234146],[-73.83128816,45.20989854],[-73.81390634,45.19770311],[-73.80343763,45.20468422],[-73.79355557,45.19707071],[-73.78304911,45.18966298],[-73.79514195,45.18173731],[-73.78348041,45.17400252],[-73.77274817,45.1659534],[-73.7610652,45.1732449],[-73.75528237,45.16821555],[-73.73808844,45.17781137],[-73.72640305,45.16891262],[-73.71011471,45.17966634],[-73.69592122,45.18834641],[-73.66848712,45.20652681],[-73.69821215,45.22900529],[-73.70362783,45.23285618],[-73.73434973,45.25594736]]]]},"properties":{"ADAIDU":"24700002","IDUGD":"2021S051624700002","SUPTERRE":291.7018,"PRIDU":"24"},"bbox":[-74.18230215,45.14548597,-73.66848712,45.31373554]},{"type":"Feature","geometry":{"type":"Polygon","coordinates":[[[-73.89373077,45.26086507],[-73.88244479,45.25244174],[-73.87438691,45.26473492],[-73.86660438,45.25906404],[-73.8435715,45.24150037],[-73.82158307,45.27430359],[-73.82047483,45.27397137],[-73.81950726,45.27759189],[-73.82573385,45.27784927],[-73.82681416,45.27861588],[-73.82226372,45.28329619],[-73.82506331,45.28605741],[-73.82377883,45.289458],[-73.81982673,45.29396424],[-73.81822117,45.29883088],[-73.83239374,45.30941846],[-73.83572635,45.30730597],[-73.8443879,45.31435369],[-73.84596827,45.31404246],[-73.83655817,45.30640306],[-73.83786408,45.30413122],[-73.84867517,45.31251664],[-73.85374164,45.3085713],[-73.84925137,45.30491213],[-73.85273238,45.3028334],[-73.85648786,45.30601612],[-73.85536402,45.30664925],[-73.85915048,45.31034338],[-73.86796627,45.31613187],[-73.8699551,45.31644075],[-73.87852768,45.31465501],[-73.87808325,45.31085454],[-73.87907317,45.30802749],[-73.87415899,45.30489032],[-73.87751574,45.30275402],[-73.87998234,45.30451946],[-73.88413026,45.30032162],[-73.88483644,45.29592013],[-73.88259073,45.29423412],[-73.88598764,45.28184956],[-73.89101,45.26855601],[-73.89175082,45.26361345],[-73.89373077,45.26086507]]]},"properties":{"ADAIDU":"24700003","IDUGD":"2021S051624700003","SUPTERRE":30.4192,"PRIDU":"24"},"bbox":[-73.89373077,45.24150037,-73.81822117,45.31644075]},{"type":"Feature","geometry":{"type":"Polygon","coordinates":[[[-74.11096346,45.25864625],[-74.11119407,45.25854813],[-74.1012218,45.25474911],[-74.10075294,45.25327412],[-74.10369603,45.25092876],[-74.10115557,45.25166249],[-74.10984764,45.23762711],[-74.11284922,45.23327914],[-74.11477759,45.23019904],[-74.11411921,45.22737908],[-74.09476791,45.22377051],[-74.09653181,45.2256241],[-74.0922552,45.22336071],[-74.0866967,45.22271439],[-74.0797577,45.22279479],[-74.0749876,45.22455569],[-74.0695456,45.22409711],[-74.05486461,45.22419629],[-74.03871889,45.22596541],[-74.03758131,45.22714203],[-74.02240398,45.23046072],[-74.00608868,45.23464964],[-74.00496409,45.23521923],[-74.00820324,45.24073233],[-73.97927831,45.24929882],[-73.97277211,45.25370391],[-73.95970941,45.2642859],[-73.95484726,45.26928407],[-73.95737998,45.27790461],[-73.9641693,45.30409309],[-73.97214031,45.31272961],[-73.98140678,45.30907341],[-73.98376751,45.30924341],[-73.98712479,45.30516171],[-73.99134881,45.30403671],[-73.9948142,45.3051646],[-73.99860029,45.30210661],[-74.0028804,45.3016109],[-74.00514239,45.3021948],[-74.00787089,45.30072489],[-74.01092849,45.30043241],[-74.01337881,45.3020771],[-74.01618381,45.30064271],[-74.01763779,45.30208491],[-74.0201206,45.3016867],[-74.02507489,45.30241989],[-74.02597219,45.300175],[-74.02693509,45.3022583],[-74.03073201,45.3019438],[-74.03266431,45.29994611],[-74.03392394,45.30118013],[-74.03865597,45.29724097],[-74.04431962,45.29513885],[-74.05270579,45.29648255],[-74.05640029,45.29352114],[-74.06007863,45.2940681],[-74.06256686,45.29663385],[-74.06541885,45.29665286],[-74.06823019,45.29523029],[-74.0709652,45.29208509],[-74.07498192,45.29089511],[-74.077838,45.2909257],[-74.08951111,45.2941686],[-74.09448041,45.29924339],[-74.09367173,45.29820883],[-74.10500195,45.2952621],[-74.09403423,45.28026479],[-74.11127465,45.27209131],[-74.12661213,45.27161493],[-74.12587073,45.26960489],[-74.1267097,45.26706199],[-74.13044602,45.26621136],[-74.12748969,45.26540467],[-74.12499081,45.26625573],[-74.11995167,45.26606796],[-74.11830624,45.26370748],[-74.11136452,45.26230329],[-74.11065774,45.26358179],[-74.10435735,45.26137848],[-74.1071123,45.26027152],[-74.11114989,45.25999439],[-74.1200173,45.26225029],[-74.12713711,45.26196841],[-74.11885019,45.26155479],[-74.1122448,45.25991651],[-74.10734916,45.26016531],[-74.11096346,45.25864625]]]},"properties":{"ADAIDU":"24700004","IDUGD":"2021S051624700004","SUPTERRE":81.9576,"PRIDU":"24"},"bbox":[-74.13044602,45.22271439,-73.95484726,45.31272961]},{"type":"Feature","geometry":{"type":"MultiPolygon","coordinates":[[[[-74.16985148,45.27030926],[-74.17024341,45.27380911],[-74.17322789,45.27290961],[-74.1773831,45.27294799],[-74.17877776,45.27200926],[-74.16985148,45.27030926]]],[[[-74.09448041,45.29924339],[-74.09792541,45.300199],[-74.1002755,45.29815301],[-74.1080778,45.295673],[-74.11458659,45.2950803],[-74.11439519,45.2938844],[-74.1189425,45.29232109],[-74.11953849,45.29085999],[-74.12225809,45.2900804],[-74.12870342,45.290729],[-74.13458491,45.29226231],[-74.14030429,45.2895577],[-74.15053751,45.28698919],[-74.153286,45.2854527],[-74.15563301,45.28557419],[-74.1571581,45.28295589],[-74.16108789,45.2788927],[-74.16458599,45.2717366],[-74.16490193,45.27173235],[-74.1659072,45.26955782],[-74.15571933,45.26796658],[-74.14683749,45.26751447],[-74.1443851,45.26687135],[-74.14241013,45.2642175],[-74.1386084,45.26554165],[-74.13762299,45.26415608],[-74.13270414,45.26634892],[-74.13044602,45.26621136],[-74.1267097,45.26706199],[-74.12587073,45.26960489],[-74.12661213,45.27161493],[-74.11127465,45.27209131],[-74.09403423,45.28026479],[-74.10500195,45.2952621],[-74.09367173,45.29820883],[-74.09448041,45.29924339]]]]},"properties":{"ADAIDU":"24700005","IDUGD":"2021S051624700005","SUPTERRE":11.8879,"PRIDU":"24"},"bbox":[-74.17877776,45.26415608,-74.09367173,45.300199]},{"type":"Feature","geometry":{"type":"Polygon","coordinates":[[[-74.12748969,45.26540467],[-74.12645028,45.26397601],[-74.13117581,45.26121231],[-74.12807703,45.25734897],[-74.12970186,45.25490082],[-74.12693162,45.25166446],[-74.1293626,45.25020196],[-74.12735261,45.24780295],[-74.12998546,45.24671257],[-74.11919497,45.23437669],[-74.11284922,45.23327914],[-74.10984764,45.23762711],[-74.10115557,45.25166249],[-74.10369603,45.25092876],[-74.10075294,45.25327412],[-74.1012218,45.25474911],[-74.11119407,45.25854813],[-74.11096346,45.25864625],[-74.10734916,45.26016531],[-74.1122448,45.25991651],[-74.11885019,45.26155479],[-74.12713711,45.26196841],[-74.1200173,45.26225029],[-74.11114989,45.25999439],[-74.1071123,45.26027152],[-74.10435735,45.26137848],[-74.11065774,45.26358179],[-74.11136452,45.26230329],[-74.11830624,45.26370748],[-74.11995167,45.26606796],[-74.12499081,45.26625573],[-74.12748969,45.26540467]]]},"properties":{"ADAIDU":"24700006","IDUGD":"2021S051624700006","SUPTERRE":5.3649,"PRIDU":"24"},"bbox":[-74.13117581,45.23327914,-74.10075294,45.26625573]},{"type":"Feature","geometry":{"type":"MultiPolygon","coordinates":[[[[-74.17034411,45.24121471],[-74.1700025,45.24249459],[-74.17389759,45.2411848],[-74.17034411,45.24121471]]],[[[-74.11284922,45.23327914],[-74.11919497,45.23437669],[-74.12998546,45.24671257],[-74.12735261,45.24780295],[-74.1293626,45.25020196],[-74.12693162,45.25166446],[-74.12970186,45.25490082],[-74.12807703,45.25734897],[-74.13117581,45.26121231],[-74.12645028,45.26397601],[-74.12748969,45.26540467],[-74.13044602,45.26621136],[-74.13270414,45.26634892],[-74.13762299,45.26415608],[-74.1386084,45.26554165],[-74.14241013,45.2642175],[-74.1443851,45.26687135],[-74.14683749,45.26751447],[-74.15571933,45.26796658],[-74.1659072,45.26955782],[-74.16985148,45.27030926],[-74.17877776,45.27200926],[-74.179249,45.2701743],[-74.17605584,45.26748952],[-74.17599536,45.26745101],[-74.17408999,45.26821609],[-74.17161669,45.2670519],[-74.17173391,45.26942681],[-74.1634394,45.2684854],[-74.16288071,45.26647299],[-74.16026361,45.26497629],[-74.1582873,45.2593545],[-74.15570301,45.25844251],[-74.15742282,45.25620979],[-74.1640414,45.26001409],[-74.16585679,45.2572499],[-74.17126349,45.2554725],[-74.1702199,45.25339989],[-74.1609201,45.2545609],[-74.15574699,45.2545187],[-74.15643379,45.25662949],[-74.15528121,45.2583279],[-74.1497033,45.2574599],[-74.1462284,45.25777661],[-74.13979259,45.26105239],[-74.13605539,45.2618472],[-74.13371361,45.25980849],[-74.13022529,45.2589279],[-74.13025779,45.25726291],[-74.13688069,45.25817101],[-74.1420627,45.25670221],[-74.14492552,45.2541034],[-74.1475334,45.25376471],[-74.1471034,45.25516191],[-74.15022042,45.2536505],[-74.1514179,45.25141191],[-74.1591578,45.247597],[-74.15632468,45.2460565],[-74.15727191,45.2431354],[-74.1600127,45.24111289],[-74.16115949,45.24224911],[-74.1632175,45.23957359],[-74.16313551,45.23581251],[-74.144374,45.2346331],[-74.1387075,45.233585],[-74.13367109,45.23193021],[-74.11440712,45.2276531],[-74.11411921,45.22737908],[-74.11477759,45.23019904],[-74.11284922,45.23327914]]]]},"properties":{"ADAIDU":"24700007","IDUGD":"2021S051624700007","SUPTERRE":9.3495,"PRIDU":"24"},"bbox":[-74.179249,45.22737908,-74.11284922,45.27200926]},{"type":"Feature","geometry":{"type":"Polygon","coordinates":[[[-74.21557654,45.48320712],[-74.21847291,45.48573061],[-74.22054778,45.48491671],[-74.22290161,45.48191431],[-74.22939712,45.48170209],[-74.23002149,45.47953839],[-74.23407429,45.47839659],[-74.2399778,45.47989721],[-74.2447784,45.48406831],[-74.24214249,45.48986261],[-74.24113401,45.4939364],[-74.23854541,45.49557279],[-74.2437365,45.49530519],[-74.24486051,45.49418211],[-74.2515617,45.49394919],[-74.25545748,45.4925018],[-74.261044,45.49216771],[-74.26315349,45.49488921],[-74.26671559,45.49432539],[-74.26885979,45.4958228],[-74.26716229,45.49707591],[-74.27001662,45.4971468],[-74.27953839,45.50007859],[-74.2827893,45.4992196],[-74.2875013,45.4994391],[-74.2892814,45.50137949],[-74.28824721,45.50246649],[-74.29384261,45.50269761],[-74.29851462,45.5000735],[-74.30208541,45.5010293],[-74.3056949,45.49930321],[-74.30976262,45.4992115],[-74.31139688,45.49807511],[-74.3090293,45.49357469],[-74.31120152,45.4924794],[-74.31693751,45.49454419],[-74.32244851,45.49517949],[-74.32430818,45.4946082],[-74.3228658,45.4974801],[-74.32506859,45.4958625],[-74.32716292,45.49733211],[-74.33064122,45.4954621],[-74.33336061,45.49679221],[-74.33649892,45.49702109],[-74.33868531,45.49950671],[-74.3404815,45.50326389],[-74.33439841,45.50468521],[-74.33012128,45.50448241],[-74.3398085,45.5087758],[-74.34477982,45.5134364],[-74.34776599,45.51967709],[-74.34972851,45.51909569],[-74.35425399,45.5220944],[-74.35372611,45.52528379],[-74.3498408,45.5248538],[-74.3511361,45.52925339],[-74.353801,45.53446151],[-74.3551472,45.53880669],[-74.35768141,45.54294499],[-74.35960849,45.54419019],[-74.3636224,45.54874019],[-74.37270379,45.55709359],[-74.38160225,45.56371277],[-74.38326619,45.55867541],[-74.38879523,45.53897654],[-74.40126459,45.50010891],[-74.40485496,45.48856401],[-74.41472982,45.459217],[-74.42137672,45.4397934],[-74.42728226,45.42379461],[-74.4293809,45.41709706],[-74.43232388,45.41053354],[-74.43837862,45.39379269],[-74.45237797,45.35590212],[-74.47043287,45.30741963],[-74.47118011,45.30492124],[-74.46399781,45.30774634],[-74.41763317,45.32536178],[-74.36414767,45.34585835],[-74.33697816,45.35669749],[-74.33035312,45.35226616],[-74.28477965,45.32021349],[-74.26615642,45.30688478],[-74.26010937,45.32755025],[-74.25703707,45.33903393],[-74.28989816,45.35457397],[-74.36536702,45.39032574],[-74.39639142,45.4048846],[-74.39331303,45.41773052],[-74.35763948,45.41354191],[-74.35420419,45.42584876],[-74.33315477,45.42998114],[-74.32640932,45.43180256],[-74.32253093,45.44295991],[-74.29117182,45.43861428],[-74.24544566,45.43124184],[-74.24513826,45.4321325],[-74.23034754,45.43000582],[-74.22976595,45.4318425],[-74.22105019,45.46463486],[-74.22003395,45.46775273],[-74.21604139,45.48248459],[-74.21557654,45.48320712]]]},"properties":{"ADAIDU":"24710001","IDUGD":"2021S051624710001","SUPTERRE":217.9368,"PRIDU":"24"},"bbox":[-74.47118011,45.30492124,-74.21557654,45.56371277]},{"type":"Feature","geometry":{"type":"Polygon","coordinates":[[[-74.22003395,45.46775273],[-74.20911664,45.46650624],[-74.20942183,45.46410339],[-74.19938767,45.46173053],[-74.18217836,45.4570851],[-74.18714427,45.4518752],[-74.181788,45.45041978],[-74.15855896,45.44386585],[-74.15371095,45.44453361],[-74.14895014,45.44377807],[-74.14229761,45.44724425],[-74.13928747,45.4443434],[-74.13724406,45.44519346],[-74.12529512,45.43583414],[-74.12143485,45.43427912],[-74.10843915,45.43021322],[-74.10472447,45.43168142],[-74.10347896,45.43052825],[-74.10040905,45.43168681],[-74.09920266,45.43068292],[-74.09620873,45.4323674],[-74.09491276,45.43131354],[-74.07424296,45.44199065],[-74.07901781,45.4417641],[-74.08528051,45.44044541],[-74.09095788,45.441856],[-74.09019122,45.4406631],[-74.0934084,45.44027749],[-74.09501581,45.44241071],[-74.0991154,45.44447699],[-74.10278131,45.44299991],[-74.10746392,45.4481493],[-74.10687429,45.45157181],[-74.11445629,45.4528092],[-74.11755479,45.45438511],[-74.12430492,45.45665209],[-74.12477171,45.45839521],[-74.12092499,45.45973901],[-74.12448861,45.4605474],[-74.13216449,45.4585885],[-74.13503379,45.46132619],[-74.14105011,45.46188641],[-74.14004121,45.46312489],[-74.14592749,45.46348769],[-74.15285391,45.4664178],[-74.15805259,45.46918651],[-74.1638691,45.4689819],[-74.16900771,45.47092261],[-74.18389049,45.47482979],[-74.18720871,45.47739239],[-74.19153839,45.4768713],[-74.19326499,45.4789396],[-74.19750071,45.4780589],[-74.20308999,45.48111109],[-74.20478001,45.48432209],[-74.2084568,45.48474931],[-74.21557654,45.48320712],[-74.21604139,45.48248459],[-74.22003395,45.46775273]]]},"properties":{"ADAIDU":"24710002","IDUGD":"2021S051624710002","SUPTERRE":21.7866,"PRIDU":"24"},"bbox":[-74.22003395,45.43021322,-74.07424296,45.48474931]},{"type":"Feature","geometry":{"type":"MultiPolygon","coordinates":[[[[-73.99055589,45.4219405],[-73.9959867,45.42195311],[-73.99837372,45.420197],[-74.0011354,45.4218406],[-74.0041478,45.42147639],[-74.0028739,45.4204742],[-74.00424361,45.41787661],[-74.00133779,45.41727751],[-73.99915339,45.41878081],[-73.99268959,45.4189708],[-73.9903358,45.42013279],[-73.99055589,45.4219405]]],[[[-74.01208998,45.4363877],[-74.018505,45.434829],[-74.0201772,45.4332197],[-74.02183349,45.43403099],[-74.02539808,45.4325299],[-74.0256809,45.43132279],[-74.0303189,45.42982559],[-74.03200739,45.42726209],[-74.03038281,45.4257309],[-74.02824889,45.42711759],[-74.02056411,45.4294205],[-74.01820149,45.4324008],[-74.01533641,45.43216181],[-74.0126053,45.43400079],[-74.01208998,45.4363877]]],[[[-74.15855896,45.44386585],[-74.15374758,45.44230072],[-74.15496116,45.43929644],[-74.14595621,45.43621066],[-74.13641113,45.4286735],[-74.13379725,45.43001372],[-74.12658078,45.42331555],[-74.12598289,45.42328615],[-74.12032075,45.41814311],[-74.11194318,45.42275654],[-74.10438606,45.41571775],[-74.10702585,45.41438619],[-74.09845947,45.40848749],[-74.08158437,45.39270049],[-74.08425327,45.39121858],[-74.07197499,45.3785305],[-74.07401261,45.37673861],[-74.0777749,45.3763147],[-74.08246902,45.37836049],[-74.08625151,45.37880013],[-74.0846684,45.37749883],[-74.09569268,45.37164161],[-74.08407559,45.36716501],[-74.0517675,45.35426918],[-74.04788629,45.3551422],[-74.04796009,45.36096739],[-74.04915507,45.36497698],[-74.0543601,45.37888914],[-74.0599353,45.39377515],[-74.06021098,45.39540426],[-74.05867059,45.39889886],[-74.05519318,45.40113524],[-74.03714104,45.40996448],[-74.027705,45.41433818],[-74.02244166,45.4155591],[-74.01539647,45.41654987],[-74.01404308,45.41493477],[-74.01228591,45.41564519],[-74.00900728,45.4147869],[-74.00780471,45.4174649],[-74.00437662,45.4184699],[-74.00495848,45.42067201],[-74.00853259,45.4202601],[-74.00771578,45.4232154],[-74.0119853,45.4219725],[-74.0100974,45.42376259],[-74.01333001,45.4251249],[-74.0159639,45.4238803],[-74.01586169,45.4224769],[-74.0182566,45.4216743],[-74.01925629,45.4233795],[-74.02620451,45.42578621],[-74.02998269,45.4253099],[-74.0359855,45.42630769],[-74.03991601,45.4243995],[-74.03986188,45.42139421],[-74.04373849,45.42057489],[-74.04432159,45.41874541],[-74.04921709,45.418929],[-74.0535379,45.4204379],[-74.0601862,45.4247068],[-74.06776891,45.43282209],[-74.06936482,45.4351987],[-74.06975989,45.43889509],[-74.0676731,45.43984141],[-74.0674539,45.4422091],[-74.07424296,45.44199065],[-74.09491276,45.43131354],[-74.09620873,45.4323674],[-74.09920266,45.43068292],[-74.10040905,45.43168681],[-74.10347896,45.43052825],[-74.10472447,45.43168142],[-74.10843915,45.43021322],[-74.12143485,45.43427912],[-74.12529512,45.43583414],[-74.13724406,45.44519346],[-74.13928747,45.4443434],[-74.14229761,45.44724425],[-74.14895014,45.44377807],[-74.15371095,45.44453361],[-74.15855896,45.44386585]]]]},"properties":{"ADAIDU":"24710003","IDUGD":"2021S051624710003","SUPTERRE":34.703,"PRIDU":"24"},"bbox":[-74.15855896,45.35426918,-73.9903358,45.44724425]},{"type":"Feature","geometry":{"type":"MultiPolygon","coordinates":[[[[-73.8943999,45.39808889],[-73.89704241,45.39789071],[-73.89368591,45.3964446],[-73.8943999,45.39808889]]],[[[-73.89470801,45.40749139],[-73.8976635,45.4044846],[-73.89978541,45.4046841],[-73.90131548,45.40066541],[-73.89944379,45.39970909],[-73.8951297,45.400174],[-73.89149601,45.39929561],[-73.8892034,45.4021111],[-73.88634972,45.40322759],[-73.8868314,45.40455781],[-73.89287411,45.40278239],[-73.8942362,45.40392951],[-73.89230741,45.4058078],[-73.89470801,45.40749139]]],[[[-73.91802191,45.35198579],[-73.91488641,45.3525372],[-73.9138661,45.3508852],[-73.91132722,45.35099329],[-73.90873048,45.348384],[-73.90752369,45.3456077],[-73.90319269,45.34670289],[-73.89704339,45.3524116],[-73.891504,45.35420349],[-73.88759409,45.35355989],[-73.8875134,45.35482],[-73.88036621,45.3567338],[-73.8754027,45.35890089],[-73.87490371,45.36065731],[-73.87072322,45.36160679],[-73.86690571,45.36147509],[-73.86246149,45.36313609],[-73.8556256,45.3641294],[-73.85199889,45.36594929],[-73.85601959,45.3679076],[-73.85651731,45.36991269],[-73.85501919,45.3712402],[-73.85600321,45.3734418],[-73.85770851,45.37255459],[-73.86264459,45.3757966],[-73.8645111,45.37420679],[-73.86947569,45.37390301],[-73.87178399,45.3715558],[-73.8742861,45.37152061],[-73.8768555,45.37009939],[-73.88133311,45.36958061],[-73.8871858,45.3722875],[-73.89219219,45.3762208],[-73.89606189,45.3800319],[-73.90110911,45.38774411],[-73.9008552,45.38977861],[-73.89541718,45.3919483],[-73.89681141,45.3940852],[-73.90195832,45.39584889],[-73.90895641,45.39391631],[-73.9089573,45.39226951],[-73.91398368,45.38975891],[-73.91765401,45.3921841],[-73.92084578,45.39243479],[-73.9281198,45.37739317],[-73.92035849,45.36281935],[-73.91852635,45.35644884],[-73.91802191,45.35198579]]]]},"properties":{"ADAIDU":"24710004","IDUGD":"2021S051624710004","SUPTERRE":15.3205,"PRIDU":"24"},"bbox":[-73.9281198,45.3456077,-73.85199889,45.40749139]},{"type":"Feature","geometry":{"type":"Polygon","coordinates":[[[-74.22976595,45.4318425],[-74.21936822,45.43019491],[-74.21788185,45.4351243],[-74.19368379,45.42854307],[-74.19235229,45.43031652],[-74.18830143,45.43853206],[-74.181788,45.45041978],[-74.18714427,45.4518752],[-74.18217836,45.4570851],[-74.19938767,45.46173053],[-74.20942183,45.46410339],[-74.20911664,45.46650624],[-74.22003395,45.46775273],[-74.22105019,45.46463486],[-74.22976595,45.4318425]]]},"properties":{"ADAIDU":"24710005","IDUGD":"2021S051624710005","SUPTERRE":10.8569,"PRIDU":"24"},"bbox":[-74.22976595,45.42854307,-74.181788,45.46775273]},{"type":"Feature","geometry":{"type":"Polygon","coordinates":[[[-73.92084578,45.39243479],[-73.9264874,45.38989289],[-73.9298548,45.39102311],[-73.93031339,45.39256],[-73.92820379,45.3939448],[-73.93633609,45.39350009],[-73.93767714,45.39384669],[-73.94622128,45.37572601],[-73.95494835,45.3732082],[-73.95206736,45.38346508],[-73.95782614,45.38449281],[-73.95816684,45.38321579],[-73.95922378,45.37952235],[-73.97646713,45.37555453],[-73.97008887,45.35442492],[-73.9649351,45.35176851],[-73.9617559,45.3516195],[-73.95693698,45.34910121],[-73.9553318,45.35104229],[-73.94776021,45.3538258],[-73.93590181,45.3569313],[-73.93258629,45.35732181],[-73.92479449,45.35653219],[-73.92006941,45.3544439],[-73.91802191,45.35198579],[-73.91852635,45.35644884],[-73.92035849,45.36281935],[-73.9281198,45.37739317],[-73.92084578,45.39243479]]]},"properties":{"ADAIDU":"24710006","IDUGD":"2021S051624710006","SUPTERRE":12.7376,"PRIDU":"24"},"bbox":[-73.97646713,45.34910121,-73.91802191,45.3939448]},{"type":"Feature","geometry":{"type":"MultiPolygon","coordinates":[[[[-73.9542095,45.402168],[-73.95846191,45.40200709],[-73.95476481,45.401329],[-73.9542095,45.402168]]],[[[-73.96164019,45.40172419],[-73.9647736,45.4021885],[-73.9686121,45.40142591],[-73.9674305,45.39754341],[-73.96476271,45.39775221],[-73.9584566,45.3997754],[-73.95715169,45.4011125],[-73.96164019,45.40172419]]],[[[-73.93767714,45.39384669],[-73.94136531,45.39311181],[-73.94370071,45.3945155],[-73.94776851,45.39370781],[-73.9510545,45.39575559],[-73.9484443,45.39679159],[-73.94703219,45.39912779],[-73.95331671,45.40074981],[-73.95811202,45.3998038],[-73.96443991,45.3973216],[-73.96771998,45.3970203],[-73.96968289,45.3996039],[-73.97276371,45.39990611],[-73.97388628,45.3982007],[-73.97870651,45.39879251],[-73.9817345,45.39736699],[-73.98613801,45.39665329],[-73.97492679,45.39091878],[-73.9761901,45.39044594],[-73.96222245,45.38270558],[-73.95816684,45.38321579],[-73.95782614,45.38449281],[-73.95206736,45.38346508],[-73.95494835,45.3732082],[-73.94622128,45.37572601],[-73.93767714,45.39384669]]]]},"properties":{"ADAIDU":"24710007","IDUGD":"2021S051624710007","SUPTERRE":5.4637,"PRIDU":"24"},"bbox":[-73.98613801,45.3732082,-73.93767714,45.4021885]},{"type":"Feature","geometry":{"type":"Polygon","coordinates":[[[-74.23034754,45.43000582],[-74.23687492,45.40991052],[-74.24272824,45.38887224],[-74.21655714,45.3859788],[-74.21163454,45.40713793],[-74.18708399,45.40417181],[-74.1848702,45.41359715],[-74.18485715,45.41541714],[-74.17971454,45.42491327],[-74.16479495,45.42098911],[-74.16381798,45.42225438],[-74.15972938,45.42078949],[-74.15600238,45.42105729],[-74.15147527,45.41906565],[-74.15153089,45.41330114],[-74.15327014,45.41014147],[-74.15621873,45.40135047],[-74.15584466,45.400473],[-74.15828143,45.39022938],[-74.16294263,45.39050229],[-74.16551289,45.37994423],[-74.14552131,45.37764507],[-74.14299485,45.37781107],[-74.13781299,45.39983255],[-74.1402021,45.40011183],[-74.13861712,45.40643169],[-74.13937318,45.40796129],[-74.1374159,45.41683525],[-74.13572235,45.41810626],[-74.12598289,45.42328615],[-74.12658078,45.42331555],[-74.13379725,45.43001372],[-74.13641113,45.4286735],[-74.14595621,45.43621066],[-74.15496116,45.43929644],[-74.15374758,45.44230072],[-74.15855896,45.44386585],[-74.181788,45.45041978],[-74.18830143,45.43853206],[-74.19235229,45.43031652],[-74.19368379,45.42854307],[-74.21788185,45.4351243],[-74.21936822,45.43019491],[-74.22976595,45.4318425],[-74.23034754,45.43000582]]]},"properties":{"ADAIDU":"24710008","IDUGD":"2021S051624710008","SUPTERRE":31.4153,"PRIDU":"24"},"bbox":[-74.24272824,45.37764507,-74.12598289,45.45041978]},{"type":"Feature","geometry":{"type":"Polygon","coordinates":[[[-74.03714104,45.40996448],[-74.03317656,45.40601313],[-74.03081124,45.40710618],[-74.03088563,45.40851509],[-74.02808288,45.40646209],[-74.03123329,45.40395028],[-74.0284913,45.4011153],[-74.02963357,45.40065892],[-74.0274558,45.39853264],[-74.03194322,45.39634793],[-74.03517979,45.39242281],[-74.03702351,45.39290901],[-74.02358898,45.38680982],[-74.02135124,45.38801874],[-74.02158218,45.38969896],[-74.01594734,45.39211488],[-74.01798101,45.3915122],[-74.02265721,45.39448741],[-74.02379812,45.3963269],[-74.0219992,45.39793701],[-74.0239235,45.398837],[-74.02033581,45.40318171],[-74.0189616,45.40795729],[-74.0170209,45.4094868],[-74.01642879,45.41179309],[-74.01404308,45.41493477],[-74.01539647,45.41654987],[-74.02244166,45.4155591],[-74.027705,45.41433818],[-74.03714104,45.40996448]]]},"properties":{"ADAIDU":"24710009","IDUGD":"2021S051624710009","SUPTERRE":2.7794,"PRIDU":"24"},"bbox":[-74.03714104,45.38680982,-74.01404308,45.41654987]},{"type":"Feature","geometry":{"type":"Polygon","coordinates":[[[-74.05519318,45.40113524],[-74.03702351,45.39290901],[-74.03517979,45.39242281],[-74.03194322,45.39634793],[-74.0274558,45.39853264],[-74.02963357,45.40065892],[-74.0284913,45.4011153],[-74.03123329,45.40395028],[-74.02808288,45.40646209],[-74.03088563,45.40851509],[-74.03081124,45.40710618],[-74.03317656,45.40601313],[-74.03714104,45.40996448],[-74.05519318,45.40113524]]]},"properties":{"ADAIDU":"24710011","IDUGD":"2021S051624710011","SUPTERRE":2.2128,"PRIDU":"24"},"bbox":[-74.05519318,45.39242281,-74.0274558,45.40996448]},{"type":"Feature","geometry":{"type":"Polygon","coordinates":[[[-74.12598289,45.42328615],[-74.13572235,45.41810626],[-74.1374159,45.41683525],[-74.13937318,45.40796129],[-74.13861712,45.40643169],[-74.1402021,45.40011183],[-74.13781299,45.39983255],[-74.14299485,45.37781107],[-74.14552131,45.37764507],[-74.11178946,45.37368672],[-74.09788124,45.37225675],[-74.09569268,45.37164161],[-74.0846684,45.37749883],[-74.08625151,45.37880013],[-74.08246902,45.37836049],[-74.0777749,45.3763147],[-74.07401261,45.37673861],[-74.07197499,45.3785305],[-74.08425327,45.39121858],[-74.08158437,45.39270049],[-74.09845947,45.40848749],[-74.10702585,45.41438619],[-74.10438606,45.41571775],[-74.11194318,45.42275654],[-74.12032075,45.41814311],[-74.12598289,45.42328615]]]},"properties":{"ADAIDU":"24710012","IDUGD":"2021S051624710012","SUPTERRE":20.0315,"PRIDU":"24"},"bbox":[-74.14552131,45.37164161,-74.07197499,45.42328615]},{"type":"Feature","geometry":{"type":"Polygon","coordinates":[[[-73.98613801,45.39665329],[-73.99034189,45.392786],[-73.994755,45.39211021],[-73.99887891,45.38905071],[-73.99866803,45.3868589],[-73.98760501,45.3876478],[-73.9761901,45.39044594],[-73.97492679,45.39091878],[-73.98613801,45.39665329]]]},"properties":{"ADAIDU":"24710013","IDUGD":"2021S051624710013","SUPTERRE":1.0587,"PRIDU":"24"},"bbox":[-73.99887891,45.3868589,-73.97492679,45.39665329]},{"type":"Feature","geometry":{"type":"Polygon","coordinates":[[[-73.9761901,45.39044594],[-73.98760501,45.3876478],[-73.99866803,45.3868589],[-74.000875,45.38371479],[-73.9996932,45.38000351],[-73.99563739,45.37908529],[-73.99523451,45.37681942],[-73.99251699,45.3741045],[-73.9961387,45.37102438],[-73.98749838,45.37267336],[-73.98792315,45.37358546],[-73.98438619,45.374489],[-73.97954337,45.37727717],[-73.97082908,45.378815],[-73.96774206,45.38071784],[-73.96204632,45.38163011],[-73.96222245,45.38270558],[-73.9761901,45.39044594]]]},"properties":{"ADAIDU":"24710014","IDUGD":"2021S051624710014","SUPTERRE":3.3766,"PRIDU":"24"},"bbox":[-74.000875,45.37102438,-73.96204632,45.39044594]},{"type":"Feature","geometry":{"type":"Polygon","coordinates":[[[-73.95816684,45.38321579],[-73.96222245,45.38270558],[-73.96204632,45.38163011],[-73.96774206,45.38071784],[-73.97082908,45.378815],[-73.97954337,45.37727717],[-73.98438619,45.374489],[-73.98792315,45.37358546],[-73.98749838,45.37267336],[-73.9961387,45.37102438],[-73.99783021,45.36852039],[-73.99610589,45.3669531],[-73.994334,45.3613816],[-73.99190461,45.3594394],[-73.9853857,45.35836949],[-73.98266152,45.3562123],[-73.98239971,45.35394581],[-73.97594472,45.3558175],[-73.97008887,45.35442492],[-73.97646713,45.37555453],[-73.95922378,45.37952235],[-73.95816684,45.38321579]]]},"properties":{"ADAIDU":"24710015","IDUGD":"2021S051624710015","SUPTERRE":3.7218,"PRIDU":"24"},"bbox":[-73.99783021,45.35394581,-73.95816684,45.38321579]},{"type":"Feature","geometry":{"type":"Polygon","coordinates":[[[-74.21655714,45.3859788],[-74.19489687,45.38350681],[-74.18756438,45.38262073],[-74.18683787,45.3800793],[-74.18181464,45.37889024],[-74.1812659,45.381905],[-74.16551289,45.37994423],[-74.16294263,45.39050229],[-74.15828143,45.39022938],[-74.15584466,45.400473],[-74.15621873,45.40135047],[-74.15327014,45.41014147],[-74.15153089,45.41330114],[-74.15147527,45.41906565],[-74.15600238,45.42105729],[-74.15972938,45.42078949],[-74.16381798,45.42225438],[-74.16479495,45.42098911],[-74.17971454,45.42491327],[-74.18485715,45.41541714],[-74.1848702,45.41359715],[-74.18708399,45.40417181],[-74.21163454,45.40713793],[-74.21655714,45.3859788]]]},"properties":{"ADAIDU":"24710016","IDUGD":"2021S051624710016","SUPTERRE":15.4147,"PRIDU":"24"},"bbox":[-74.21655714,45.37889024,-74.15147527,45.42491327]},{"type":"Feature","geometry":{"type":"Polygon","coordinates":[[[-74.47118011,45.30492124],[-74.47191128,45.30273421],[-74.45170995,45.287682],[-74.37315558,45.22755988],[-74.34347167,45.20540222],[-74.33997221,45.2058163],[-74.3337991,45.20413381],[-74.3284648,45.201446],[-74.32225901,45.19744131],[-74.3219227,45.19972051],[-74.31934962,45.2013588],[-74.3161803,45.20759971],[-74.31129031,45.20927229],[-74.3093344,45.2078014],[-74.30900191,45.21038651],[-74.30686071,45.21202141],[-74.3044183,45.21215559],[-74.30076379,45.214836],[-74.29920319,45.21780352],[-74.30365737,45.2227853],[-74.30200392,45.22345883],[-74.3195435,45.24275665],[-74.31748877,45.24846014],[-74.31168482,45.27429368],[-74.31059236,45.27241254],[-74.2983779,45.26297789],[-74.28654299,45.27036458],[-74.28485478,45.26899743],[-74.28314026,45.26999819],[-74.27752698,45.2657461],[-74.27078388,45.26603477],[-74.26439607,45.26406653],[-74.25955001,45.27602114],[-74.25846753,45.27629364],[-74.2623487,45.28220732],[-74.24583858,45.29238123],[-74.25265628,45.2972504],[-74.25077741,45.3007633],[-74.24644981,45.30427419],[-74.24468768,45.30701231],[-74.23753439,45.31198109],[-74.2313659,45.31429741],[-74.2297321,45.31618849],[-74.2254101,45.31832179],[-74.2190644,45.32386021],[-74.23068752,45.33215487],[-74.2206005,45.33938593],[-74.20884853,45.33099555],[-74.19339165,45.33750256],[-74.19647046,45.3413264],[-74.18264095,45.34661382],[-74.16890259,45.35242762],[-74.19489687,45.38350681],[-74.21655714,45.3859788],[-74.24272824,45.38887224],[-74.23687492,45.40991052],[-74.23034754,45.43000582],[-74.24513826,45.4321325],[-74.24544566,45.43124184],[-74.29117182,45.43861428],[-74.32253093,45.44295991],[-74.32640932,45.43180256],[-74.33315477,45.42998114],[-74.35420419,45.42584876],[-74.35763948,45.41354191],[-74.39331303,45.41773052],[-74.39639142,45.4048846],[-74.36536702,45.39032574],[-74.28989816,45.35457397],[-74.25703707,45.33903393],[-74.26010937,45.32755025],[-74.26615642,45.30688478],[-74.28477965,45.32021349],[-74.33035312,45.35226616],[-74.33697816,45.35669749],[-74.36414767,45.34585835],[-74.41763317,45.32536178],[-74.46399781,45.30774634],[-74.47118011,45.30492124]]]},"properties":{"ADAIDU":"24710018","IDUGD":"2021S051624710018","SUPTERRE":267.3726,"PRIDU":"24"},"bbox":[-74.47191128,45.19744131,-74.16890259,45.44295991]},{"type":"Feature","geometry":{"type":"Polygon","coordinates":[[[-74.03392394,45.30118013],[-74.03332839,45.30413639],[-74.02654319,45.3067686],[-74.02759611,45.3102911],[-74.0237396,45.31111879],[-74.02220159,45.3130785],[-74.01686309,45.3136518],[-74.010368,45.3161287],[-74.00507849,45.31508129],[-73.99443131,45.31537991],[-73.98708989,45.31596931],[-73.98411373,45.32320957],[-73.99334988,45.33451369],[-73.99956711,45.3347585],[-74.02147419,45.34253882],[-74.0517675,45.35426918],[-74.08407559,45.36716501],[-74.09569268,45.37164161],[-74.09788124,45.37225675],[-74.11178946,45.37368672],[-74.14552131,45.37764507],[-74.16551289,45.37994423],[-74.1812659,45.381905],[-74.18181464,45.37889024],[-74.18683787,45.3800793],[-74.18756438,45.38262073],[-74.19489687,45.38350681],[-74.16890259,45.35242762],[-74.16566027,45.34836556],[-74.16703033,45.34774737],[-74.1614232,45.34056395],[-74.15989825,45.34109444],[-74.1520836,45.3314866],[-74.1531031,45.33103005],[-74.14989493,45.32705911],[-74.14864711,45.32744007],[-74.14103448,45.31865655],[-74.131932,45.30738029],[-74.11918589,45.31000231],[-74.10497749,45.30986259],[-74.08827241,45.31123659],[-74.0779214,45.3091837],[-74.07396062,45.3059192],[-74.07072961,45.30545841],[-74.06189598,45.30839981],[-74.0582734,45.3083096],[-74.05440499,45.30393701],[-74.05211729,45.30340819],[-74.04664091,45.30410949],[-74.03802952,45.30638199],[-74.02810571,45.3102348],[-74.02690422,45.3071898],[-74.04462369,45.3025264],[-74.05422771,45.3014452],[-74.05773761,45.30309301],[-74.0692708,45.3024061],[-74.06755642,45.3018298],[-74.06832239,45.29809149],[-74.06541885,45.29665286],[-74.06256686,45.29663385],[-74.06007863,45.2940681],[-74.05640029,45.29352114],[-74.05270579,45.29648255],[-74.04431962,45.29513885],[-74.03865597,45.29724097],[-74.03392394,45.30118013]]]},"properties":{"ADAIDU":"24710019","IDUGD":"2021S051624710019","SUPTERRE":77.6283,"PRIDU":"24"},"bbox":[-74.19489687,45.29352114,-73.98411373,45.38350681]},{"type":"Feature","geometry":{"type":"MultiPolygon","coordinates":[[[[-74.1673766,45.27169905],[-74.1661587,45.27435489],[-74.16861951,45.27552829],[-74.16780237,45.27169328],[-74.1673766,45.27169905]]],[[[-74.18649962,45.26059219],[-74.18803291,45.2620048],[-74.19006801,45.2606517],[-74.18905719,45.259245],[-74.18649962,45.26059219]]],[[[-74.17477902,45.25861041],[-74.17468762,45.25950169],[-74.17887631,45.2581451],[-74.1781442,45.25659259],[-74.17537171,45.25594321],[-74.17477902,45.25861041]]],[[[-74.1720982,45.27761359],[-74.17481781,45.27694971],[-74.17429072,45.2733353],[-74.17073111,45.2740852],[-74.1720982,45.27761359]]],[[[-74.1689562,45.28466011],[-74.17595322,45.2834671],[-74.17634431,45.28099009],[-74.17319362,45.27971291],[-74.1715399,45.28323209],[-74.1689562,45.28466011]]],[[[-74.15984568,45.28053389],[-74.15683101,45.28444261],[-74.1601125,45.28491849],[-74.1648506,45.2823984],[-74.1659435,45.2831929],[-74.1691587,45.28019551],[-74.16687281,45.27656439],[-74.16460792,45.2747059],[-74.16490193,45.27173235],[-74.16458599,45.2717366],[-74.16472059,45.2734453],[-74.16210412,45.27721933],[-74.16205509,45.279859],[-74.15993923,45.28046183],[-74.15984568,45.28053389]]],[[[-74.17605584,45.26748952],[-74.1780632,45.2679856],[-74.18002609,45.27015171],[-74.18383489,45.26894111],[-74.18636179,45.2703028],[-74.18251049,45.2732865],[-74.18239269,45.27514991],[-74.1784463,45.277675],[-74.17854541,45.28384769],[-74.1778167,45.28581381],[-74.17366022,45.28789901],[-74.17380259,45.289167],[-74.1709993,45.29144219],[-74.17045919,45.29320921],[-74.17279399,45.29550809],[-74.1702841,45.29457801],[-74.166988,45.29835879],[-74.161028,45.30117411],[-74.1563549,45.30064311],[-74.15493001,45.2987075],[-74.15011088,45.2987531],[-74.14436902,45.302889],[-74.1390542,45.30538451],[-74.131932,45.30738029],[-74.14103448,45.31865655],[-74.14864711,45.32744007],[-74.14989493,45.32705911],[-74.1531031,45.33103005],[-74.1520836,45.3314866],[-74.15989825,45.34109444],[-74.1614232,45.34056395],[-74.16703033,45.34774737],[-74.16566027,45.34836556],[-74.16890259,45.35242762],[-74.18264095,45.34661382],[-74.19647046,45.3413264],[-74.19339165,45.33750256],[-74.20884853,45.33099555],[-74.2206005,45.33938593],[-74.23068752,45.33215487],[-74.2190644,45.32386021],[-74.2254101,45.31832179],[-74.2297321,45.31618849],[-74.2313659,45.31429741],[-74.23753439,45.31198109],[-74.24468768,45.30701231],[-74.24644981,45.30427419],[-74.25077741,45.3007633],[-74.25265628,45.2972504],[-74.24583858,45.29238123],[-74.24201865,45.28969134],[-74.23559836,45.29222341],[-74.22540919,45.28122456],[-74.22462583,45.28144561],[-74.21437957,45.26918879],[-74.19778766,45.26267199],[-74.19999323,45.25753569],[-74.19944368,45.25720197],[-74.1950599,45.2593616],[-74.1930098,45.2615608],[-74.19171429,45.26506019],[-74.19288739,45.26721269],[-74.19117259,45.27501609],[-74.18357541,45.27918331],[-74.1824653,45.2812056],[-74.17922808,45.28124301],[-74.17915899,45.2786607],[-74.1828912,45.27526389],[-74.18785319,45.2735063],[-74.18875229,45.27090929],[-74.18387259,45.2689049],[-74.18010199,45.2636991],[-74.17756579,45.26366921],[-74.17599536,45.26745101],[-74.17605584,45.26748952]]]]},"properties":{"ADAIDU":"24710020","IDUGD":"2021S051624710020","SUPTERRE":46.8741,"PRIDU":"24"},"bbox":[-74.25265628,45.25594321,-74.131932,45.35242762]},{"type":"Feature","geometry":{"type":"Polygon","coordinates":[[[-74.26439607,45.26406653],[-74.26240154,45.26258464],[-74.25595886,45.25587057],[-74.24555088,45.2568098],[-74.2230665,45.26635819],[-74.21520654,45.2562848],[-74.21411414,45.25583558],[-74.20692321,45.2563372],[-74.2062218,45.2552617],[-74.2022195,45.25821991],[-74.19944368,45.25720197],[-74.19999323,45.25753569],[-74.19778766,45.26267199],[-74.21437957,45.26918879],[-74.22462583,45.28144561],[-74.22540919,45.28122456],[-74.23559836,45.29222341],[-74.24201865,45.28969134],[-74.24583858,45.29238123],[-74.2623487,45.28220732],[-74.25846753,45.27629364],[-74.25955001,45.27602114],[-74.26439607,45.26406653]]]},"properties":{"ADAIDU":"24710021","IDUGD":"2021S051624710021","SUPTERRE":11.6361,"PRIDU":"24"},"bbox":[-74.26439607,45.2552617,-74.19778766,45.29238123]},{"type":"Feature","geometry":{"type":"Polygon","coordinates":[[[-74.29920319,45.21780352],[-74.29205301,45.22108799],[-74.28402302,45.22327599],[-74.27793411,45.2231107],[-74.27592539,45.22242239],[-74.27330888,45.22477989],[-74.27223651,45.2292776],[-74.2702951,45.23168439],[-74.26427408,45.23380361],[-74.25893258,45.23629591],[-74.2551959,45.23687859],[-74.25000122,45.2389556],[-74.24076829,45.24398319],[-74.2326513,45.24773409],[-74.23138421,45.24925411],[-74.2235318,45.2528856],[-74.22007599,45.25566109],[-74.21411414,45.25583558],[-74.21520654,45.2562848],[-74.2230665,45.26635819],[-74.24555088,45.2568098],[-74.25595886,45.25587057],[-74.26240154,45.26258464],[-74.26439607,45.26406653],[-74.27078388,45.26603477],[-74.27752698,45.2657461],[-74.28314026,45.26999819],[-74.28485478,45.26899743],[-74.28654299,45.27036458],[-74.2983779,45.26297789],[-74.31059236,45.27241254],[-74.31168482,45.27429368],[-74.31748877,45.24846014],[-74.3195435,45.24275665],[-74.30200392,45.22345883],[-74.30365737,45.2227853],[-74.29920319,45.21780352]]]},"properties":{"ADAIDU":"24710022","IDUGD":"2021S051624710022","SUPTERRE":25.0445,"PRIDU":"24"},"bbox":[-74.3195435,45.21780352,-74.21411414,45.27429368]},{"type":"Feature","geometry":{"type":"MultiPolygon","coordinates":[[[[-74.00287079,45.37980061],[-74.00428581,45.37955131],[-74.00206329,45.37657358],[-74.00161929,45.37977901],[-74.00287079,45.37980061]]],[[[-73.94412719,45.32310385],[-73.94514059,45.3273529],[-73.9430517,45.32941269],[-73.9390462,45.3294642],[-73.9384065,45.33087041],[-73.94057481,45.3324459],[-73.94326481,45.3322016],[-73.94386709,45.3341699],[-73.94725128,45.33134909],[-73.94709021,45.32871309],[-73.95257759,45.32572189],[-73.95914742,45.3257407],[-73.95746601,45.32287679],[-73.9554507,45.32288491],[-73.95250048,45.3256503],[-73.94802831,45.32793549],[-73.94520411,45.32733471],[-73.94421857,45.32309366],[-73.94412719,45.32310385]]],[[[-73.97466703,45.31915447],[-73.97689392,45.3214206],[-73.97556229,45.32540361],[-73.9721603,45.32588561],[-73.9708242,45.32782581],[-73.96316539,45.32882911],[-73.9624838,45.32973161],[-73.95695998,45.3297539],[-73.95598442,45.32900191],[-73.95057559,45.32904141],[-73.9495662,45.332051],[-73.951223,45.33344821],[-73.95643809,45.3346603],[-73.95519828,45.335988],[-73.96023819,45.33442009],[-73.96541251,45.33373321],[-73.97149589,45.33497711],[-73.97128409,45.33559889],[-73.97581571,45.33890961],[-73.98111119,45.3449705],[-73.9864352,45.3482685],[-73.98773429,45.35242029],[-73.9907388,45.35156161],[-73.9946599,45.3548382],[-73.99589802,45.35485081],[-73.9981958,45.3578104],[-73.99865141,45.36027401],[-74.00120361,45.3601998],[-74.00467101,45.36256021],[-74.0062349,45.36473089],[-74.00753639,45.37037639],[-74.00935029,45.3733469],[-74.0088048,45.3765798],[-74.00701121,45.37874741],[-74.00950859,45.3795912],[-74.0095203,45.38230871],[-74.0082213,45.38413221],[-74.00405669,45.38537449],[-74.00401653,45.38659992],[-74.02236132,45.38572556],[-74.02626574,45.38355243],[-74.0387818,45.37771944],[-74.03999082,45.37899417],[-74.04870542,45.37514493],[-74.0543601,45.37888914],[-74.04915507,45.36497698],[-74.04796009,45.36096739],[-74.04788629,45.3551422],[-74.0517675,45.35426918],[-74.02147419,45.34253882],[-73.99956711,45.3347585],[-73.99334988,45.33451369],[-73.98411373,45.32320957],[-73.9820615,45.32462941],[-73.9753523,45.32622331],[-73.9769452,45.32145639],[-73.9748764,45.31906779],[-73.97466703,45.31915447]]]]},"properties":{"ADAIDU":"24710023","IDUGD":"2021S051624710023","SUPTERRE":21.2901,"PRIDU":"24"},"bbox":[-74.0543601,45.31906779,-73.9384065,45.38659992]},{"type":"Feature","geometry":{"type":"MultiPolygon","coordinates":[[[[-73.9913855,45.40268001],[-73.9945837,45.4032152],[-73.99836901,45.400787],[-73.99261659,45.3988144],[-73.99130721,45.40101561],[-73.98861579,45.4014501],[-73.9913855,45.40268001]]],[[[-74.0543601,45.37888914],[-74.04870542,45.37514493],[-74.03999082,45.37899417],[-74.0387818,45.37771944],[-74.02626574,45.38355243],[-74.02236132,45.38572556],[-74.00401653,45.38659992],[-74.005091,45.38824049],[-74.00860899,45.38890871],[-74.00777741,45.39016319],[-74.0124765,45.3915101],[-74.01364151,45.39040701],[-74.01594734,45.39211488],[-74.02158218,45.38969896],[-74.02135124,45.38801874],[-74.02358898,45.38680982],[-74.03702351,45.39290901],[-74.05519318,45.40113524],[-74.05867059,45.39889886],[-74.06021098,45.39540426],[-74.0599353,45.39377515],[-74.0543601,45.37888914]]]]},"properties":{"ADAIDU":"24710024","IDUGD":"2021S051624710024","SUPTERRE":5.5262,"PRIDU":"24"},"bbox":[-74.06021098,45.37514493,-73.98861579,45.4032152]},{"type":"Feature","geometry":{"type":"MultiPolygon","coordinates":[[[[-73.8467638,45.5784825],[-73.843505,45.579905],[-73.84425292,45.5806767],[-73.8467638,45.5784825]]],[[[-73.8530695,45.58073971],[-73.8551149,45.57997751],[-73.854101,45.57767711],[-73.8522671,45.5794735],[-73.8530695,45.58073971]]],[[[-73.85055992,45.57695919],[-73.85014409,45.5801369],[-73.8530739,45.57735641],[-73.85055992,45.57695919]]],[[[-73.86493224,45.59677593],[-73.86946775,45.59920637],[-73.87379557,45.59759232],[-73.87977568,45.60174296],[-73.87972718,45.60625681],[-73.89690584,45.61740748],[-73.89591355,45.60648818],[-73.90034965,45.60708113],[-73.90070261,45.6102698],[-73.90302517,45.61031059],[-73.90522915,45.61290084],[-73.91416541,45.60587104],[-73.9165635,45.60578164],[-73.93287496,45.6165569],[-73.93293552,45.61993251],[-73.94414744,45.61865364],[-73.94434233,45.62172167],[-73.95116073,45.61653157],[-73.95098573,45.61103965],[-73.95060512,45.6024155],[-73.95294942,45.6053937],[-73.9564434,45.60466879],[-73.95960969,45.60622189],[-73.96095497,45.60513703],[-73.98104509,45.60204898],[-73.98284053,45.59988045],[-73.9779798,45.5815399],[-73.98764541,45.57235841],[-73.98847901,45.57504],[-73.99185511,45.57723901],[-73.9988409,45.576075],[-73.99865341,45.57803751],[-74.00316971,45.5772708],[-74.0040955,45.57907541],[-74.0062696,45.57860679],[-74.0113403,45.579628],[-74.01193008,45.5782487],[-74.00969331,45.5774398],[-74.01219181,45.5760249],[-74.01507541,45.57609291],[-74.0203932,45.57751751],[-74.02581786,45.56748181],[-74.01945575,45.56562218],[-74.01877957,45.56689721],[-73.99931107,45.55270375],[-73.97322279,45.53390922],[-73.97441275,45.53985124],[-73.97209357,45.54016774],[-73.97155412,45.53815485],[-73.96860542,45.53794162],[-73.95684195,45.53922713],[-73.93409618,45.54236804],[-73.93335262,45.5449275],[-73.92823352,45.54501755],[-73.92574971,45.54317553],[-73.92207151,45.54391514],[-73.91813537,45.54706855],[-73.91769027,45.54951311],[-73.92018802,45.55917842],[-73.91994231,45.5612301],[-73.9205673,45.5625956],[-73.92328021,45.5622166],[-73.92236588,45.56498241],[-73.92374369,45.56594019],[-73.92910618,45.56691891],[-73.93333214,45.56615142],[-73.93473422,45.56807321],[-73.93943105,45.58423758],[-73.93832293,45.58606792],[-73.93243659,45.58685807],[-73.92763671,45.58632878],[-73.9223447,45.58197847],[-73.91797123,45.58224342],[-73.91535729,45.58394059],[-73.90911112,45.5849799],[-73.8963447,45.58462909],[-73.89477739,45.58590319],[-73.89307201,45.58209389],[-73.8911416,45.58091269],[-73.88806209,45.58217391],[-73.88099921,45.58186471],[-73.87949055,45.58027535],[-73.86740142,45.56803593],[-73.86463699,45.57225401],[-73.86086869,45.5740206],[-73.8591241,45.57368419],[-73.8565341,45.57542899],[-73.8556371,45.57742939],[-73.85699329,45.5791349],[-73.85378241,45.58205131],[-73.84989381,45.58110039],[-73.84075599,45.58301779],[-73.84778213,45.58918059],[-73.84962568,45.5876906],[-73.85358517,45.58978782],[-73.86493224,45.59677593]]]]},"properties":{"ADAIDU":"24720001","IDUGD":"2021S051624720001","SUPTERRE":57.1136,"PRIDU":"24"},"bbox":[-74.02581786,45.53390922,-73.84075599,45.62172167]},{"type":"Feature","geometry":{"type":"Polygon","coordinates":[[[-73.87949055,45.58027535],[-73.88601489,45.57712706],[-73.90262588,45.5720695],[-73.90822997,45.56948514],[-73.90791823,45.56756281],[-73.90252561,45.56204167],[-73.89824113,45.56097606],[-73.8922295,45.56199041],[-73.88653444,45.55976092],[-73.88425071,45.5625794],[-73.87677,45.56453911],[-73.8703757,45.56816829],[-73.86740142,45.56803593],[-73.87949055,45.58027535]]]},"properties":{"ADAIDU":"24720003","IDUGD":"2021S051624720003","SUPTERRE":3.9127,"PRIDU":"24"},"bbox":[-73.90822997,45.55976092,-73.86740142,45.58027535]},{"type":"Feature","geometry":{"type":"Polygon","coordinates":[[[-73.91994231,45.5612301],[-73.91655747,45.56503941],[-73.90822997,45.56948514],[-73.91079588,45.57048006],[-73.9223447,45.58197847],[-73.92763671,45.58632878],[-73.93243659,45.58685807],[-73.93832293,45.58606792],[-73.93943105,45.58423758],[-73.93473422,45.56807321],[-73.93333214,45.56615142],[-73.92910618,45.56691891],[-73.92374369,45.56594019],[-73.92236588,45.56498241],[-73.92328021,45.5622166],[-73.9205673,45.5625956],[-73.91994231,45.5612301]]]},"properties":{"ADAIDU":"24720004","IDUGD":"2021S051624720004","SUPTERRE":3.6609,"PRIDU":"24"},"bbox":[-73.93943105,45.5612301,-73.90822997,45.58685807]},{"type":"Feature","geometry":{"type":"Polygon","coordinates":[[[-73.92018802,45.55917842],[-73.91831013,45.55897426],[-73.91697413,45.55703194],[-73.91498599,45.5580024],[-73.91204887,45.55708765],[-73.90287146,45.55038051],[-73.90065795,45.55113155],[-73.90508037,45.55441287],[-73.90090262,45.55586648],[-73.89484049,45.55130439],[-73.89073737,45.54841532],[-73.8901878,45.55234621],[-73.8888515,45.55359259],[-73.88653444,45.55976092],[-73.8922295,45.56199041],[-73.89824113,45.56097606],[-73.90252561,45.56204167],[-73.90791823,45.56756281],[-73.90822997,45.56948514],[-73.91655747,45.56503941],[-73.91994231,45.5612301],[-73.92018802,45.55917842]]]},"properties":{"ADAIDU":"24720005","IDUGD":"2021S051624720005","SUPTERRE":2.6307,"PRIDU":"24"},"bbox":[-73.92018802,45.54841532,-73.88653444,45.56948514]},{"type":"Feature","geometry":{"type":"Polygon","coordinates":[[[-73.91813537,45.54706855],[-73.9113123,45.54541965],[-73.90635869,45.54332604],[-73.89484049,45.55130439],[-73.90090262,45.55586648],[-73.90508037,45.55441287],[-73.90065795,45.55113155],[-73.90287146,45.55038051],[-73.91204887,45.55708765],[-73.91498599,45.5580024],[-73.91697413,45.55703194],[-73.91831013,45.55897426],[-73.92018802,45.55917842],[-73.91769027,45.54951311],[-73.91813537,45.54706855]]]},"properties":{"ADAIDU":"24720006","IDUGD":"2021S051624720006","SUPTERRE":1.7654,"PRIDU":"24"},"bbox":[-73.92018802,45.54332604,-73.89484049,45.55917842]},{"type":"Feature","geometry":{"type":"Polygon","coordinates":[[[-73.92574971,45.54317553],[-73.9103697,45.53231824],[-73.90882678,45.53110785],[-73.90438559,45.53186159],[-73.9008653,45.53014621],[-73.89512371,45.5311201],[-73.8919573,45.53051009],[-73.8876362,45.5332873],[-73.88352139,45.53446209],[-73.88177991,45.5363215],[-73.88468641,45.5381925],[-73.88643581,45.54122799],[-73.88957209,45.542936],[-73.89073737,45.54841532],[-73.89484049,45.55130439],[-73.90635869,45.54332604],[-73.9113123,45.54541965],[-73.91813537,45.54706855],[-73.92207151,45.54391514],[-73.92574971,45.54317553]]]},"properties":{"ADAIDU":"24720007","IDUGD":"2021S051624720007","SUPTERRE":4.312,"PRIDU":"24"},"bbox":[-73.92574971,45.53014621,-73.88177991,45.55130439]},{"type":"Feature","geometry":{"type":"Polygon","coordinates":[[[-74.02581786,45.56748181],[-74.03014419,45.5670709],[-74.03522256,45.56818799],[-74.04514332,45.56094177],[-74.04903065,45.56239865],[-74.08071228,45.54120509],[-74.06416382,45.52889154],[-74.04105924,45.51307542],[-74.03279543,45.51919181],[-74.00913449,45.50154001],[-74.00417044,45.49799304],[-73.99788952,45.49282632],[-73.97624688,45.50490367],[-73.95278163,45.51847156],[-73.96018122,45.52448157],[-73.97322279,45.53390922],[-73.99931107,45.55270375],[-74.01877957,45.56689721],[-74.01945575,45.56562218],[-74.02581786,45.56748181]]]},"properties":{"ADAIDU":"24720008","IDUGD":"2021S051624720008","SUPTERRE":41.2187,"PRIDU":"24"},"bbox":[-74.08071228,45.49282632,-73.95278163,45.56818799]},{"type":"Feature","geometry":{"type":"Polygon","coordinates":[[[-73.97322279,45.53390922],[-73.96018122,45.52448157],[-73.95758055,45.52579574],[-73.95218464,45.52699276],[-73.93065521,45.52951508],[-73.92464263,45.53215473],[-73.92039018,45.53288055],[-73.9103697,45.53231824],[-73.92574971,45.54317553],[-73.92823352,45.54501755],[-73.93335262,45.5449275],[-73.93409618,45.54236804],[-73.95684195,45.53922713],[-73.96860542,45.53794162],[-73.97155412,45.53815485],[-73.97209357,45.54016774],[-73.97441275,45.53985124],[-73.97322279,45.53390922]]]},"properties":{"ADAIDU":"24720009","IDUGD":"2021S051624720009","SUPTERRE":5.762,"PRIDU":"24"},"bbox":[-73.97441275,45.52448157,-73.9103697,45.54501755]},{"type":"Feature","geometry":{"type":"Polygon","coordinates":[[[-73.9103697,45.53231824],[-73.92039018,45.53288055],[-73.92464263,45.53215473],[-73.93065521,45.52951508],[-73.95218464,45.52699276],[-73.95758055,45.52579574],[-73.96018122,45.52448157],[-73.95278163,45.51847156],[-73.9497469,45.51692685],[-73.94604409,45.51855979],[-73.93716209,45.5203668],[-73.93266572,45.519916],[-73.9244511,45.52205251],[-73.92163908,45.5243215],[-73.91813601,45.52838371],[-73.91175399,45.5310164],[-73.90882678,45.53110785],[-73.9103697,45.53231824]]]},"properties":{"ADAIDU":"24720010","IDUGD":"2021S051624720010","SUPTERRE":2.9692,"PRIDU":"24"},"bbox":[-73.96018122,45.51692685,-73.90882678,45.53288055]},{"type":"Feature","geometry":{"type":"Polygon","coordinates":[[[-74.13636031,45.52622654],[-74.12324769,45.53499199],[-74.13907956,45.54651883],[-74.14514969,45.55117064],[-74.14841233,45.54894308],[-74.1750326,45.56841468],[-74.19117427,45.57927342],[-74.21366405,45.56439888],[-74.23813473,45.54874177],[-74.24141657,45.54930024],[-74.24090006,45.55182574],[-74.24725658,45.55411398],[-74.25593378,45.5521104],[-74.26294448,45.55148599],[-74.26715541,45.54929066],[-74.26735171,45.54551594],[-74.27480033,45.54490043],[-74.2785758,45.52733892],[-74.27609762,45.52717829],[-74.26578888,45.5297855],[-74.26277089,45.53003959],[-74.25847952,45.5317599],[-74.25208682,45.53241409],[-74.25068791,45.53120851],[-74.2466615,45.53073099],[-74.24330891,45.5289171],[-74.23990729,45.53019],[-74.23347299,45.5296286],[-74.23297569,45.52781409],[-74.22801739,45.52751289],[-74.22823981,45.524902],[-74.22415521,45.52482901],[-74.21356141,45.5263083],[-74.20784368,45.5246522],[-74.1972713,45.5268408],[-74.19217232,45.5265389],[-74.18574869,45.52888131],[-74.17931489,45.52829889],[-74.17442911,45.5233427],[-74.1723111,45.51962981],[-74.1696491,45.51103389],[-74.16915004,45.50430247],[-74.14297191,45.52180617],[-74.14131219,45.52291598],[-74.13636031,45.52622654]]]},"properties":{"ADAIDU":"24720011","IDUGD":"2021S051624720011","SUPTERRE":42.8875,"PRIDU":"24"},"bbox":[-74.2785758,45.50430247,-74.12324769,45.57927342]},{"type":"Feature","geometry":{"type":"Polygon","coordinates":[[[-73.99788952,45.49282632],[-73.98795236,45.48550634],[-73.98580829,45.48516641],[-73.97938332,45.4878121],[-73.97723569,45.48951281],[-73.97098869,45.49213931],[-73.96893829,45.49482029],[-73.95815829,45.49871531],[-73.95952602,45.5016793],[-73.9559201,45.50675991],[-73.952589,45.50949071],[-73.95327869,45.5109007],[-73.95126381,45.51340131],[-73.94870912,45.51405919],[-73.95108912,45.51557049],[-73.9497469,45.51692685],[-73.95278163,45.51847156],[-73.97624688,45.50490367],[-73.99788952,45.49282632]]]},"properties":{"ADAIDU":"24720012","IDUGD":"2021S051624720012","SUPTERRE":4.5924,"PRIDU":"24"},"bbox":[-73.99788952,45.48516641,-73.94870912,45.51847156]},{"type":"Feature","geometry":{"type":"MultiPolygon","coordinates":[[[[-74.10700848,45.46392812],[-74.1049865,45.46557133],[-74.11340783,45.46698576],[-74.11603699,45.46807497],[-74.1168625,45.465943],[-74.10700848,45.46392812]]],[[[-74.12825239,45.47245879],[-74.12565436,45.4740116],[-74.1278693,45.47630614],[-74.1286289,45.48021387],[-74.13025319,45.48264376],[-74.13554647,45.48277778],[-74.1362887,45.48193469],[-74.13214429,45.4796631],[-74.13265759,45.47867039],[-74.12825239,45.47245879]]],[[[-74.1176542,45.4665293],[-74.11609394,45.47017494],[-74.11333782,45.47062217],[-74.11779438,45.47134378],[-74.11819467,45.46927562],[-74.12024025,45.4731731],[-74.1189815,45.47497091],[-74.12172318,45.47637955],[-74.1225611,45.47487936],[-74.12727022,45.4715373],[-74.12334149,45.46899429],[-74.1176542,45.4665293]]],[[[-74.14131219,45.52291598],[-74.12569387,45.51142926],[-74.12102697,45.51474455],[-74.13636031,45.52622654],[-74.14131219,45.52291598]]],[[[-74.08071228,45.54120509],[-74.08401919,45.53903104],[-74.06748355,45.52653492],[-74.07402581,45.52193938],[-74.09121345,45.53457723],[-74.11355005,45.51821296],[-74.10635762,45.51185382],[-74.11355025,45.50675547],[-74.12098091,45.50388232],[-74.12176569,45.50468657],[-74.12332891,45.49942408],[-74.1253336,45.49996387],[-74.12428221,45.50444525],[-74.1303218,45.50645204],[-74.13249784,45.50312092],[-74.13458188,45.50393949],[-74.13666719,45.50289591],[-74.13538228,45.50632271],[-74.13346114,45.50566139],[-74.13228897,45.50781625],[-74.13777478,45.50941794],[-74.13878572,45.51165485],[-74.14253651,45.5142034],[-74.14156473,45.51863071],[-74.13863989,45.51799895],[-74.14297191,45.52180617],[-74.16915004,45.50430247],[-74.16922109,45.50191209],[-74.17311148,45.4965711],[-74.16597488,45.49574911],[-74.15828182,45.4976564],[-74.1565372,45.49679102],[-74.15648744,45.50199597],[-74.15330969,45.50223952],[-74.15251395,45.50403036],[-74.14456546,45.50514586],[-74.14341181,45.50771221],[-74.14040112,45.50645186],[-74.14131887,45.50347862],[-74.14042783,45.50172043],[-74.13802321,45.50207168],[-74.13374218,45.50109762],[-74.13683514,45.49465793],[-74.13484012,45.49409492],[-74.13254259,45.49828921],[-74.12822579,45.50113093],[-74.12646883,45.50070932],[-74.12877942,45.49683457],[-74.12656479,45.4957376],[-74.1323577,45.49206765],[-74.13171917,45.4900759],[-74.12634742,45.4925332],[-74.12394904,45.49019059],[-74.12164331,45.49060565],[-74.11966534,45.48829845],[-74.1163517,45.48916409],[-74.11625499,45.49115868],[-74.11113596,45.49252597],[-74.10608103,45.49012791],[-74.10484246,45.49117989],[-74.09396174,45.48027897],[-74.09673216,45.47603793],[-74.09538301,45.47466727],[-74.09304875,45.47655669],[-74.09128583,45.47446486],[-74.09426681,45.47282823],[-74.09353731,45.46997609],[-74.09695808,45.46915916],[-74.09789786,45.47079537],[-74.09730181,45.47439091],[-74.10230621,45.47122714],[-74.09727551,45.46898898],[-74.10540169,45.46330479],[-74.10252461,45.46211419],[-74.09723689,45.46150299],[-74.09368983,45.4600137],[-74.09301355,45.46153644],[-74.09081585,45.45989366],[-74.09195958,45.45941581],[-74.0888038,45.45842431],[-74.08721221,45.46031319],[-74.08471521,45.46113519],[-74.08423935,45.46126166],[-74.08181688,45.4616186],[-74.06974631,45.46549481],[-74.06567288,45.46480421],[-74.06275409,45.46705921],[-74.05681599,45.46012349],[-74.05371571,45.45822191],[-74.04942418,45.4587105],[-74.04551889,45.46212171],[-74.03735911,45.46600269],[-74.03441349,45.46690729],[-74.0293107,45.46688621],[-74.0257084,45.46869351],[-74.01847698,45.4708591],[-74.0145029,45.4740356],[-74.00809559,45.47551309],[-74.0025035,45.47807529],[-73.99618359,45.47794099],[-73.9919035,45.4770237],[-73.98551422,45.4807044],[-73.98579069,45.4831148],[-73.9889242,45.4815807],[-73.99765659,45.4810841],[-73.9998981,45.4814252],[-73.99231389,45.48449961],[-73.99105721,45.4856299],[-73.98795236,45.48550634],[-73.99788952,45.49282632],[-74.00417044,45.49799304],[-74.00913449,45.50154001],[-74.03279543,45.51919181],[-74.04105924,45.51307542],[-74.06416382,45.52889154],[-74.08071228,45.54120509]],[[-74.07402581,45.52193938],[-74.0663447,45.51635932],[-74.07425913,45.51110029],[-74.0821743,45.51651826],[-74.07402581,45.52193938]]]]},"properties":{"ADAIDU":"24720013","IDUGD":"2021S051624720013","SUPTERRE":56.9905,"PRIDU":"24"},"bbox":[-74.17311148,45.45822191,-73.98551422,45.54120509]},{"type":"Feature","geometry":{"type":"MultiPolygon","coordinates":[[[[-74.09368983,45.4600137],[-74.09195958,45.45941581],[-74.09081585,45.45989366],[-74.09301355,45.46153644],[-74.09368983,45.4600137]]],[[[-74.07402581,45.52193938],[-74.0821743,45.51651826],[-74.07425913,45.51110029],[-74.0663447,45.51635932],[-74.07402581,45.52193938]]],[[[-74.14297191,45.52180617],[-74.13863989,45.51799895],[-74.14156473,45.51863071],[-74.14253651,45.5142034],[-74.13878572,45.51165485],[-74.13777478,45.50941794],[-74.13228897,45.50781625],[-74.13346114,45.50566139],[-74.13538228,45.50632271],[-74.13666719,45.50289591],[-74.13458188,45.50393949],[-74.13249784,45.50312092],[-74.1303218,45.50645204],[-74.12428221,45.50444525],[-74.1253336,45.49996387],[-74.12332891,45.49942408],[-74.12176569,45.50468657],[-74.12098091,45.50388232],[-74.11355025,45.50675547],[-74.10635762,45.51185382],[-74.11355005,45.51821296],[-74.11480078,45.51916645],[-74.12102697,45.51474455],[-74.12569387,45.51142926],[-74.14131219,45.52291598],[-74.14297191,45.52180617]]],[[[-74.14206181,45.49354641],[-74.1382148,45.49249858],[-74.13807671,45.49188599],[-74.13595929,45.4924557],[-74.13279331,45.4907906],[-74.1318899,45.4855045],[-74.1328396,45.48350161],[-74.13554647,45.48277778],[-74.13025319,45.48264376],[-74.1286289,45.48021387],[-74.1278693,45.47630614],[-74.12565436,45.4740116],[-74.12825239,45.47245879],[-74.12727022,45.4715373],[-74.1225611,45.47487936],[-74.12172318,45.47637955],[-74.1189815,45.47497091],[-74.12024025,45.4731731],[-74.11819467,45.46927562],[-74.11779438,45.47134378],[-74.11333782,45.47062217],[-74.11609394,45.47017494],[-74.1176542,45.4665293],[-74.1168625,45.465943],[-74.11603699,45.46807497],[-74.11340783,45.46698576],[-74.1049865,45.46557133],[-74.10700848,45.46392812],[-74.10540169,45.46330479],[-74.09727551,45.46898898],[-74.10230621,45.47122714],[-74.09730181,45.47439091],[-74.09789786,45.47079537],[-74.09695808,45.46915916],[-74.09353731,45.46997609],[-74.09426681,45.47282823],[-74.09128583,45.47446486],[-74.09304875,45.47655669],[-74.09538301,45.47466727],[-74.09673216,45.47603793],[-74.09396174,45.48027897],[-74.10484246,45.49117989],[-74.10608103,45.49012791],[-74.11113596,45.49252597],[-74.11625499,45.49115868],[-74.1163517,45.48916409],[-74.11966534,45.48829845],[-74.12164331,45.49060565],[-74.12394904,45.49019059],[-74.12634742,45.4925332],[-74.13171917,45.4900759],[-74.1323577,45.49206765],[-74.12656479,45.4957376],[-74.12877942,45.49683457],[-74.12646883,45.50070932],[-74.12822579,45.50113093],[-74.13254259,45.49828921],[-74.13484012,45.49409492],[-74.13683514,45.49465793],[-74.13374218,45.50109762],[-74.13802321,45.50207168],[-74.14042783,45.50172043],[-74.14131887,45.50347862],[-74.14040112,45.50645186],[-74.14341181,45.50771221],[-74.14456546,45.50514586],[-74.15251395,45.50403036],[-74.15330969,45.50223952],[-74.15648744,45.50199597],[-74.1565372,45.49679102],[-74.15398889,45.49599831],[-74.1487699,45.49722479],[-74.14332682,45.49463811],[-74.14279119,45.49433583],[-74.14230554,45.49402946],[-74.14206181,45.49354641]]]]},"properties":{"ADAIDU":"24720014","IDUGD":"2021S051624720014","SUPTERRE":11.8636,"PRIDU":"24"},"bbox":[-74.1565372,45.45941581,-74.0663447,45.52291598]},{"type":"Feature","geometry":{"type":"Polygon","coordinates":[[[-73.9223447,45.58197847],[-73.91079588,45.57048006],[-73.90822997,45.56948514],[-73.90262588,45.5720695],[-73.88601489,45.57712706],[-73.87949055,45.58027535],[-73.88099921,45.58186471],[-73.88806209,45.58217391],[-73.8911416,45.58091269],[-73.89307201,45.58209389],[-73.89477739,45.58590319],[-73.8963447,45.58462909],[-73.90911112,45.5849799],[-73.91535729,45.58394059],[-73.91797123,45.58224342],[-73.9223447,45.58197847]]]},"properties":{"ADAIDU":"24722000","IDUGD":"2021S051624722000","SUPTERRE":3.1966,"PRIDU":"24"},"bbox":[-73.9223447,45.56948514,-73.87949055,45.58590319]},{"type":"Feature","geometry":{"type":"Polygon","coordinates":[[[-73.84646376,45.72176233],[-73.85001125,45.72406851],[-73.85297234,45.72472181],[-73.85797573,45.72252338],[-73.86930069,45.72085831],[-73.87600166,45.71893831],[-73.87602011,45.71669111],[-73.88586842,45.71378568],[-73.89093448,45.71438736],[-73.8919059,45.71087791],[-73.89476104,45.71103299],[-73.89903628,45.70808301],[-73.90167008,45.70454547],[-73.90665281,45.70275984],[-73.87545686,45.67938431],[-73.86146291,45.66887923],[-73.84415037,45.65587555],[-73.84192006,45.65324955],[-73.84200094,45.65700905],[-73.84086576,45.65811718],[-73.84263248,45.65931605],[-73.84027139,45.66107747],[-73.82591212,45.67192982],[-73.81821344,45.67704179],[-73.80736194,45.66984807],[-73.7889284,45.68398808],[-73.80621378,45.69551102],[-73.84646376,45.72176233]]]},"properties":{"ADAIDU":"24730003","IDUGD":"2021S051624730003","SUPTERRE":34.2772,"PRIDU":"24"},"bbox":[-73.90665281,45.65324955,-73.7889284,45.72472181]},{"type":"Feature","geometry":{"type":"MultiPolygon","coordinates":[[[[-73.75673111,45.6591377],[-73.75840142,45.65960179],[-73.7636112,45.65684541],[-73.76634049,45.65332079],[-73.76371279,45.65389379],[-73.75673111,45.6591377]]],[[[-73.78338084,45.68032726],[-73.77792468,45.676725],[-73.77877791,45.67614344],[-73.76196575,45.66523288],[-73.76208572,45.6644376],[-73.76987746,45.65766764],[-73.77263336,45.65668639],[-73.76784788,45.65381232],[-73.76352859,45.65840231],[-73.75948399,45.66063419],[-73.75568931,45.66142561],[-73.75060799,45.66439719],[-73.7508494,45.66673621],[-73.74641349,45.66999896],[-73.75661132,45.68071571],[-73.75823235,45.67978199],[-73.76124325,45.68167681],[-73.7670669,45.68580484],[-73.77234113,45.68181888],[-73.77759639,45.68557314],[-73.77728734,45.68308027],[-73.78070685,45.68073261],[-73.78338084,45.68032726]]]]},"properties":{"ADAIDU":"24730004","IDUGD":"2021S051624730004","SUPTERRE":4.3642,"PRIDU":"24"},"bbox":[-73.78338084,45.65332079,-73.74641349,45.68580484]},{"type":"Feature","geometry":{"type":"MultiPolygon","coordinates":[[[[-73.77056104,45.65041022],[-73.77009871,45.65307811],[-73.7711725,45.65493819],[-73.77278372,45.65642801],[-73.77366782,45.65617389],[-73.7744964,45.6550562],[-73.7788524,45.65504852],[-73.77056104,45.65041022]]],[[[-73.7889284,45.68398808],[-73.80736194,45.66984807],[-73.7964131,45.66244985],[-73.7936269,45.66466604],[-73.77894695,45.6551093],[-73.77440761,45.65526341],[-73.77410321,45.65600191],[-73.77300238,45.65655351],[-73.77203749,45.6560248],[-73.77108321,45.65504641],[-73.76986802,45.65314159],[-73.77039418,45.6504949],[-73.76784788,45.65381232],[-73.77263336,45.65668639],[-73.76987746,45.65766764],[-73.76208572,45.6644376],[-73.76196575,45.66523288],[-73.77877791,45.67614344],[-73.77792468,45.676725],[-73.78338084,45.68032726],[-73.7889284,45.68398808]]]]},"properties":{"ADAIDU":"24730005","IDUGD":"2021S051624730005","SUPTERRE":5.9025,"PRIDU":"24"},"bbox":[-73.80736194,45.65041022,-73.76196575,45.68398808]},{"type":"Feature","geometry":{"type":"Polygon","coordinates":[[[-73.90665281,45.70275984],[-73.90804596,45.70240969],[-73.91579629,45.69651966],[-73.91319603,45.69484409],[-73.88360318,45.67579502],[-73.88174466,45.67460082],[-73.87545686,45.67938431],[-73.90665281,45.70275984]]]},"properties":{"ADAIDU":"24730006","IDUGD":"2021S051624730006","SUPTERRE":3.0903,"PRIDU":"24"},"bbox":[-73.91579629,45.67460082,-73.87545686,45.70275984]},{"type":"Feature","geometry":{"type":"Polygon","coordinates":[[[-73.84027139,45.66107747],[-73.83590302,45.66063671],[-73.83322313,45.66225497],[-73.83189453,45.66130532],[-73.82630927,45.66441367],[-73.81804099,45.65825147],[-73.81394022,45.65783556],[-73.80978012,45.66058276],[-73.80566385,45.65867202],[-73.80031036,45.6548887],[-73.7987915,45.65626498],[-73.80248881,45.65856755],[-73.7964131,45.66244985],[-73.80736194,45.66984807],[-73.81821344,45.67704179],[-73.82591212,45.67192982],[-73.84027139,45.66107747]]]},"properties":{"ADAIDU":"24730007","IDUGD":"2021S051624730007","SUPTERRE":3.4695,"PRIDU":"24"},"bbox":[-73.84027139,45.6548887,-73.7964131,45.67704179]},{"type":"Feature","geometry":{"type":"Polygon","coordinates":[[[-73.91319603,45.69484409],[-73.92567298,45.68530537],[-73.91720041,45.67972965],[-73.90565673,45.67147161],[-73.8975125,45.66618016],[-73.88762482,45.67247626],[-73.88360318,45.67579502],[-73.91319603,45.69484409]]]},"properties":{"ADAIDU":"24730008","IDUGD":"2021S051624730008","SUPTERRE":4.6204,"PRIDU":"24"},"bbox":[-73.92567298,45.66618016,-73.88360318,45.69484409]},{"type":"Feature","geometry":{"type":"MultiPolygon","coordinates":[[[[-73.80361961,45.6187736],[-73.80833849,45.618806],[-73.808302,45.61682649],[-73.80586248,45.6162391],[-73.80361961,45.6187736]]],[[[-73.80380189,45.6121594],[-73.80057491,45.61530839],[-73.80662021,45.61408651],[-73.80663211,45.611567],[-73.80380189,45.6121594]]],[[[-73.793322,45.62108611],[-73.79264621,45.6242822],[-73.7943885,45.62148829],[-73.79794729,45.6203453],[-73.7989402,45.61896599],[-73.79791529,45.616737],[-73.79495641,45.61730259],[-73.793322,45.62108611]]],[[[-73.7788524,45.65504852],[-73.77894695,45.6551093],[-73.7936269,45.66466604],[-73.7964131,45.66244985],[-73.80248881,45.65856755],[-73.7987915,45.65626498],[-73.79058971,45.6510326],[-73.78760107,45.65052362],[-73.78081317,45.6460301],[-73.78627388,45.6404023],[-73.79352001,45.6359013],[-73.7945413,45.63396693],[-73.79949487,45.63614226],[-73.80597746,45.63707897],[-73.81631773,45.63667964],[-73.81938633,45.63404049],[-73.82301137,45.63156396],[-73.82846728,45.63021689],[-73.812347,45.61944895],[-73.81044056,45.61855197],[-73.8090471,45.6194159],[-73.8023915,45.61932579],[-73.80193079,45.62188251],[-73.80034021,45.62178771],[-73.80082661,45.61923101],[-73.79550839,45.6222952],[-73.7926142,45.62551499],[-73.79082731,45.62965881],[-73.79268909,45.63007688],[-73.79109391,45.63160169],[-73.78837311,45.63126671],[-73.78602581,45.63374711],[-73.78269511,45.6345742],[-73.7802953,45.6368837],[-73.78016131,45.64088831],[-73.78229181,45.64110801],[-73.77986712,45.6436334],[-73.7743211,45.64541951],[-73.77060649,45.64929761],[-73.77056104,45.65041022],[-73.7788524,45.65504852]]]]},"properties":{"ADAIDU":"24730009","IDUGD":"2021S051624730009","SUPTERRE":7.4324,"PRIDU":"24"},"bbox":[-73.82846728,45.611567,-73.77056104,45.66466604]},{"type":"Feature","geometry":{"type":"Polygon","coordinates":[[[-73.87545686,45.67938431],[-73.88174466,45.67460082],[-73.88360318,45.67579502],[-73.88762482,45.67247626],[-73.8975125,45.66618016],[-73.88071245,45.65523314],[-73.8699261,45.66312952],[-73.86960488,45.66292819],[-73.86146291,45.66887923],[-73.87545686,45.67938431]]]},"properties":{"ADAIDU":"24730010","IDUGD":"2021S051624730010","SUPTERRE":3.6964,"PRIDU":"24"},"bbox":[-73.8975125,45.65523314,-73.86146291,45.67938431]},{"type":"Feature","geometry":{"type":"Polygon","coordinates":[[[-73.84027139,45.66107747],[-73.81303966,45.64294265],[-73.8104426,45.6468837],[-73.80691971,45.64783809],[-73.8055983,45.6501901],[-73.80229381,45.65124279],[-73.79968622,45.6506828],[-73.79885661,45.64906521],[-73.79676189,45.6508703],[-73.79364821,45.65162521],[-73.79058971,45.6510326],[-73.7987915,45.65626498],[-73.80031036,45.6548887],[-73.80566385,45.65867202],[-73.80978012,45.66058276],[-73.81394022,45.65783556],[-73.81804099,45.65825147],[-73.82630927,45.66441367],[-73.83189453,45.66130532],[-73.83322313,45.66225497],[-73.83590302,45.66063671],[-73.84027139,45.66107747]]]},"properties":{"ADAIDU":"24730011","IDUGD":"2021S051624730011","SUPTERRE":3.4314,"PRIDU":"24"},"bbox":[-73.84027139,45.64294265,-73.79058971,45.66441367]},{"type":"Feature","geometry":{"type":"Polygon","coordinates":[[[-73.86146291,45.66887923],[-73.86960488,45.66292819],[-73.86028888,45.6567275],[-73.84863731,45.64951415],[-73.84521297,45.64705221],[-73.84242103,45.64912477],[-73.84031672,45.65181007],[-73.83819687,45.65061364],[-73.83377395,45.6535599],[-73.84086576,45.65811718],[-73.84200094,45.65700905],[-73.84192006,45.65324955],[-73.84415037,45.65587555],[-73.86146291,45.66887923]]]},"properties":{"ADAIDU":"24730012","IDUGD":"2021S051624730012","SUPTERRE":2.3843,"PRIDU":"24"},"bbox":[-73.86960488,45.64705221,-73.83377395,45.66887923]},{"type":"Feature","geometry":{"type":"Polygon","coordinates":[[[-73.79058971,45.6510326],[-73.79364821,45.65162521],[-73.79676189,45.6508703],[-73.79885661,45.64906521],[-73.79968622,45.6506828],[-73.80229381,45.65124279],[-73.8055983,45.6501901],[-73.80691971,45.64783809],[-73.8104426,45.6468837],[-73.81303966,45.64294265],[-73.81222209,45.64020432],[-73.81631773,45.63667964],[-73.80597746,45.63707897],[-73.79949487,45.63614226],[-73.7945413,45.63396693],[-73.79352001,45.6359013],[-73.78627388,45.6404023],[-73.78081317,45.6460301],[-73.78760107,45.65052362],[-73.79058971,45.6510326]]]},"properties":{"ADAIDU":"24730013","IDUGD":"2021S051624730013","SUPTERRE":3.2519,"PRIDU":"24"},"bbox":[-73.81631773,45.63396693,-73.78081317,45.65162521]},{"type":"Feature","geometry":{"type":"Polygon","coordinates":[[[-73.84086576,45.65811718],[-73.83377395,45.6535599],[-73.83819687,45.65061364],[-73.84031672,45.65181007],[-73.84242103,45.64912477],[-73.82175543,45.63517478],[-73.81938633,45.63404049],[-73.81631773,45.63667964],[-73.81222209,45.64020432],[-73.81303966,45.64294265],[-73.84027139,45.66107747],[-73.84263248,45.65931605],[-73.84086576,45.65811718]]]},"properties":{"ADAIDU":"24730014","IDUGD":"2021S051624730014","SUPTERRE":2.7595,"PRIDU":"24"},"bbox":[-73.84263248,45.63404049,-73.81222209,45.66107747]},{"type":"Feature","geometry":{"type":"Polygon","coordinates":[[[-73.88071245,45.65523314],[-73.8639091,45.64373354],[-73.85174044,45.63533446],[-73.84298917,45.63568746],[-73.84838206,45.63682244],[-73.85132897,45.63938697],[-73.85187507,45.64157184],[-73.85035396,45.64450096],[-73.84521297,45.64705221],[-73.84863731,45.64951415],[-73.86028888,45.6567275],[-73.86960488,45.66292819],[-73.8699261,45.66312952],[-73.88071245,45.65523314]]]},"properties":{"ADAIDU":"24730015","IDUGD":"2021S051624730015","SUPTERRE":3.4932,"PRIDU":"24"},"bbox":[-73.88071245,45.63533446,-73.84298917,45.66312952]},{"type":"Feature","geometry":{"type":"Polygon","coordinates":[[[-73.81938633,45.63404049],[-73.82175543,45.63517478],[-73.84242103,45.64912477],[-73.84521297,45.64705221],[-73.85035396,45.64450096],[-73.85187507,45.64157184],[-73.85132897,45.63938697],[-73.84838206,45.63682244],[-73.84298917,45.63568746],[-73.85174044,45.63533446],[-73.8467075,45.63187505],[-73.84318588,45.63015192],[-73.8359974,45.62903207],[-73.82846728,45.63021689],[-73.82301137,45.63156396],[-73.81938633,45.63404049]]]},"properties":{"ADAIDU":"24730016","IDUGD":"2021S051624730016","SUPTERRE":3.2273,"PRIDU":"24"},"bbox":[-73.85187507,45.62903207,-73.81938633,45.64912477]},{"type":"Feature","geometry":{"type":"Polygon","coordinates":[[[-73.86493224,45.59677593],[-73.85601734,45.60776334],[-73.85078692,45.61576089],[-73.8486231,45.62160249],[-73.84248028,45.62577541],[-73.8359974,45.62903207],[-73.84318588,45.63015192],[-73.8467075,45.63187505],[-73.85174044,45.63533446],[-73.8639091,45.64373354],[-73.86704017,45.64251841],[-73.87742589,45.64941595],[-73.88137651,45.64917484],[-73.87210357,45.64177243],[-73.87922418,45.6398645],[-73.88019079,45.63861959],[-73.8839276,45.6392189],[-73.8856596,45.63849496],[-73.88820216,45.64107853],[-73.89072995,45.64047227],[-73.8905453,45.63909637],[-73.8955865,45.6390172],[-73.89307519,45.63760419],[-73.90264311,45.63566319],[-73.90426102,45.63589139],[-73.91708422,45.63367669],[-73.92030057,45.63385866],[-73.93040151,45.64019159],[-73.9313833,45.63944328],[-73.90937947,45.625168],[-73.89690584,45.61740748],[-73.87972718,45.60625681],[-73.87977568,45.60174296],[-73.87379557,45.59759232],[-73.86946775,45.59920637],[-73.86493224,45.59677593]]]},"properties":{"ADAIDU":"24730017","IDUGD":"2021S051624730017","SUPTERRE":17.0086,"PRIDU":"24"},"bbox":[-73.9313833,45.59677593,-73.8359974,45.64941595]},{"type":"Feature","geometry":{"type":"MultiPolygon","coordinates":[[[[-73.8373055,45.5824431],[-73.84074518,45.5812271],[-73.83855061,45.58068471],[-73.8373055,45.5824431]]],[[[-73.81562299,45.60985989],[-73.81362559,45.6103242],[-73.8123876,45.61364801],[-73.8154523,45.61142599],[-73.81562299,45.60985989]]],[[[-73.82645529,45.6096224],[-73.8288197,45.60835591],[-73.82786329,45.60483129],[-73.82823149,45.5998182],[-73.82657579,45.599472],[-73.82684821,45.60442929],[-73.82562101,45.60948091],[-73.82645529,45.6096224]]],[[[-73.81531719,45.6124792],[-73.81418331,45.61377799],[-73.82098511,45.61262541],[-73.8210161,45.60908],[-73.8195103,45.60804941],[-73.8168011,45.6096046],[-73.81531719,45.6124792]]],[[[-73.84075599,45.58301779],[-73.8371114,45.58642089],[-73.83347181,45.5885912],[-73.83530659,45.5932469],[-73.83679641,45.59374651],[-73.83340111,45.5983095],[-73.8289536,45.60055399],[-73.82931499,45.60536711],[-73.83220269,45.6080762],[-73.82923601,45.6093894],[-73.827287,45.6115547],[-73.82548361,45.6100841],[-73.8215541,45.61346961],[-73.81857539,45.61502561],[-73.8138851,45.61547951],[-73.81044056,45.61855197],[-73.812347,45.61944895],[-73.82846728,45.63021689],[-73.8359974,45.62903207],[-73.84248028,45.62577541],[-73.8486231,45.62160249],[-73.83980726,45.61574823],[-73.83882248,45.61435068],[-73.8351967,45.61371191],[-73.83061185,45.61058479],[-73.83575155,45.60489346],[-73.83934307,45.59837347],[-73.84271026,45.59322112],[-73.84778213,45.58918059],[-73.84075599,45.58301779]]]]},"properties":{"ADAIDU":"24730018","IDUGD":"2021S051624730018","SUPTERRE":5.783,"PRIDU":"24"},"bbox":[-73.8486231,45.58068471,-73.81044056,45.63021689]},{"type":"Feature","geometry":{"type":"Polygon","coordinates":[[[-73.84778213,45.58918059],[-73.84271026,45.59322112],[-73.83934307,45.59837347],[-73.83575155,45.60489346],[-73.83061185,45.61058479],[-73.8351967,45.61371191],[-73.83882248,45.61435068],[-73.83980726,45.61574823],[-73.8486231,45.62160249],[-73.85078692,45.61576089],[-73.85601734,45.60776334],[-73.86493224,45.59677593],[-73.85358517,45.58978782],[-73.84962568,45.5876906],[-73.84778213,45.58918059]]]},"properties":{"ADAIDU":"24730019","IDUGD":"2021S051624730019","SUPTERRE":4.8818,"PRIDU":"24"},"bbox":[-73.86493224,45.5876906,-73.83061185,45.62160249]},{"type":"Feature","geometry":{"type":"Polygon","coordinates":[[[-73.82402253,45.81691513],[-73.84735267,45.81246497],[-73.86868104,45.80858802],[-73.86022588,45.8022881],[-73.91202087,45.76605131],[-73.89006978,45.75121263],[-73.88553771,45.74791148],[-73.86650243,45.73497748],[-73.86078479,45.73159596],[-73.85001125,45.72406851],[-73.84646376,45.72176233],[-73.84200883,45.72182583],[-73.83923251,45.72269475],[-73.8352439,45.72172716],[-73.81742529,45.71952446],[-73.80168449,45.7195372],[-73.79753422,45.71640422],[-73.79394275,45.71737122],[-73.79254445,45.71580891],[-73.78610879,45.71576824],[-73.77101326,45.71285848],[-73.76476238,45.71277836],[-73.76103528,45.71419318],[-73.75568843,45.71711445],[-73.75860113,45.72631648],[-73.75754562,45.72971941],[-73.75197538,45.73068191],[-73.75094649,45.73275457],[-73.74533549,45.7323894],[-73.74750495,45.73853114],[-73.75046075,45.75009554],[-73.73069975,45.75431884],[-73.74763545,45.76612379],[-73.77642032,45.78533661],[-73.7849067,45.79022363],[-73.79386514,45.7966105],[-73.82402253,45.81691513]]]},"properties":{"ADAIDU":"24730020","IDUGD":"2021S051624730020","SUPTERRE":93.445,"PRIDU":"24"},"bbox":[-73.91202087,45.71277836,-73.73069975,45.81691513]},{"type":"Feature","geometry":{"type":"Polygon","coordinates":[[[-73.91202087,45.76605131],[-73.92073399,45.77139367],[-73.94755008,45.78940607],[-73.96042779,45.77985824],[-73.95979296,45.77941351],[-73.96517924,45.77563958],[-73.97256475,45.76815254],[-73.9684884,45.76546637],[-73.97199911,45.7656095],[-73.97650091,45.76434011],[-73.96820931,45.75874865],[-73.97864306,45.75058298],[-73.977192,45.74948515],[-73.98168912,45.7456906],[-73.99460642,45.75297988],[-73.99795362,45.75515459],[-74.00051467,45.7526054],[-74.00045579,45.74941937],[-74.00264691,45.74852514],[-74.00510665,45.74906608],[-74.00951928,45.75198754],[-74.01503464,45.75333562],[-73.99631781,45.74118289],[-73.98359375,45.73470647],[-73.97266187,45.7277427],[-73.97110293,45.72603182],[-73.97001643,45.72221186],[-73.9705618,45.7189934],[-73.96963832,45.71501526],[-73.96747712,45.71281043],[-73.951261,45.70212386],[-73.93727189,45.69292629],[-73.9379512,45.6944173],[-73.93506981,45.6970648],[-73.93352799,45.69692681],[-73.92872249,45.7032435],[-73.92506299,45.7050208],[-73.9244484,45.70695771],[-73.91770079,45.70972701],[-73.91633769,45.71123471],[-73.91186309,45.71232171],[-73.91239961,45.71366051],[-73.9098113,45.71627919],[-73.90439369,45.72027569],[-73.90489329,45.7218576],[-73.89932418,45.72091441],[-73.88899038,45.72383841],[-73.88725269,45.72334939],[-73.88641389,45.72653749],[-73.8847813,45.72827069],[-73.88212798,45.7272898],[-73.87920552,45.72830729],[-73.8788645,45.72726471],[-73.8727934,45.7281575],[-73.86663561,45.73154061],[-73.86078479,45.73159596],[-73.86650243,45.73497748],[-73.88553771,45.74791148],[-73.89006978,45.75121263],[-73.91202087,45.76605131]]]},"properties":{"ADAIDU":"24740001","IDUGD":"2021S051624740001","SUPTERRE":52.4058,"PRIDU":"24"},"bbox":[-74.01503464,45.69292629,-73.86078479,45.78940607]},{"type":"Feature","geometry":{"type":"Polygon","coordinates":[[[-73.85001125,45.72406851],[-73.86078479,45.73159596],[-73.86663561,45.73154061],[-73.8727934,45.7281575],[-73.8788645,45.72726471],[-73.87920552,45.72830729],[-73.88212798,45.7272898],[-73.8847813,45.72827069],[-73.88641389,45.72653749],[-73.88725269,45.72334939],[-73.88899038,45.72383841],[-73.89932418,45.72091441],[-73.90489329,45.7218576],[-73.90439369,45.72027569],[-73.9098113,45.71627919],[-73.91239961,45.71366051],[-73.91186309,45.71232171],[-73.91633769,45.71123471],[-73.91770079,45.70972701],[-73.9244484,45.70695771],[-73.92506299,45.7050208],[-73.92872249,45.7032435],[-73.93352799,45.69692681],[-73.93506981,45.6970648],[-73.9379512,45.6944173],[-73.93727189,45.69292629],[-73.92567298,45.68530537],[-73.91319603,45.69484409],[-73.91579629,45.69651966],[-73.90804596,45.70240969],[-73.90665281,45.70275984],[-73.90167008,45.70454547],[-73.89903628,45.70808301],[-73.89476104,45.71103299],[-73.8919059,45.71087791],[-73.89093448,45.71438736],[-73.88586842,45.71378568],[-73.87602011,45.71669111],[-73.87600166,45.71893831],[-73.86930069,45.72085831],[-73.85797573,45.72252338],[-73.85297234,45.72472181],[-73.85001125,45.72406851]]]},"properties":{"ADAIDU":"24740002","IDUGD":"2021S051624740002","SUPTERRE":8.8892,"PRIDU":"24"},"bbox":[-73.9379512,45.68530537,-73.85001125,45.73159596]},{"type":"Feature","geometry":{"type":"Polygon","coordinates":[[[-74.01503464,45.75333562],[-74.01916278,45.74979868],[-74.02414524,45.74747334],[-74.02759282,45.74348505],[-74.03077366,45.74363687],[-74.05210969,45.75782337],[-74.0736249,45.74821839],[-74.05696382,45.73710307],[-74.05797112,45.73526507],[-74.05745814,45.73119736],[-74.06276685,45.73094183],[-74.06570578,45.73244002],[-74.07599633,45.72622695],[-74.07931087,45.72588047],[-74.08045052,45.72390556],[-74.08505297,45.722707],[-74.08660147,45.72047662],[-74.090408,45.71812257],[-74.09183873,45.71186539],[-74.09981159,45.70716394],[-74.10409252,45.70564671],[-74.10683051,45.70342749],[-74.11346675,45.69997769],[-74.11726198,45.69912241],[-74.12257053,45.69988336],[-74.12867231,45.697721],[-74.12881645,45.70010552],[-74.1315014,45.70053863],[-74.14713005,45.69634177],[-74.1502004,45.69454298],[-74.14818653,45.6927785],[-74.11516513,45.66937299],[-74.11166891,45.66802866],[-74.10728435,45.64759792],[-74.09503002,45.64004784],[-74.07603794,45.63215115],[-74.05602941,45.62864986],[-74.02739138,45.62066177],[-74.01696153,45.63193337],[-74.00357216,45.63746911],[-73.9963265,45.63981968],[-73.95784153,45.65272355],[-73.95407939,45.65414163],[-73.98571049,45.67463271],[-73.95540525,45.69897313],[-73.951261,45.70212386],[-73.96747712,45.71281043],[-73.96963832,45.71501526],[-73.9705618,45.7189934],[-73.97001643,45.72221186],[-73.97110293,45.72603182],[-73.97266187,45.7277427],[-73.98359375,45.73470647],[-73.99631781,45.74118289],[-74.01503464,45.75333562]]]},"properties":{"ADAIDU":"24740003","IDUGD":"2021S051624740003","SUPTERRE":130.712,"PRIDU":"24"},"bbox":[-74.1502004,45.62066177,-73.951261,45.75782337]},{"type":"Feature","geometry":{"type":"Polygon","coordinates":[[[-73.89690584,45.61740748],[-73.90937947,45.625168],[-73.9313833,45.63944328],[-73.93040151,45.64019159],[-73.92030057,45.63385866],[-73.91708422,45.63367669],[-73.90426102,45.63589139],[-73.90264311,45.63566319],[-73.89307519,45.63760419],[-73.8955865,45.6390172],[-73.8905453,45.63909637],[-73.89072995,45.64047227],[-73.88820216,45.64107853],[-73.8856596,45.63849496],[-73.8839276,45.6392189],[-73.88019079,45.63861959],[-73.87922418,45.6398645],[-73.87210357,45.64177243],[-73.88137651,45.64917484],[-73.87742589,45.64941595],[-73.86704017,45.64251841],[-73.8639091,45.64373354],[-73.88071245,45.65523314],[-73.8975125,45.66618016],[-73.90565673,45.67147161],[-73.91720041,45.67972965],[-73.92567298,45.68530537],[-73.93727189,45.69292629],[-73.951261,45.70212386],[-73.95540525,45.69897313],[-73.98571049,45.67463271],[-73.95407939,45.65414163],[-73.95784153,45.65272355],[-73.9963265,45.63981968],[-73.98493224,45.63832545],[-73.98159227,45.62854772],[-73.98158793,45.62622405],[-73.98529081,45.62438731],[-73.98538347,45.62303286],[-73.99110086,45.62205951],[-74.00366532,45.62479946],[-74.00583998,45.62365727],[-74.00618566,45.61896988],[-74.00920986,45.61549085],[-74.00130393,45.61306621],[-73.9737204,45.60848469],[-73.95098573,45.61103965],[-73.95116073,45.61653157],[-73.94434233,45.62172167],[-73.94414744,45.61865364],[-73.93293552,45.61993251],[-73.93287496,45.6165569],[-73.9165635,45.60578164],[-73.91416541,45.60587104],[-73.90522915,45.61290084],[-73.90302517,45.61031059],[-73.90070261,45.6102698],[-73.90034965,45.60708113],[-73.89591355,45.60648818],[-73.89690584,45.61740748]]]},"properties":{"ADAIDU":"24740004","IDUGD":"2021S051624740004","SUPTERRE":56.0846,"PRIDU":"24"},"bbox":[-74.00920986,45.60578164,-73.8639091,45.70212386]},{"type":"Feature","geometry":{"type":"Polygon","coordinates":[[[-73.95098573,45.61103965],[-73.9737204,45.60848469],[-74.00130393,45.61306621],[-74.00920986,45.61549085],[-74.00618566,45.61896988],[-74.00583998,45.62365727],[-74.00366532,45.62479946],[-73.99110086,45.62205951],[-73.98538347,45.62303286],[-73.98529081,45.62438731],[-73.98158793,45.62622405],[-73.98159227,45.62854772],[-73.98493224,45.63832545],[-73.9963265,45.63981968],[-74.00357216,45.63746911],[-74.01696153,45.63193337],[-74.02739138,45.62066177],[-74.05602941,45.62864986],[-74.07603794,45.63215115],[-74.09503002,45.64004784],[-74.10728435,45.64759792],[-74.11166891,45.66802866],[-74.11516513,45.66937299],[-74.14818653,45.6927785],[-74.1502004,45.69454298],[-74.15288624,45.69330844],[-74.15993208,45.69162554],[-74.16693044,45.68851925],[-74.17337925,45.68934881],[-74.1812088,45.69091912],[-74.18502571,45.68929526],[-74.18695438,45.68484052],[-74.19047158,45.68763453],[-74.19288479,45.68777651],[-74.1974259,45.68566733],[-74.19877229,45.68406551],[-74.19720461,45.68214125],[-74.19845414,45.68120113],[-74.20534603,45.68265888],[-74.20597101,45.68099347],[-74.20316108,45.67967055],[-74.20209796,45.67711259],[-74.20364044,45.67480931],[-74.20867377,45.67166845],[-74.21201313,45.67117303],[-74.20855865,45.68537739],[-74.20841935,45.686962],[-74.21020153,45.68781814],[-74.21455199,45.68684902],[-74.21177858,45.70052695],[-74.22347894,45.69937342],[-74.22625994,45.68732186],[-74.23523183,45.69692076],[-74.24187987,45.69626569],[-74.23956386,45.69196342],[-74.24231597,45.6903956],[-74.24009105,45.68713616],[-74.24914838,45.68327151],[-74.25375116,45.68820241],[-74.265567,45.68174039],[-74.25755143,45.67243276],[-74.2556331,45.67086531],[-74.2518465,45.66413271],[-74.24885809,45.66322837],[-74.2453624,45.64693137],[-74.26296973,45.64941099],[-74.26444352,45.64307827],[-74.26752012,45.63230423],[-74.26574024,45.63179369],[-74.24522108,45.62889668],[-74.22282795,45.62598457],[-74.2294945,45.60052586],[-74.23100483,45.59154817],[-74.23487916,45.57634333],[-74.23594617,45.57416278],[-74.23814762,45.56589108],[-74.24090006,45.55182574],[-74.24141657,45.54930024],[-74.23813473,45.54874177],[-74.21366405,45.56439888],[-74.19117427,45.57927342],[-74.1750326,45.56841468],[-74.14841233,45.54894308],[-74.14514969,45.55117064],[-74.13907956,45.54651883],[-74.12324769,45.53499199],[-74.13636031,45.52622654],[-74.12102697,45.51474455],[-74.11480078,45.51916645],[-74.11355005,45.51821296],[-74.09121345,45.53457723],[-74.07402581,45.52193938],[-74.06748355,45.52653492],[-74.08401919,45.53903104],[-74.08071228,45.54120509],[-74.04903065,45.56239865],[-74.04514332,45.56094177],[-74.03522256,45.56818799],[-74.03014419,45.5670709],[-74.02581786,45.56748181],[-74.0203932,45.57751751],[-74.01507541,45.57609291],[-74.01219181,45.5760249],[-74.00969331,45.5774398],[-74.01193008,45.5782487],[-74.0113403,45.579628],[-74.0062696,45.57860679],[-74.0040955,45.57907541],[-74.00316971,45.5772708],[-73.99865341,45.57803751],[-73.9988409,45.576075],[-73.99185511,45.57723901],[-73.98847901,45.57504],[-73.98764541,45.57235841],[-73.9779798,45.5815399],[-73.98284053,45.59988045],[-73.98104509,45.60204898],[-73.96095497,45.60513703],[-73.95960969,45.60622189],[-73.9564434,45.60466879],[-73.95294942,45.6053937],[-73.95060512,45.6024155],[-73.95098573,45.61103965]]]},"properties":{"ADAIDU":"24740005","IDUGD":"2021S051624740005","SUPTERRE":236.0034,"PRIDU":"24"},"bbox":[-74.26752012,45.51474455,-73.95060512,45.70052695]},{"type":"Feature","geometry":{"type":"Polygon","coordinates":[[[-74.00212522,45.99776529],[-74.00707394,45.9940108],[-74.03453124,45.97454156],[-74.05310633,45.96052135],[-74.06819294,45.95084174],[-74.06941153,45.95164615],[-74.08876269,45.94030374],[-74.09291523,45.93733318],[-74.07773709,45.92749283],[-74.09272709,45.91738791],[-74.08653489,45.9116084],[-74.07642241,45.90478253],[-74.08327474,45.89991789],[-74.08011084,45.89768595],[-74.08262305,45.89595978],[-74.07389497,45.8899252],[-74.05768142,45.90006862],[-74.05084115,45.90490374],[-74.04243845,45.89884568],[-74.04491383,45.89793727],[-74.04403282,45.89540256],[-74.04586302,45.89465272],[-74.04231662,45.89181566],[-74.02875146,45.88312326],[-74.0277416,45.87969339],[-74.020861,45.87817741],[-74.01674841,45.87923979],[-74.0166668,45.88155261],[-74.013378,45.8825662],[-74.0090159,45.87919813],[-74.01989052,45.87064186],[-74.0263329,45.86596222],[-74.03284434,45.8619902],[-74.04164857,45.85471824],[-74.03304743,45.84801505],[-74.03014455,45.84907113],[-74.00973152,45.854616],[-73.99815178,45.85808571],[-73.95975691,45.86849123],[-73.94372795,45.87309663],[-73.92926311,45.87691825],[-73.90160358,45.88540045],[-73.89333807,45.88698918],[-73.88338656,45.88952571],[-73.91099388,45.9070629],[-73.91719631,45.91169637],[-73.93618361,45.92411379],[-73.9498668,45.93361225],[-73.95084735,45.9340241],[-73.93575747,45.94532927],[-73.94483126,45.95012374],[-73.95377034,45.95423561],[-73.94761172,45.95851105],[-73.97721936,45.97793197],[-73.97577535,45.97910312],[-74.00212522,45.99776529]]]},"properties":{"ADAIDU":"24750001","IDUGD":"2021S051624750001","SUPTERRE":119.5022,"PRIDU":"24"},"bbox":[-74.09291523,45.84801505,-73.88338656,45.99776529]},{"type":"Feature","geometry":{"type":"Polygon","coordinates":[[[-73.90160358,45.88540045],[-73.92926311,45.87691825],[-73.94372795,45.87309663],[-73.95975691,45.86849123],[-73.99815178,45.85808571],[-74.00973152,45.854616],[-74.03014455,45.84907113],[-74.03304743,45.84801505],[-74.02306863,45.84081053],[-73.98327245,45.81383058],[-73.97276662,45.80738183],[-73.96026279,45.79904357],[-73.94755008,45.78940607],[-73.92073399,45.77139367],[-73.91202087,45.76605131],[-73.86022588,45.8022881],[-73.86868104,45.80858802],[-73.84735267,45.81246497],[-73.82402253,45.81691513],[-73.80677512,45.82083972],[-73.83098209,45.83769984],[-73.87688463,45.8691778],[-73.90160358,45.88540045]]]},"properties":{"ADAIDU":"24750002","IDUGD":"2021S051624750002","SUPTERRE":111.2002,"PRIDU":"24"},"bbox":[-74.03304743,45.76605131,-73.80677512,45.88540045]},{"type":"Feature","geometry":{"type":"Polygon","coordinates":[[[-74.07389497,45.8899252],[-74.08023397,45.88549775],[-74.08486244,45.88841784],[-74.08737698,45.88659077],[-74.07968137,45.88113256],[-74.08863805,45.87877572],[-74.0886706,45.8803135],[-74.09091511,45.88179561],[-74.09411771,45.8812841],[-74.10119583,45.88264116],[-74.1015259,45.8809017],[-74.11042415,45.87858188],[-74.10942409,45.87693901],[-74.10168552,45.87642091],[-74.09919005,45.8752959],[-74.10172953,45.87214496],[-74.1023886,45.86927798],[-74.09901762,45.8696791],[-74.09744427,45.8652682],[-74.10509635,45.86462056],[-74.09949881,45.86236926],[-74.10188571,45.86039996],[-74.10164867,45.85847048],[-74.11185874,45.85741296],[-74.10466183,45.8481688],[-74.10098922,45.84852919],[-74.09817566,45.84625405],[-74.09073067,45.84704933],[-74.07373206,45.84949784],[-74.06774622,45.85046122],[-74.06390465,45.84534643],[-74.06504888,45.83848263],[-74.05665202,45.82931747],[-74.05599467,45.82425474],[-74.04992936,45.8177332],[-74.04402665,45.81883761],[-74.02694978,45.82027981],[-74.02434399,45.81802112],[-74.02115688,45.82161531],[-74.02085175,45.82450948],[-74.02626869,45.82388051],[-74.02667701,45.82522885],[-74.03139683,45.82497445],[-74.03374594,45.82849007],[-74.02980564,45.82920804],[-74.03237807,45.8343911],[-74.03516336,45.83374648],[-74.03825821,45.83708238],[-74.02306863,45.84081053],[-74.03304743,45.84801505],[-74.04164857,45.85471824],[-74.03284434,45.8619902],[-74.0263329,45.86596222],[-74.01989052,45.87064186],[-74.0090159,45.87919813],[-74.013378,45.8825662],[-74.0166668,45.88155261],[-74.01674841,45.87923979],[-74.020861,45.87817741],[-74.0277416,45.87969339],[-74.02875146,45.88312326],[-74.04231662,45.89181566],[-74.04586302,45.89465272],[-74.04403282,45.89540256],[-74.04491383,45.89793727],[-74.04243845,45.89884568],[-74.05084115,45.90490374],[-74.05768142,45.90006862],[-74.07389497,45.8899252]]]},"properties":{"ADAIDU":"24750003","IDUGD":"2021S051624750003","SUPTERRE":34.2909,"PRIDU":"24"},"bbox":[-74.11185874,45.8177332,-74.0090159,45.90490374]},{"type":"Feature","geometry":{"type":"Polygon","coordinates":[[[-73.9952894,45.79574508],[-73.99794549,45.80714274],[-74.01244173,45.80556921],[-74.01354661,45.809688],[-74.01932394,45.80900582],[-74.01868879,45.80397076],[-74.01703571,45.8032242],[-74.01669088,45.80071531],[-74.01450128,45.7962262],[-74.01261541,45.7953889],[-74.01063341,45.7924554],[-74.0095799,45.78834801],[-74.0064088,45.78472691],[-74.00440631,45.78371909],[-74.0059312,45.78026611],[-74.00092166,45.78072238],[-74.00064935,45.78277707],[-73.99631105,45.783304],[-73.9968687,45.79143348],[-74.00030807,45.7951755],[-73.9952894,45.79574508]]]},"properties":{"ADAIDU":"24750008","IDUGD":"2021S051624750008","SUPTERRE":3.252,"PRIDU":"24"},"bbox":[-74.01932394,45.78026611,-73.9952894,45.809688]},{"type":"Feature","geometry":{"type":"Polygon","coordinates":[[[-73.97650091,45.76434011],[-73.9814159,45.76330271],[-73.98441921,45.76348545],[-73.98930531,45.76675842],[-73.99418419,45.76868028],[-73.99014571,45.77254703],[-73.99070294,45.77482094],[-73.98262914,45.77559809],[-73.98226042,45.77758828],[-73.97936635,45.7786945],[-73.98286637,45.7809165],[-73.97953202,45.7836168],[-73.98150371,45.785127],[-73.99631105,45.783304],[-73.99636443,45.78072577],[-73.99798653,45.77447842],[-73.99529668,45.77145566],[-73.99501598,45.76792045],[-73.9988612,45.76320648],[-74.00000165,45.76002918],[-73.9975344,45.75719599],[-73.99795362,45.75515459],[-73.99460642,45.75297988],[-73.98168912,45.7456906],[-73.977192,45.74948515],[-73.97864306,45.75058298],[-73.96820931,45.75874865],[-73.97650091,45.76434011]]]},"properties":{"ADAIDU":"24750009","IDUGD":"2021S051624750009","SUPTERRE":4.8499,"PRIDU":"24"},"bbox":[-74.00000165,45.7456906,-73.96820931,45.785127]},{"type":"Feature","geometry":{"type":"Polygon","coordinates":[[[-74.0059312,45.78026611],[-74.02959777,45.7783791],[-74.02858892,45.77246165],[-74.03181321,45.77278339],[-74.03273582,45.77016923],[-74.03125401,45.76817445],[-74.02738269,45.76659217],[-74.0234537,45.76398657],[-74.02083449,45.76453945],[-74.02029917,45.76116515],[-74.01506555,45.76648811],[-74.01331596,45.76453576],[-74.00910863,45.76235521],[-73.99795362,45.75515459],[-73.9975344,45.75719599],[-74.00000165,45.76002918],[-73.9988612,45.76320648],[-73.99501598,45.76792045],[-73.99529668,45.77145566],[-73.99798653,45.77447842],[-73.99636443,45.78072577],[-73.99631105,45.783304],[-74.00064935,45.78277707],[-74.00092166,45.78072238],[-74.0059312,45.78026611]]]},"properties":{"ADAIDU":"24750010","IDUGD":"2021S051624750010","SUPTERRE":4.8032,"PRIDU":"24"},"bbox":[-74.03273582,45.75515459,-73.99501598,45.783304]},{"type":"Feature","geometry":{"type":"Polygon","coordinates":[[[-74.05210969,45.75782337],[-74.03916969,45.76369622],[-74.05736388,45.76744564],[-74.07742502,45.77177738],[-74.09372537,45.77502072],[-74.12006695,45.78078985],[-74.14112116,45.78547779],[-74.15751072,45.78948669],[-74.18225481,45.79510879],[-74.18339262,45.79165359],[-74.18436004,45.78577915],[-74.18547825,45.78434879],[-74.18829412,45.77488397],[-74.19506323,45.75008392],[-74.19875929,45.72694304],[-74.2039118,45.70507609],[-74.20841935,45.686962],[-74.20855865,45.68537739],[-74.21201313,45.67117303],[-74.20867377,45.67166845],[-74.20364044,45.67480931],[-74.20209796,45.67711259],[-74.20316108,45.67967055],[-74.20597101,45.68099347],[-74.20534603,45.68265888],[-74.19845414,45.68120113],[-74.19720461,45.68214125],[-74.19877229,45.68406551],[-74.1974259,45.68566733],[-74.19288479,45.68777651],[-74.19047158,45.68763453],[-74.18695438,45.68484052],[-74.18502571,45.68929526],[-74.1812088,45.69091912],[-74.17337925,45.68934881],[-74.16693044,45.68851925],[-74.15993208,45.69162554],[-74.15288624,45.69330844],[-74.1502004,45.69454298],[-74.14713005,45.69634177],[-74.1315014,45.70053863],[-74.12881645,45.70010552],[-74.12867231,45.697721],[-74.12257053,45.69988336],[-74.11726198,45.69912241],[-74.11346675,45.69997769],[-74.10683051,45.70342749],[-74.10409252,45.70564671],[-74.09981159,45.70716394],[-74.09183873,45.71186539],[-74.090408,45.71812257],[-74.08660147,45.72047662],[-74.08505297,45.722707],[-74.08045052,45.72390556],[-74.07931087,45.72588047],[-74.07599633,45.72622695],[-74.06570578,45.73244002],[-74.06276685,45.73094183],[-74.05745814,45.73119736],[-74.05797112,45.73526507],[-74.05696382,45.73710307],[-74.0736249,45.74821839],[-74.05210969,45.75782337]]]},"properties":{"ADAIDU":"24750011","IDUGD":"2021S051624750011","SUPTERRE":92.705,"PRIDU":"24"},"bbox":[-74.21201313,45.67117303,-74.03916969,45.79510879]},{"type":"Feature","geometry":{"type":"Polygon","coordinates":[[[-74.02306863,45.84081053],[-74.03825821,45.83708238],[-74.03516336,45.83374648],[-74.03237807,45.8343911],[-74.02980564,45.82920804],[-74.03374594,45.82849007],[-74.03139683,45.82497445],[-74.02667701,45.82522885],[-74.02626869,45.82388051],[-74.02085175,45.82450948],[-74.02115688,45.82161531],[-74.02434399,45.81802112],[-74.02694978,45.82027981],[-74.04402665,45.81883761],[-74.04992936,45.8177332],[-74.04901267,45.81566011],[-74.04418292,45.81424261],[-74.03956776,45.80835569],[-74.0270207,45.79759095],[-74.02473624,45.79628013],[-74.02915881,45.79592505],[-74.02887681,45.7947373],[-74.03857195,45.79346317],[-74.03620197,45.78298499],[-74.03212333,45.78097272],[-74.03118011,45.7781899],[-74.02959777,45.7783791],[-74.0059312,45.78026611],[-74.00440631,45.78371909],[-74.0064088,45.78472691],[-74.0095799,45.78834801],[-74.01063341,45.7924554],[-74.01261541,45.7953889],[-74.01450128,45.7962262],[-74.01669088,45.80071531],[-74.01703571,45.8032242],[-74.01868879,45.80397076],[-74.01932394,45.80900582],[-74.01354661,45.809688],[-74.01244173,45.80556921],[-73.99794549,45.80714274],[-73.9952894,45.79574508],[-73.98336354,45.79712304],[-73.98041582,45.80093698],[-73.9850016,45.80322069],[-73.98472359,45.80527972],[-73.97276662,45.80738183],[-73.98327245,45.81383058],[-74.02306863,45.84081053]]]},"properties":{"ADAIDU":"24750012","IDUGD":"2021S051624750012","SUPTERRE":17.0406,"PRIDU":"24"},"bbox":[-74.04992936,45.7781899,-73.97276662,45.84081053]},{"type":"Feature","geometry":{"type":"Polygon","coordinates":[[[-74.07373206,45.84949784],[-74.06731159,45.83869226],[-74.05977245,45.83042254],[-74.05596619,45.82193472],[-74.04808429,45.81343946],[-74.05650802,45.81181978],[-74.05645867,45.80246893],[-74.05602425,45.79779612],[-74.05519238,45.79704116],[-74.05351699,45.78996049],[-74.04887945,45.79203966],[-74.04168827,45.79419565],[-74.03228603,45.79503587],[-74.02915881,45.79592505],[-74.02473624,45.79628013],[-74.0270207,45.79759095],[-74.03956776,45.80835569],[-74.04418292,45.81424261],[-74.04901267,45.81566011],[-74.04992936,45.8177332],[-74.05599467,45.82425474],[-74.05665202,45.82931747],[-74.06504888,45.83848263],[-74.06390465,45.84534643],[-74.06774622,45.85046122],[-74.07373206,45.84949784]]]},"properties":{"ADAIDU":"24750013","IDUGD":"2021S051624750013","SUPTERRE":4.5477,"PRIDU":"24"},"bbox":[-74.07373206,45.78996049,-74.02473624,45.85046122]},{"type":"Feature","geometry":{"type":"Polygon","coordinates":[[[-73.99795362,45.75515459],[-74.00910863,45.76235521],[-74.01331596,45.76453576],[-74.01506555,45.76648811],[-74.02029917,45.76116515],[-74.02083449,45.76453945],[-74.0234537,45.76398657],[-74.02738269,45.76659217],[-74.03125401,45.76817445],[-74.03273582,45.77016923],[-74.03181321,45.77278339],[-74.02858892,45.77246165],[-74.02959777,45.7783791],[-74.03118011,45.7781899],[-74.03212333,45.78097272],[-74.03620197,45.78298499],[-74.03857195,45.79346317],[-74.02887681,45.7947373],[-74.02915881,45.79592505],[-74.03228603,45.79503587],[-74.04168827,45.79419565],[-74.04887945,45.79203966],[-74.05351699,45.78996049],[-74.05519238,45.79704116],[-74.05602425,45.79779612],[-74.05645867,45.80246893],[-74.05650802,45.81181978],[-74.04808429,45.81343946],[-74.05596619,45.82193472],[-74.05977245,45.83042254],[-74.06731159,45.83869226],[-74.07373206,45.84949784],[-74.09073067,45.84704933],[-74.08881527,45.83989938],[-74.0931269,45.83937925],[-74.09390472,45.83819752],[-74.09277199,45.83121433],[-74.09115071,45.83066183],[-74.1057438,45.82803757],[-74.10805255,45.83129762],[-74.12289858,45.82962513],[-74.12334919,45.83112945],[-74.12613377,45.83144151],[-74.13415956,45.82467304],[-74.1419544,45.81933743],[-74.12857688,45.81510985],[-74.11424199,45.80978836],[-74.11166574,45.80547056],[-74.11860565,45.80402766],[-74.11649568,45.80128714],[-74.11566714,45.79820272],[-74.11353141,45.79728931],[-74.11036755,45.79391053],[-74.10495419,45.78957108],[-74.10356086,45.78587894],[-74.1044175,45.78344461],[-74.12006695,45.78078985],[-74.09372537,45.77502072],[-74.07742502,45.77177738],[-74.05736388,45.76744564],[-74.03916969,45.76369622],[-74.05210969,45.75782337],[-74.03077366,45.74363687],[-74.02759282,45.74348505],[-74.02414524,45.74747334],[-74.01916278,45.74979868],[-74.01503464,45.75333562],[-74.00951928,45.75198754],[-74.00510665,45.74906608],[-74.00264691,45.74852514],[-74.00045579,45.74941937],[-74.00051467,45.7526054],[-73.99795362,45.75515459]]]},"properties":{"ADAIDU":"24750014","IDUGD":"2021S051624750014","SUPTERRE":45.7265,"PRIDU":"24"},"bbox":[-74.1419544,45.74348505,-73.99795362,45.84949784]},{"type":"Feature","geometry":{"type":"Polygon","coordinates":[[[-73.94755008,45.78940607],[-73.96026279,45.79904357],[-73.97276662,45.80738183],[-73.98472359,45.80527972],[-73.9850016,45.80322069],[-73.98041582,45.80093698],[-73.98336354,45.79712304],[-73.9952894,45.79574508],[-74.00030807,45.7951755],[-73.9968687,45.79143348],[-73.99631105,45.783304],[-73.98150371,45.785127],[-73.97953202,45.7836168],[-73.98286637,45.7809165],[-73.97936635,45.7786945],[-73.98226042,45.77758828],[-73.98262914,45.77559809],[-73.99070294,45.77482094],[-73.99014571,45.77254703],[-73.99418419,45.76868028],[-73.98930531,45.76675842],[-73.98441921,45.76348545],[-73.9814159,45.76330271],[-73.97650091,45.76434011],[-73.97199911,45.7656095],[-73.9684884,45.76546637],[-73.97256475,45.76815254],[-73.96517924,45.77563958],[-73.95979296,45.77941351],[-73.96042779,45.77985824],[-73.94755008,45.78940607]]]},"properties":{"ADAIDU":"24750015","IDUGD":"2021S051624750015","SUPTERRE":9.9599,"PRIDU":"24"},"bbox":[-74.00030807,45.76330271,-73.94755008,45.80738183]},{"type":"Feature","geometry":{"type":"Polygon","coordinates":[[[-74.18339262,45.79165359],[-74.23275955,45.80436282],[-74.2394147,45.80592835],[-74.27707848,45.81562085],[-74.30044554,45.82183575],[-74.31011949,45.82405338],[-74.31069956,45.81810368],[-74.31377892,45.79308154],[-74.32112907,45.76420708],[-74.3279691,45.73878601],[-74.31417203,45.73541175],[-74.27548385,45.72496765],[-74.27464326,45.72353414],[-74.2039118,45.70507609],[-74.19875929,45.72694304],[-74.19506323,45.75008392],[-74.18829412,45.77488397],[-74.18547825,45.78434879],[-74.18436004,45.78577915],[-74.18339262,45.79165359]]]},"properties":{"ADAIDU":"24760003","IDUGD":"2021S051624760003","SUPTERRE":90.0416,"PRIDU":"24"},"bbox":[-74.3279691,45.70507609,-74.18339262,45.82405338]},{"type":"Feature","geometry":{"type":"Polygon","coordinates":[[[-74.20841935,45.686962],[-74.2039118,45.70507609],[-74.27464326,45.72353414],[-74.27548385,45.72496765],[-74.31417203,45.73541175],[-74.3279691,45.73878601],[-74.33182704,45.72513453],[-74.33313065,45.71915807],[-74.34756904,45.66764098],[-74.3556988,45.66840381],[-74.36718069,45.67027428],[-74.36795538,45.66674753],[-74.37414663,45.64688228],[-74.37992006,45.62928965],[-74.35864253,45.62608079],[-74.36100362,45.62132073],[-74.34949227,45.61972464],[-74.34407351,45.61939095],[-74.3329106,45.61791403],[-74.31680019,45.62195579],[-74.31048979,45.62580815],[-74.30688956,45.61929885],[-74.30022281,45.6178231],[-74.2946913,45.6183836],[-74.28782689,45.61656248],[-74.28197809,45.60472996],[-74.27920148,45.60535332],[-74.25258495,45.60228335],[-74.2294945,45.60052586],[-74.22282795,45.62598457],[-74.24522108,45.62889668],[-74.26574024,45.63179369],[-74.26752012,45.63230423],[-74.26444352,45.64307827],[-74.26296973,45.64941099],[-74.2453624,45.64693137],[-74.24885809,45.66322837],[-74.2518465,45.66413271],[-74.2556331,45.67086531],[-74.25755143,45.67243276],[-74.265567,45.68174039],[-74.25375116,45.68820241],[-74.24914838,45.68327151],[-74.24009105,45.68713616],[-74.24231597,45.6903956],[-74.23956386,45.69196342],[-74.24187987,45.69626569],[-74.23523183,45.69692076],[-74.22625994,45.68732186],[-74.22347894,45.69937342],[-74.21177858,45.70052695],[-74.21455199,45.68684902],[-74.21020153,45.68781814],[-74.20841935,45.686962]]]},"properties":{"ADAIDU":"24760004","IDUGD":"2021S051624760004","SUPTERRE":108.6579,"PRIDU":"24"},"bbox":[-74.37992006,45.60052586,-74.2039118,45.73878601]},{"type":"Feature","geometry":{"type":"Polygon","coordinates":[[[-74.58818084,45.61487732],[-74.58631267,45.6216187],[-74.58445342,45.62570868],[-74.58321321,45.63280107],[-74.59564136,45.63409263],[-74.59722707,45.63304065],[-74.59469258,45.64186251],[-74.60000021,45.64257603],[-74.60042076,45.64080959],[-74.59827276,45.63845927],[-74.6017285,45.63809478],[-74.60283231,45.63390283],[-74.60864268,45.6347016],[-74.62076931,45.63010828],[-74.61399179,45.6248041],[-74.60989746,45.62270329],[-74.59821098,45.61801673],[-74.58818084,45.61487732]]]},"properties":{"ADAIDU":"24760005","IDUGD":"2021S051624760005","SUPTERRE":2.8172,"PRIDU":"24"},"bbox":[-74.62076931,45.61487732,-74.58321321,45.64257603]},{"type":"Feature","geometry":{"type":"MultiPolygon","coordinates":[[[[-74.29095969,45.5197967],[-74.28571731,45.52204651],[-74.29420109,45.5200082],[-74.29647599,45.5179317],[-74.29095969,45.5197967]]],[[[-74.26121188,45.52076361],[-74.26996812,45.5217488],[-74.28277101,45.5191332],[-74.28453579,45.5171684],[-74.29310459,45.5139328],[-74.2975611,45.51319991],[-74.30534241,45.509582],[-74.30580098,45.507644],[-74.29345071,45.50759551],[-74.28055,45.5103209],[-74.2764952,45.5104836],[-74.27085429,45.5097749],[-74.2596335,45.51000299],[-74.2508109,45.51061931],[-74.24734411,45.51170379],[-74.25467969,45.5118535],[-74.2560821,45.513365],[-74.25900822,45.5120498],[-74.26418371,45.51146639],[-74.26684381,45.51225851],[-74.27152939,45.5104812],[-74.2713354,45.51221031],[-74.26308401,45.51815961],[-74.2577788,45.51866289],[-74.25137119,45.51617661],[-74.25261588,45.51832801],[-74.26121188,45.52076361]]],[[[-74.24090006,45.55182574],[-74.23814762,45.56589108],[-74.23594617,45.57416278],[-74.23487916,45.57634333],[-74.23100483,45.59154817],[-74.2294945,45.60052586],[-74.25258495,45.60228335],[-74.27920148,45.60535332],[-74.28197809,45.60472996],[-74.28782689,45.61656248],[-74.2946913,45.6183836],[-74.30022281,45.6178231],[-74.30688956,45.61929885],[-74.31048979,45.62580815],[-74.31680019,45.62195579],[-74.3329106,45.61791403],[-74.34407351,45.61939095],[-74.34949227,45.61972464],[-74.36100362,45.62132073],[-74.35864253,45.62608079],[-74.37992006,45.62928965],[-74.37414663,45.64688228],[-74.36795538,45.66674753],[-74.36718069,45.67027428],[-74.3556988,45.66840381],[-74.34756904,45.66764098],[-74.33313065,45.71915807],[-74.33182704,45.72513453],[-74.3279691,45.73878601],[-74.32112907,45.76420708],[-74.31377892,45.79308154],[-74.31069956,45.81810368],[-74.31011949,45.82405338],[-74.30044554,45.82183575],[-74.27707848,45.81562085],[-74.2394147,45.80592835],[-74.23275955,45.80436282],[-74.18339262,45.79165359],[-74.18225481,45.79510879],[-74.15751072,45.78948669],[-74.14112116,45.78547779],[-74.12006695,45.78078985],[-74.1044175,45.78344461],[-74.10356086,45.78587894],[-74.10495419,45.78957108],[-74.11036755,45.79391053],[-74.11353141,45.79728931],[-74.11566714,45.79820272],[-74.11649568,45.80128714],[-74.11860565,45.80402766],[-74.11166574,45.80547056],[-74.11424199,45.80978836],[-74.12857688,45.81510985],[-74.1419544,45.81933743],[-74.17811812,45.83130102],[-74.18831298,45.83452572],[-74.22451088,45.8468258],[-74.22727931,45.84553918],[-74.22625369,45.84745528],[-74.24753857,45.85478794],[-74.26287592,45.85975954],[-74.2688915,45.85603625],[-74.2951317,45.83851878],[-74.29825372,45.83611137],[-74.30914474,45.82897953],[-74.30870026,45.83373697],[-74.31088486,45.83383945],[-74.33143272,45.83644878],[-74.38997491,45.84410302],[-74.41257269,45.84698132],[-74.41340781,45.84490804],[-74.42307283,45.8462495],[-74.42727308,45.82369249],[-74.42831547,45.81503113],[-74.43119337,45.79563558],[-74.43560897,45.77057362],[-74.4381185,45.75905579],[-74.44012611,45.75269641],[-74.47923584,45.7570053],[-74.5165571,45.76151746],[-74.5364519,45.76357707],[-74.53444915,45.77316313],[-74.5332789,45.78257475],[-74.53142453,45.79159383],[-74.52994864,45.79661179],[-74.53005574,45.80200928],[-74.52422218,45.81752907],[-74.52164034,45.82129546],[-74.51906971,45.83203543],[-74.51844387,45.83864631],[-74.51648355,45.84770991],[-74.513336,45.85882055],[-74.51245994,45.86720843],[-74.51275581,45.8714303],[-74.5086129,45.89086358],[-74.50481015,45.90365549],[-74.50163288,45.91157774],[-74.55096044,45.91626726],[-74.5675261,45.91730932],[-74.58806313,45.91975505],[-74.60262052,45.92220736],[-74.66095155,45.92787523],[-74.6685621,45.92897181],[-74.6872254,45.9304134],[-74.70853985,45.93180183],[-74.71449242,45.89829833],[-74.71881172,45.88275195],[-74.72718517,45.85151933],[-74.73511102,45.85233763],[-74.75372112,45.8013369],[-74.76258139,45.77885036],[-74.77319971,45.75450328],[-74.77977619,45.73300008],[-74.79026902,45.69672653],[-74.79863885,45.66965588],[-74.80296195,45.65376092],[-74.80765164,45.63842199],[-74.80131168,45.63918331],[-74.79333327,45.63919003],[-74.77968902,45.63799245],[-74.7696703,45.63659941],[-74.75277939,45.63358476],[-74.7361376,45.62948477],[-74.72934567,45.62832609],[-74.72408177,45.62805944],[-74.71676468,45.62846171],[-74.69147891,45.63130957],[-74.67831624,45.63245738],[-74.66122193,45.6349425],[-74.64780404,45.63785799],[-74.63806071,45.63875815],[-74.63026756,45.63700497],[-74.62553465,45.63457356],[-74.62076931,45.63010828],[-74.60864268,45.6347016],[-74.60283231,45.63390283],[-74.6017285,45.63809478],[-74.59827276,45.63845927],[-74.60042076,45.64080959],[-74.60000021,45.64257603],[-74.59469258,45.64186251],[-74.59722707,45.63304065],[-74.59564136,45.63409263],[-74.58321321,45.63280107],[-74.58445342,45.62570868],[-74.58631267,45.6216187],[-74.58818084,45.61487732],[-74.57716937,45.61156057],[-74.56278002,45.60664137],[-74.55285117,45.60189992],[-74.5395094,45.59637062],[-74.53511006,45.59483252],[-74.52605455,45.59259356],[-74.51942,45.59196625],[-74.50997013,45.59224249],[-74.49959904,45.59336738],[-74.48952484,45.59533161],[-74.4823605,45.59552152],[-74.4723664,45.59373181],[-74.46751918,45.591924],[-74.46082501,45.58872099],[-74.4433482,45.57628069],[-74.43811678,45.57354182],[-74.43231596,45.57228986],[-74.41765888,45.57078061],[-74.39890057,45.57066175],[-74.3914713,45.56936911],[-74.38405536,45.56714922],[-74.38061212,45.5697296],[-74.37657961,45.56581941],[-74.37134421,45.5644377],[-74.36470938,45.56033081],[-74.3534616,45.55264981],[-74.35032851,45.54703121],[-74.35130139,45.54615111],[-74.3501906,45.54127331],[-74.34636388,45.5345889],[-74.3453741,45.53176181],[-74.34252771,45.5280574],[-74.33925739,45.5250851],[-74.3373254,45.5268899],[-74.33806079,45.52381601],[-74.33540121,45.51710469],[-74.33485231,45.51374329],[-74.33292799,45.51257859],[-74.3246818,45.509687],[-74.31794889,45.50872751],[-74.31379591,45.50916209],[-74.31002989,45.51070959],[-74.30576501,45.51408721],[-74.29873091,45.51717811],[-74.3062819,45.51532529],[-74.31360351,45.5126909],[-74.31637799,45.5124911],[-74.32747259,45.51497581],[-74.33078119,45.51889311],[-74.32909161,45.5223787],[-74.32662678,45.5236564],[-74.32168798,45.523818],[-74.32239368,45.52481181],[-74.32146509,45.52874169],[-74.32212759,45.53114861],[-74.31846581,45.5329025],[-74.314538,45.53310159],[-74.30735449,45.5321537],[-74.3057366,45.5291327],[-74.30745969,45.52876971],[-74.3104812,45.5260937],[-74.30737951,45.52584571],[-74.30080671,45.5227516],[-74.2927858,45.52313139],[-74.29224219,45.52453],[-74.28731932,45.52677759],[-74.2785758,45.52733892],[-74.27480033,45.54490043],[-74.26735171,45.54551594],[-74.26715541,45.54929066],[-74.26294448,45.55148599],[-74.25593378,45.5521104],[-74.24725658,45.55411398],[-74.24090006,45.55182574]]]]},"properties":{"ADAIDU":"24760111","IDUGD":"2021S051624760111","SUPTERRE":1033.1717,"PRIDU":"24"},"bbox":[-74.80765164,45.50759551,-74.10356086,45.93180183]},{"type":"Feature","geometry":{"type":"Polygon","coordinates":[[[-74.26287592,45.85975954],[-74.25684286,45.86423462],[-74.25057233,45.86828237],[-74.23908929,45.87651611],[-74.23102912,45.88319316],[-74.21500601,45.89416703],[-74.20365745,45.90276221],[-74.19196239,45.91098734],[-74.20473026,45.92040096],[-74.20565034,45.9197497],[-74.22563248,45.93435956],[-74.24659056,45.9486486],[-74.27283114,45.9663721],[-74.2701236,45.97984059],[-74.26406698,46.00021906],[-74.28732532,46.00353548],[-74.31753926,46.00808989],[-74.34971979,46.01243641],[-74.38526272,46.01657002],[-74.4078871,46.01868947],[-74.4126298,46.01892376],[-74.4150971,46.00981394],[-74.42264682,45.97952934],[-74.42699551,45.96107935],[-74.43046977,45.94807333],[-74.43411583,45.93331774],[-74.44162019,45.90557632],[-74.45738656,45.90743676],[-74.45297233,45.92689686],[-74.47615704,45.92928967],[-74.48071594,45.91266991],[-74.50020596,45.91513476],[-74.50163288,45.91157774],[-74.50481015,45.90365549],[-74.5086129,45.89086358],[-74.51275581,45.8714303],[-74.51245994,45.86720843],[-74.513336,45.85882055],[-74.51648355,45.84770991],[-74.51844387,45.83864631],[-74.51906971,45.83203543],[-74.52164034,45.82129546],[-74.52422218,45.81752907],[-74.53005574,45.80200928],[-74.52994864,45.79661179],[-74.53142453,45.79159383],[-74.5332789,45.78257475],[-74.53444915,45.77316313],[-74.5364519,45.76357707],[-74.5165571,45.76151746],[-74.47923584,45.7570053],[-74.44012611,45.75269641],[-74.4381185,45.75905579],[-74.43560897,45.77057362],[-74.43119337,45.79563558],[-74.42831547,45.81503113],[-74.42727308,45.82369249],[-74.42307283,45.8462495],[-74.41340781,45.84490804],[-74.41257269,45.84698132],[-74.38997491,45.84410302],[-74.33143272,45.83644878],[-74.31088486,45.83383945],[-74.30870026,45.83373697],[-74.30914474,45.82897953],[-74.29825372,45.83611137],[-74.2951317,45.83851878],[-74.2688915,45.85603625],[-74.26287592,45.85975954]]]},"properties":{"ADAIDU":"24770003","IDUGD":"2021S051624770003","SUPTERRE":353.5077,"PRIDU":"24"},"bbox":[-74.5364519,45.75269641,-74.19196239,46.01892376]},{"type":"Feature","geometry":{"type":"Polygon","coordinates":[[[-74.09291523,45.93733318],[-74.09986663,45.9324047],[-74.11069189,45.92536934],[-74.12691834,45.91427553],[-74.13919044,45.92359958],[-74.14077248,45.9204469],[-74.13918017,45.91904523],[-74.14454439,45.917119],[-74.14880895,45.91303023],[-74.15398779,45.91318759],[-74.14898819,45.91000536],[-74.15341092,45.90689179],[-74.14219562,45.89866025],[-74.14330021,45.89721607],[-74.14064052,45.89550871],[-74.14218272,45.89469914],[-74.14893754,45.88872773],[-74.13870268,45.88191613],[-74.14232297,45.87948433],[-74.13340477,45.87350227],[-74.15524454,45.85829648],[-74.18528547,45.8363995],[-74.18831298,45.83452572],[-74.17811812,45.83130102],[-74.1419544,45.81933743],[-74.13415956,45.82467304],[-74.12613377,45.83144151],[-74.12334919,45.83112945],[-74.12289858,45.82962513],[-74.10805255,45.83129762],[-74.1057438,45.82803757],[-74.09115071,45.83066183],[-74.09277199,45.83121433],[-74.09390472,45.83819752],[-74.0931269,45.83937925],[-74.08881527,45.83989938],[-74.09073067,45.84704933],[-74.09817566,45.84625405],[-74.10098922,45.84852919],[-74.10466183,45.8481688],[-74.11185874,45.85741296],[-74.10164867,45.85847048],[-74.10188571,45.86039996],[-74.09949881,45.86236926],[-74.10509635,45.86462056],[-74.09744427,45.8652682],[-74.09901762,45.8696791],[-74.1023886,45.86927798],[-74.10172953,45.87214496],[-74.09919005,45.8752959],[-74.10168552,45.87642091],[-74.10942409,45.87693901],[-74.11042415,45.87858188],[-74.1015259,45.8809017],[-74.10119583,45.88264116],[-74.09411771,45.8812841],[-74.09091511,45.88179561],[-74.0886706,45.8803135],[-74.08863805,45.87877572],[-74.07968137,45.88113256],[-74.08737698,45.88659077],[-74.08486244,45.88841784],[-74.08023397,45.88549775],[-74.07389497,45.8899252],[-74.08262305,45.89595978],[-74.08011084,45.89768595],[-74.08327474,45.89991789],[-74.07642241,45.90478253],[-74.08653489,45.9116084],[-74.09272709,45.91738791],[-74.07773709,45.92749283],[-74.09291523,45.93733318]]]},"properties":{"ADAIDU":"24770004","IDUGD":"2021S051624770004","SUPTERRE":49.0071,"PRIDU":"24"},"bbox":[-74.18831298,45.81933743,-74.07389497,45.93733318]},{"type":"Feature","geometry":{"type":"Polygon","coordinates":[[[-74.18831298,45.83452572],[-74.18528547,45.8363995],[-74.15524454,45.85829648],[-74.13340477,45.87350227],[-74.14232297,45.87948433],[-74.13870268,45.88191613],[-74.14893754,45.88872773],[-74.14218272,45.89469914],[-74.14064052,45.89550871],[-74.14330021,45.89721607],[-74.14219562,45.89866025],[-74.15341092,45.90689179],[-74.14898819,45.91000536],[-74.15398779,45.91318759],[-74.15840278,45.91642281],[-74.16099716,45.91442556],[-74.16240292,45.9153686],[-74.16482909,45.9136771],[-74.17695477,45.9215274],[-74.19196239,45.91098734],[-74.20365745,45.90276221],[-74.21500601,45.89416703],[-74.23102912,45.88319316],[-74.23908929,45.87651611],[-74.25057233,45.86828237],[-74.25684286,45.86423462],[-74.26287592,45.85975954],[-74.24753857,45.85478794],[-74.22625369,45.84745528],[-74.22727931,45.84553918],[-74.22451088,45.8468258],[-74.18831298,45.83452572]]]},"properties":{"ADAIDU":"24770005","IDUGD":"2021S051624770005","SUPTERRE":47.6174,"PRIDU":"24"},"bbox":[-74.26287592,45.83452572,-74.13340477,45.9215274]},{"type":"Feature","geometry":{"type":"Polygon","coordinates":[[[-74.07615946,46.11785743],[-74.0839786,46.11285137],[-74.11197919,46.0936834],[-74.12325935,46.08598468],[-74.12950549,46.08202095],[-74.15931366,46.06124974],[-74.16810223,46.05534716],[-74.15055671,46.04376647],[-74.12868345,46.0278921],[-74.12375082,46.02472179],[-74.14961345,46.00699026],[-74.14459761,46.00294999],[-74.16326405,45.99144867],[-74.16644317,45.99025751],[-74.17350778,45.98581448],[-74.17010548,45.98325157],[-74.17346003,45.98110839],[-74.17965103,45.98545052],[-74.18104262,45.98465242],[-74.18664602,45.98924062],[-74.20354655,45.97805021],[-74.22257926,45.96343964],[-74.24659056,45.9486486],[-74.22563248,45.93435956],[-74.20565034,45.9197497],[-74.20473026,45.92040096],[-74.19196239,45.91098734],[-74.17695477,45.9215274],[-74.16482909,45.9136771],[-74.16240292,45.9153686],[-74.16099716,45.91442556],[-74.15840278,45.91642281],[-74.15398779,45.91318759],[-74.14880895,45.91303023],[-74.14454439,45.917119],[-74.13918017,45.91904523],[-74.14077248,45.9204469],[-74.13919044,45.92359958],[-74.12691834,45.91427553],[-74.11069189,45.92536934],[-74.09986663,45.9324047],[-74.09291523,45.93733318],[-74.08876269,45.94030374],[-74.06941153,45.95164615],[-74.06819294,45.95084174],[-74.05310633,45.96052135],[-74.03453124,45.97454156],[-74.00707394,45.9940108],[-74.00212522,45.99776529],[-73.97965919,46.01479906],[-74.00431124,46.03274562],[-73.99227482,46.04192289],[-73.96625696,46.06099203],[-73.96050325,46.06501447],[-73.97430444,46.07462828],[-73.98780409,46.08479579],[-74.00266801,46.09577595],[-74.01272524,46.08944752],[-74.01321326,46.08816487],[-74.01756844,46.08652203],[-74.02719775,46.07946033],[-74.04454279,46.09412423],[-74.05281642,46.0992716],[-74.06211768,46.10608716],[-74.07615946,46.11785743]]]},"properties":{"ADAIDU":"24770111","IDUGD":"2021S051624770111","SUPTERRE":223.8508,"PRIDU":"24"},"bbox":[-74.24659056,45.91098734,-73.96050325,46.11785743]}],"bbox":[-74.88863101,44.99114317,-72.31440105,47.76306464]}